BondCode,BondName,Issuer,Term,CreditRating
111015,01三峡10,中国长江电力股份有限公司,10,AAA
111016,01广核债,中国广核集团有限公司,7,AAA
111017,02电网3,国家电力公司,3,AAA
111018,02电网15,国家电力公司,15,AAA
111019,02广核债,中国广核集团有限公司,15,AAA
111020,03华能1,中国华能集团公司,10,AAA
111021,03华能2,中国华能集团公司,10,AAA
111022,04首旅债,北京首都旅游集团有限责任公司,10,AAA
111024,04华电1,中国华电集团公司,10,AAA
111025,04华电2,中国华电集团公司,10,AAA
111026,05粤交通,广东省交通集团有限公司,15,AAA
111027,03石油债,中国石油天然气股份有限公司,10,AAA
111028,05神华债,神华集团有限责任公司,7,AAA
111029,06豫投债,河南投资集团有限公司,10,AAA
111030,05泰达债,天津泰达投资控股有限公司,10,AAA
111031,06鄂能债,湖北省能源集团有限公司,10,AAA
111032,06鲁能债,鲁能集团有限公司,15,AAA
111035,06节能债,中国节能环保集团公司,10,AAA
111037,08昆建债,昆明市城建投资开发有限责任公司,5,AA
111038,08西基投,西安城市基础设施建设投资集团有限公司,5,AA
111039,ST奈伦债,内蒙古奈伦集团股份有限公司,7,AA
111040,08甬交投,宁波交通投资控股有限公司,5,AA
111041,08铁岭债,铁岭公共资产投资运营有限公司,7,AA
111042,08嘉城投,嘉兴城市建设投资有限公司,7,AA+
111043,08湘有色,湖南有色金属控股集团有限公司,10,AA+
111044,08吉高速,吉林省高速公路集团有限公司,5,AA
111045,08西城投,西宁城市投资管理有限公司,7,AA
111046,08东特债,东北特殊钢集团有限责任公司,7,AA
111047,08长兴债,长兴交通投资集团有限公司,7,AA
111048,09渝水投,重庆市水利投资(集团)有限公司,7,AA
111049,09绍水务,绍兴市水务集团有限公司,7,AA+
111050,09华菱债,湖南华菱钢铁集团有限责任公司,10,AA+
111051,09怀化债,怀化市城市建设投资有限公司,10,AA
111052,09哈城投,哈尔滨市城市建设投资集团有限公司,10,AA
111053,09许继债,许继集团有限公司,6,AA
111055,09华西债,江苏华西集团公司,7,AA
111056,09湖交投,湖州市交通投资集团有限公司,7,AA+
111057,09兖城投,济宁市兖州区惠民城建投资有限公司,7,AA
111058,09黄城投,黄石市城市建设投资开发有限责任公司,8,AA+
111059,09宿建投,宿州市城市建设投资集团(控股)有限公司,7,AA+
111060,10佳城投,佳木斯市新时代城市基础设施建设投资(集团)有限公司,7,AA+
111062,10并高铁,太原市高速铁路投资有限公司,10,AA+
111063,11富阳债,富阳市城市建设投资集团有限公司,7,AA
111064,ST长交债,长兴交通投资集团有限公司,7,AA
111068,16清新G1,北京清新环境技术股份有限公司,5,AA
111069,16格林G1,格林美股份有限公司,7,AA
111070,17恒逸01,浙江恒逸集团有限公司,7,AA
111071,18河钢G1,河钢股份有限公司,5,AAA
111072,18美尚01,美尚生态景观股份有限公司,7,AAA
111073,18投控01,深圳市投资控股有限公司,10,AAA
111074,18投控02,深圳市投资控股有限公司,5,AAA
111075,18亚迪G1,比亚迪股份有限公司,5,AAA
111076,19新兴G1,新兴铸管股份有限公司,5,AA+
111077,19深能G1,深圳能源集团股份有限公司,10,AAA
111078,19新兴G2,新兴铸管股份有限公司,5,AA+
111079,19恒逸债,浙江恒逸集团有限公司,7,AA+
111080,18恒逸债,浙江恒逸集团有限公司,7,AA+
111081,19兴蓉G1,成都市兴蓉环境股份有限公司,5,AAA
111082,19木森G1,木林森股份有限公司,5,AA
111083,19亚迪G1,比亚迪股份有限公司,5,AAA
111084,19深能G2,深圳能源集团股份有限公司,10,AAA
111085,19芜专01,芜湖市投资控股集团有限公司,7,AA+
111086,19华发债,珠海华发集团有限公司,10,AAA
111087,19兴蓉G2,成都市兴蓉环境股份有限公司,5,AAA
111088,20华发债,珠海华发集团有限公司,10,AAA
111089,20芜专01,芜湖市投资控股集团有限公司,7,AA+
111090,20SZMC01,深圳市地铁集团有限公司,7,AAA
111091,20SZMC02,深圳市地铁集团有限公司,3,AAA
111092,20SZMC03,深圳市地铁集团有限公司,3,AAA
111093,20珠华02,珠海华发集团有限公司,10,AAA
111094,20SZMC04,深圳市地铁集团有限公司,3,AAA
111095,20SZMC05,深圳市地铁集团有限公司,3,AAA
111096,20SZMC06,深圳市地铁集团有限公司,3,AAA
111097,20SZMC07,深圳市地铁集团有限公司,3,AAA
111098,20桂资01,广西投资集团有限公司,5,AAA
111099,20SZMC08,深圳市地铁集团有限公司,3,AAA
111100,20川交01,蜀道投资集团有限责任公司,5,AAA
111101,21SZMC01,深圳市地铁集团有限公司,3,AAA
111102,21SZMC02,深圳市地铁集团有限公司,5,AAA
111103,21粤能01,广东省能源集团有限公司,3,AAA
111104,21SZMC03,深圳市地铁集团有限公司,3,AAA
111105,21SZMC04,深圳市地铁集团有限公司,5,AAA
111106,21SZMC05,深圳市地铁集团有限公司,3,AAA
111107,21SZMC06,深圳市地铁集团有限公司,5,AAA
111108,22SZMC01,深圳市地铁集团有限公司,3,AAA
111109,22横琴01,珠海大横琴集团有限公司,5,AAA
111110,22横琴02,珠海大横琴集团有限公司,10,AAA
111111,22仲恺债,惠州仲恺城市发展集团有限公司,7,AA
111112,22珠华01,珠海华发集团有限公司,5,AAA
111113,23杭高01,杭州高新国有控股集团有限公司,7,AAA
111114,24穗铁01,广州地铁集团有限公司,15,AAA
111115,24杭高02,杭州高新国有控股集团有限公司,7,nan
111116,24穗铁02,广州地铁集团有限公司,15,AAA
112001,08粤电债,广东电力发展股份有限公司,7,AAA
112002,08中联债,中联重科股份有限公司,8,AA
112003,08泰达债,天津泰达股份有限公司,5,AA+
112004,08中粮债,中粮地产(集团)股份有限公司,10,AAA
112005,08万科G1,万科企业股份有限公司,5,AAA
112006,08万科G2,万科企业股份有限公司,5,AA+
112007,09金街01,金融街控股股份有限公司,3,AA+
112008,09金街02,金融街控股股份有限公司,5,AA+
112009,09粤高债,广东省高速公路发展股份有限公司,5,AAA
112010,09西煤债,山西西山煤电股份有限公司,5,AAA
112011,09东药债,东北制药集团股份有限公司,5,AA
112012,09美好债,美好置业集团股份有限公司,5,AA+
112013,09亿城债,亿城投资集团股份有限公司,5,AA-
112014,ST银基债,银基烯碳新材料股份有限公司,6,AA
112015,09泛海债,泛海控股股份有限公司,5,AA
112016,09宏润债,宏润建设集团股份有限公司,5,AA
112017,09希望债,新希望六和股份有限公司,5,AA+
112018,09津滨债,天津津滨发展股份有限公司,5,AA
112019,09宜化债,湖北宜化化工股份有限公司,10,AA
112020,10大亚债,大亚科技股份有限公司,5,AA
112021,10南玻01,中国南玻集团股份有限公司,5,AA+
112022,10南玻02,中国南玻集团股份有限公司,7,AA+
112023,10煤气01,太原煤气化股份有限公司,5,AA+
112024,10煤气02,太原煤气化股份有限公司,7,AA+
112025,11珠海债,珠海港股份有限公司,8,AA
112026,11新兴01,新兴铸管股份有限公司,5,AAA
112027,11新兴02,新兴铸管股份有限公司,10,AAA
112028,11冀能债,冀中能源股份有限公司,5,AAA
112029,11软控债,软控股份有限公司,5,AA
112030,11鲁西债,鲁西化工集团股份有限公司,7,AA
112031,11晨鸣债,山东晨鸣纸业集团股份有限公司,5,AA+
112032,11柳工01,广西柳工机械股份有限公司,5,AAA
112033,11柳工02,广西柳工机械股份有限公司,7,AAA
112034,11陕气债,陕西省天然气股份有限公司,8,AA+
112035,11国脉债,国脉科技股份有限公司,7,AA
112036,11三钢01,福建三钢闽光股份有限公司,7,AA
112037,11万方债,焦作万方铝业股份有限公司,5,AA
112038,11锡业债,云南锡业股份有限公司,7,AA+
112039,11黔轮债,贵州轮胎股份有限公司,6,AA
112040,11建能债,河北建投能源投资股份有限公司,6,AAA
112041,11冀东01,唐山冀东水泥股份有限公司,7,AA+
112042,11东控01,东莞发展控股股份有限公司,3,AA
112043,11东控02,东莞发展控股股份有限公司,5,AA+
112044,11中泰01,新疆中泰化学股份有限公司,7,AA+
112045,11宗申债,重庆宗申动力机械股份有限公司,6,AA
112046,11华孚01,华孚色纺股份有限公司,5,AA
112047,11海大债,广东海大集团股份有限公司,5,AA
112048,11凯迪债,凯迪生态环境科技股份有限公司,7,AA
112049,11安泰01,安泰科技股份有限公司,5,AA
112050,11报喜01,浙江报喜鸟服饰股份有限公司,5,AA
112051,11报喜02,浙江报喜鸟服饰股份有限公司,7,AA
112052,11许继债,许继电气股份有限公司,7,AA
112053,11新筑债,成都市新筑路桥机械股份有限公司,5,AA
112054,11鄂能债,湖北能源集团股份有限公司,3,AA+
112055,11徐工01,徐工集团工程机械股份有限公司,5,AAA
112056,11远兴债,内蒙古远兴能源股份有限公司,5,AA
112057,11东磁债,横店集团东磁股份有限公司,5,AA+
112058,11中粮01,中粮生物化学(安徽)股份有限公司,5,AA
112059,11联化债,联化科技股份有限公司,7,AA
112060,12金风01,新疆金风科技股份有限公司,3,AA+
112061,11超日债,协鑫集成科技股份有限公司,5,AA
112062,12新都债,成都云图控股股份有限公司,5,AA
112063,11常山债,石家庄常山纺织股份有限公司,3,AA
112064,12隆平债,袁隆平农业高科技股份有限公司,5,AA
112065,12柳工债,广西柳工机械股份有限公司,5,AAA
112066,11西建债,新疆西部建设股份有限公司,5,AA
112067,11冀东02,唐山冀东水泥股份有限公司,8,AA+
112068,11棕榈债,棕榈生态城镇发展股份有限公司,5,AA
112069,12明牌债,浙江明牌珠宝股份有限公司,5,AA
112070,12中泰债,新疆中泰化学股份有限公司,7,AA+
112071,11智光债,广州智光电气股份有限公司,5,AA
112072,ST湘鄂债,中科云网科技集团股份有限公司,5,AA
112073,ST三钢02,福建三钢闽光股份有限公司,7,AA
112074,12华茂债,安徽华茂纺织股份有限公司,5,AA
112075,12雅致01,深圳市新南山控股(集团)股份有限公司,5,AA+
112076,12雅致02,深圳市新南山控股(集团)股份有限公司,7,AA+
112077,12天沃债,苏州天沃科技股份有限公司,5,AA
112078,12太钢01,山西太钢不锈钢股份有限公司,5,AAA
112079,12长安债,重庆长安汽车股份有限公司,5,AAA
112080,12万向债,万向钱潮股份有限公司,5,AA+
112081,11新野01,河南新野纺织股份有限公司,5,AA
112082,11赤湾01,深圳赤湾港航股份有限公司,5,AA+
112083,11国星债,佛山市国星光电股份有限公司,5,AA
112084,ST万家债,广东万家乐股份有限公司,5,AA
112086,12圣农01,福建圣农发展股份有限公司,6,AA
112087,12中富01,珠海中富实业股份有限公司,3,AA
112088,12富春01,浙江富春江环保热电股份有限公司,5,AA
112089,12万丰01,浙江万丰奥威汽轮股份有限公司,5,AA
112090,12中兴01,中兴通讯股份有限公司,3,AAA
112092,12海药债,海南海药股份有限公司,5,AA
112093,11亚迪01,比亚迪股份有限公司,5,AA+
112094,11中利债,江苏中利集团股份有限公司,5,AA+
112095,12康盛债,浙江康盛股份有限公司,5,AA-
112096,12国创债,湖北国创高新材料股份有限公司,5,AA+
112097,12亚厦债,浙江亚厦装饰股份有限公司,5,AA
112098,11新野02,河南新野纺织股份有限公司,5,AA
112099,12乐视02,乐视网信息技术(北京)股份有限公司,3,AA-
112100,12盾安债,浙江盾安人工环境股份有限公司,5,AA
112101,12安泰债,安泰科技股份有限公司,5,AA
112102,12大康债,湖南大康国际农业食品股份有限公司,5,AA
112103,12海型债,芜湖海螺型材科技股份有限公司,5,AAA
112104,12太钢02,山西太钢不锈钢股份有限公司,3,AAA
112106,12太钢03,山西太钢不锈钢股份有限公司,5,AAA
112107,12云内债,昆明云内动力股份有限公司,6,AA+
112108,12舜天债,江苏舜天船舶股份有限公司,7,AAA
112109,ST南糖债,南宁糖业股份有限公司,7,AA
112110,ST东锆债,广东东方锆业科技股份有限公司,7,AA
112111,12深机01,深圳市机场股份有限公司,3,AAA
112112,12江泥01,江西万年青水泥股份有限公司,5,AA
112113,12冀东01,唐山冀东水泥股份有限公司,5,AA+
112114,12冀东02,唐山冀东水泥股份有限公司,7,AA+
112115,12冀东03,唐山冀东水泥股份有限公司,10,AA+
112116,12中桥债,江苏中泰桥梁钢构股份有限公司,5,AA
112117,12福发债,航天工业发展股份有限公司,6,AA
112118,12金螳01,苏州金螳螂建筑装饰股份有限公司,5,AA+
112119,12恒邦债,山东恒邦冶炼股份有限公司,5,AA
112120,12联发债,江苏联发纺织股份有限公司,5,AA
112121,12景兴债,浙江景兴纸业股份有限公司,7,AA
112122,12建峰债,重庆建峰化工股份有限公司,7,AA
112123,12中山01,中山公用事业集团股份有限公司,7,AA+
112124,11徐工02,徐工集团工程机械股份有限公司,5,AAA
112125,ST海翔债,浙江海翔药业股份有限公司,3,AA-
112126,12科伦01,四川科伦药业股份有限公司,5,AA+
112127,12华西债,华西能源工业股份有限公司,5,AA
112128,12湘金01,湖南辰州矿业股份有限公司,7,AA+
112129,ST华锦债,北方华锦化学工业股份有限公司,5,AA+
112130,12华包债,佛山华新包装股份有限公司,5,AA
112131,ST露笑债,露笑科技股份有限公司,3,AA
112133,12亚夏债,亚夏汽车股份有限公司,5,AA
112134,12合兴债,厦门合兴包装印刷股份有限公司,5,AA
112135,12蓝标01,北京蓝色光标品牌管理顾问股份有限公司,3,AA
112136,12勤上01,东莞勤上光电股份有限公司,7,AA
112137,12康得债,康得新复合材料集团股份有限公司,5,AA
112138,12苏宁01,苏宁云商集团股份有限公司,5,AAA
112139,12北新债,新疆北新路桥集团股份有限公司,6,AA
112140,12基地债,深圳赤湾石油基地股份有限公司,7,AA+
112141,12金王债,青岛金王应用化学股份有限公司,5,AA-
112142,12格林债,深圳市格林美高新技术股份有限公司,8,AA
112143,12粤电01,广东水电二局股份有限公司,6,AA
112144,12晨鸣债,山东晨鸣纸业集团股份有限公司,5,AA+
112145,13荣信01,梦网荣信科技集团股份有限公司,5,AA
112146,12希努01,希努尔男装股份有限公司,5,AA
112148,12光电债,中航光电科技股份有限公司,5,AA+
112149,12芭田债,深圳市芭田生态工程股份有限公司,5,AA
112150,12银轮债,浙江银轮机械股份有限公司,5,AA
112151,13秦川债,陕西秦川机械发展股份有限公司,5,AA
112152,12亚达债,飞亚达(集团)股份有限公司,5,AA+
112153,12科伦02,四川科伦药业股份有限公司,5,AA+
112154,12盐湖01,青海盐湖工业股份有限公司,7,AAA
112155,ST正邦债,江西正邦科技股份有限公司,5,AA
112156,12中顺债,中顺洁柔纸业股份有限公司,5,AA
112157,12科陆01,深圳市科陆电子科技股份有限公司,5,AA
112158,12民生债,西安民生集团股份有限公司,3,AA
112159,12金刚债,广东金刚玻璃科技股份有限公司,3,A+
112160,ST毅昌01,广州毅昌科技股份有限公司,5,AA
112161,13传化债,传化智联股份有限公司,5,AA
112162,12粤电债,广东电力发展股份有限公司,7,AAA
112163,ST黑牛债,黑牛食品股份有限公司,5,AA
112164,12河钢01,河北钢铁股份有限公司,3,AAA
112165,12德豪债,广东德豪润达电气股份有限公司,5,AA
112166,12河钢02,河钢股份有限公司,5,AAA
112167,12莱士债,上海莱士血液制品股份有限公司,5,AA
112168,ST三维债,三维通信股份有限公司,5,AA
112169,ST中财债,北京中科金财科技股份有限公司,5,AA
112170,12濮耐01,濮阳濮耐高温材料(集团)股份有限公司,5,AA
112171,12久联债,贵州久联民爆器材发展股份有限公司,7,AA
112172,13普邦债,广州普邦园林股份有限公司,5,AA
112173,ST南港债,南京港股份有限公司,5,AA
112174,13广田01,深圳广田集团股份有限公司,5,AA
112175,13三九01,华润三九医药股份有限公司,5,AA+
112176,ST大立债,浙江大立科技股份有限公司,3,AA+
112177,13围海债,浙江省围海建设集团股份有限公司,5,AA-
112178,ST墨龙01,山东墨龙石油机械股份有限公司,3,AA
112179,13南洋债,南洋天融信科技集团股份有限公司,7,AA
112180,12奥飞债,奥飞娱乐股份有限公司,5,AA
112188,13渤租债,渤海金控投资股份有限公司,5,AA+
112189,12瑞泽债,海南瑞泽新型建材股份有限公司,5,AA+
112190,11亚迪02,比亚迪股份有限公司,5,AA+
112192,13赤湾01,深圳赤湾港航股份有限公司,5,AA+
112193,13美邦01,上海美特斯邦威服饰股份有限公司,5,AA
112196,13苏宁债,苏宁易购集团股份有限公司,6,AAA
112198,14欧菲债,深圳欧菲光科技股份有限公司,3,AA
112199,14铁岭债,铁岭新城投资控股股份有限公司,5,AA
112201,14机电01,中航工业机电系统股份有限公司,5,AAA
112202,14嘉杰债,上海嘉麟杰纺织品股份有限公司,5,AAA
112203,14北农债,北京大北农科技集团股份有限公司,5,AA+
112204,14好想债,好想你健康食品股份有限公司,5,AA
112207,14锦龙债,广东锦龙发展股份有限公司,3,AA
112208,14华邦01,华邦生命健康股份有限公司,5,AA
112209,14雏鹰债,雏鹰农牧集团股份有限公司,5,AA-
112210,14金禾债,安徽金禾实业股份有限公司,3,AA
112211,14搜特01,搜于特集团股份有限公司,5,AA
112212,14中山债,中山公用事业集团股份有限公司,3,AA+
112213,14中超债,江苏中超控股股份有限公司,5,AA
112214,14杰赛债,广州杰赛科技股份有限公司,5,AA
112215,14万马01,浙江万马股份有限公司,5,AA
112216,14欣旺01,欣旺达电子股份有限公司,5,AA-
112217,14东江01,东江环保股份有限公司,5,AA
112219,14渝发债,重庆渝开发股份有限公司,5,AAA
112220,14福星01,湖北福星科技股份有限公司,5,AA
112221,14万里债,浙江万里扬股份有限公司,5,AA
112222,14荣盛债,荣盛石化股份有限公司,3,AA
112223,14江泥01,江西万年青水泥股份有限公司,5,AA
112224,14兴蓉01,成都市兴蓉环境股份有限公司,5,AA+
112225,14恒运01,广州恒运企业集团股份有限公司,5,AA
112226,14科陆01,深圳市科陆电子科技股份有限公司,5,AA
112227,14利源债,吉林利源精制股份有限公司,5,AA
112228,14怡亚债,深圳市怡亚通供应链股份有限公司,5,AA
112229,14白药01,云南白药集团股份有限公司,7,AAA
112230,14司尔01,安徽省司尔特肥业股份有限公司,5,AA
112231,14金贵债,郴州市金贵银业股份有限公司,5,AA
112233,14漳发债,福建漳州发展股份有限公司,5,AA
112234,14中弘债,中弘控股股份有限公司,3,AA-
112235,15福星01,湖北福星科技股份有限公司,5,AA
112236,15本钢01,本钢板材股份有限公司,3,AAA
112237,15辉煌01,河南辉煌科技股份有限公司,3,AA-
112238,15振业债,深圳市振业(集团)股份有限公司,3,AA
112239,15沃尔债,深圳市沃尔核材股份有限公司,3,AA+
112240,15华联债,新华联文化旅游发展股份有限公司,7,AA+
112241,15广田债,深圳广田集团股份有限公司,5,AA
112242,15岭南债,岭南园林股份有限公司,5,AA+
112243,15东旭债,东旭光电科技股份有限公司,5,AA
112245,15顺鑫01,北京顺鑫农业股份有限公司,5,AA
112246,15金一债,北京金一文化发展股份有限公司,3,AA
112247,15华东债,华东医药股份有限公司,5,AA+
112249,15博彦债,博彦科技股份有限公司,3,AA
112250,15云旅债,云南旅游股份有限公司,3,AA
112251,15恒运债,广州恒运企业集团股份有限公司,5,AA
112252,15鄂能01,湖北能源集团股份有限公司,5,AAA
112253,15荣盛01,荣盛房地产发展股份有限公司,5,AA+
112254,15湘金01,湖南黄金股份有限公司,3,AA+
112255,15濮耐01,濮阳濮耐高温材料(集团)股份有限公司,5,AA
112256,15天保01,天津天保基建股份有限公司,5,AA+
112257,15荣盛02,荣盛房地产发展股份有限公司,4,AA+
112258,15荣盛03,荣盛房地产发展股份有限公司,5,AA+
112259,15甘电债,甘肃电投能源发展股份有限公司,5,AAA
112260,15阳房01,阳光城集团股份有限公司,5,AA
112261,15星辉债,星辉互动娱乐股份有限公司,5,AA
112262,15荣安债,荣安地产股份有限公司,5,AA
112263,15中房债,中房地产股份有限公司,5,AAA
112264,15亚迪01,比亚迪股份有限公司,3,AA+
112265,15中环债,天津中环半导体股份有限公司,5,AA
112266,15利尔01,北京利尔高温材料股份有限公司,5,AA
112267,15阳房02,阳光城集团股份有限公司,5,AA
112268,15东华01,东华能源股份有限公司,5,AA
112269,15涪陵01,重庆市涪陵国有资产投资经营集团有限公司,5,AA+
112270,15华邦债,华邦生命健康股份有限公司,5,AA
112271,15中粮01,大悦城控股集团股份有限公司,5,AA+
112272,15金科01,金科地产集团股份有限公司,5,AA
112273,15金街01,金融街控股股份有限公司,6,AAA
112274,15金街02,金融街控股股份有限公司,10,AAA
112275,15搜特债,搜于特集团股份有限公司,5,AA
112276,15金鸿债,金鸿控股集团股份有限公司,5,AA
112277,15金街03,金融街控股股份有限公司,7,AAA
112279,15渤租01,渤海租赁股份有限公司,5,AA+
112280,15东华02,东华能源股份有限公司,5,AA
112281,15中洲债,深圳市中洲投资控股股份有限公司,3,AA
112284,15渤租02,渤海租赁股份有限公司,5,AA+
112285,15万科01,万科企业股份有限公司,5,AAA
112286,15海伟01,河北海伟交通设施集团有限公司,5,AA
112287,15海投债,海航投资集团股份有限公司,3,AA+
112288,15证通01,深圳市证通电子股份有限公司,5,AA+
112289,15顺鑫02,北京顺鑫农业股份有限公司,5,AA
112290,15证通02,深圳市证通电子股份有限公司,5,AA+
112291,15渝外贸,重庆对外经贸(集团)有限公司,5,AA
112292,16冀中01,冀中能源股份有限公司,5,AAA
112293,15深爱01,深圳市爱施德股份有限公司,3,AA
112294,15海伟02,河北海伟交通设施集团有限公司,5,AA
112295,15司尔债,安徽省司尔特肥业股份有限公司,5,AA
112297,15粤科债,广东省粤科金融集团有限公司,7,AA+
112299,15中利债,江苏中利集团股份有限公司,5,AA
112300,15立业债,深圳市立业集团有限公司,5,AA
112301,15中武债,中国武夷实业股份有限公司,7,AA
112302,15东网债,东方网力科技股份有限公司,3,AA+
112303,15京威债,北京威卡威汽车零部件股份有限公司,2,AA
112304,15长影01,长影集团有限责任公司,5,AA
112305,15长影02,长影集团有限责任公司,5,AA
112306,15泛控01,泛海控股股份有限公司,5,AA
112307,15投资01,信达投资有限公司,8,AA+
112308,15银亿01,银亿股份有限公司,5,AA
112309,15花样02,花样年集团(中国)有限公司,5,AA
112310,16美的债,美的置业集团有限公司,3,AA+
112311,16昆仑01,浙江昆仑控股集团有限公司,3,AA
112312,16徐工01,徐工集团工程机械股份有限公司,5,AAA
112313,16铁汉01,深圳市铁汉生态环境股份有限公司,5,AA
112314,16华南01,华南国际工业原料城深圳有限公司,3,AA+
112315,16宝龙债,上海宝龙实业发展(集团)有限公司,5,AA
112316,16航空债,海航航空集团有限公司,5,AA+
112317,16太安01,太安堂集团有限公司,5,AA
112318,16白药01,云南白药控股有限公司,5,AAA
112320,16蓝标债,北京蓝色光标数据科技股份有限公司,5,AA
112321,16龙基01,龙光交通集团有限公司,5,AA
112322,16涪陵01,重庆市涪陵国有资产投资经营集团有限公司,5,AA+
112323,16投资01,信达投资有限公司,8,AA+
112324,16高鸿债,大唐高鸿数据网络技术股份有限公司,5,AA
112325,16中南01,江苏中南建设集团股份有限公司,5,AA+
112326,16中弘01,中弘控股股份有限公司,5,AA
112327,央宝06A1,华宝证券股份有限公司,3.04,AAA
112328,16曲文01,西安曲江文化产业投资(集团)有限公司,3,AA
112329,16太安02,太安堂集团有限公司,5,AA
112330,16巨轮01,巨轮智能装备股份有限公司,5,AA
112331,16宝德01,深圳市宝德投资控股有限公司,5,AA
112332,16劲嘉01,深圳市劲嘉创业投资有限公司,5,AA
112333,16鲁焦01,中融新大集团有限公司,3,AA
112334,16国购01,国购投资有限公司,5,AA
112335,16海资01,海航资本集团有限公司,5,AA+
112336,16太安债,广东太安堂药业股份有限公司,5,AA
112337,16双星01,青岛双星股份有限公司,3,AA
112338,16迪科01,深圳天源迪科信息技术股份有限公司,3,AA+
112339,16积余债,招商局积余产业运营服务股份有限公司,5,AAA
112340,16泛控01,泛海控股股份有限公司,5,AA
112341,16宝龙02,上海宝龙实业发展(集团)有限公司,5,AA
112342,16厦贸01,厦门国贸控股集团有限公司,5,AAA
112343,16魏桥01,山东魏桥铝电有限公司,5,AA+
112344,16魏桥02,山东魏桥铝电有限公司,5,AA+
112345,16劲嘉02,深圳市劲嘉创业投资有限公司,5,AA
112346,16惠誉01,福星惠誉房地产有限公司,5,AA
112347,16惠誉02,福星惠誉房地产有限公司,5,AA
112348,16华美01,石榴置业集团股份有限公司,3,AA
112349,16红楼债,红楼集团有限公司,5,AA
112350,16软控01,软控股份有限公司,5,AA
112351,16步高01,步步高投资集团股份有限公司,5,AA
112352,16TCL01,TCL科技集团股份有限公司,3,AAA
112353,16TCL02,TCL科技集团股份有限公司,5,AAA
112354,16国购02,国购投资有限公司,5,AA
112355,16桂资01,广西投资集团有限公司,7,AAA
112357,16海资02,海航资本集团有限公司,5,AA+
112358,16BOE01,京东方科技集团股份有限公司,5,AAA
112359,16魏桥03,山东魏桥铝电有限公司,5,AA+
112361,16新大02,中融新大集团有限公司,3,AA
112362,16泛控02,泛海控股股份有限公司,5,AA
112363,16三湘债,三湘印象股份有限公司,3,AA
112364,16云白01,云南白药集团股份有限公司,5,AAA
112365,16广业01,广东省环保集团有限公司,7,AA+
112366,16宝安01,中国宝安集团股份有限公司,5,AA
112367,16华西01,江苏华西村股份有限公司,5,AA
112368,二局16优,中信证券股份有限公司,1.01,AAA
112369,16峨旅01,四川省峨眉山乐山大佛旅游集团总公司,5,AA+
112370,16新纶债,深圳市新纶科技股份有限公司,5,AA+
112371,16太阳01,山东太阳纸业股份有限公司,3,AA
112372,16棕榈01,棕榈生态城镇发展股份有限公司,5,AA
112373,16奥瑞金,奥瑞金包装股份有限公司,5,AA+
112374,16华油01,华油惠博普科技股份有限公司,3,AA
112375,16昆投01,昆明产业开发投资有限责任公司,5,AA+
112376,16侨城01,深圳华侨城股份有限公司,5,AAA
112377,16侨城02,深圳华侨城股份有限公司,7,AAA
112378,16盛润债,河南盛润控股集团有限公司,5,AA
112379,16新国都,深圳市新国都股份有限公司,3,AA+
112380,16东林01,北京东方园林环境股份有限公司,5,AA
112381,16华联债,新华联文化旅游发展股份有限公司,3,AA+
112382,16南都01,浙江南都电源动力股份有限公司,5,AA
112383,16当代债,当代节能置业股份有限公司,5,AA
112384,16歌尔01,歌尔集团有限公司,5,AA
112385,16奥燃01,奥德集团有限公司,5,AA+
112386,16申宏01,申万宏源集团股份有限公司,5,AAA
112387,16华南02,华南国际工业原料城深圳有限公司,3,AA+
112388,16聚龙债,聚龙股份有限公司,5,AA
112389,16华西02,江苏华西村股份有限公司,5,AA
112390,16三聚债,北京三聚环保新材料股份有限公司,5,AA
112391,16龙基02,龙光交通集团有限公司,5,AA
112392,16掌趣01,北京掌趣科技股份有限公司,5,AA
112393,16万维01,北京昆仑万维科技股份有限公司,3,AA
112394,H6泰禾02,泰禾集团股份有限公司,5,AA+
112395,H6泰禾03,泰禾集团股份有限公司,5,AA+
112396,16华美02,石榴置业集团有限公司,5,AA
112397,16胜通01,山东胜通集团股份有限公司,5,AA+
112399,16凯迪债,阳光凯迪新能源集团有限公司,5,AA
112400,16中南债,中南红文化集团股份有限公司,4,AA-
112401,16新野02,河南新野纺织股份有限公司,4,AA
112403,16农四01,新疆可克达拉市国有资本投资运营有限责任公司,7,AA+
112404,16银亿04,银亿股份有限公司,5,AA
112405,16天顺01,天顺风能(苏州)股份有限公司,5,AA
112406,16力合债,力合股份有限公司,5,AA+
112407,16厦港01,厦门港务发展股份有限公司,5,AA+
112408,16新兴01,新兴铸管股份有限公司,5,AA+
112409,16TCL03,TCL科技集团股份有限公司,5,AAA
112410,16中房债,中交地产股份有限公司,5,AAA
112411,16光线01,北京光线传媒股份有限公司,3,AA
112412,16银亿05,银亿股份有限公司,5,AA
112413,16兴蓉01,成都市兴蓉环境股份有限公司,5,AAA
112414,16沃尔01,深圳市沃尔核材股份有限公司,3,AA+
112415,16奋达01,深圳市奋达科技股份有限公司,5,AA
112416,16奥燃02,奥德集团有限公司,5,AA+
112417,16国购03,国购投资有限公司,5,AA
112418,16中南02,江苏中南建设集团股份有限公司,5,AA+
112419,16河钢01,河钢股份有限公司,3,AAA
112420,16潮宏01,广东潮宏基实业股份有限公司,5,AA
112421,16信利01,信利光电股份有限公司,5,AA
112422,16飞马债,深圳市飞马国际供应链股份有限公司,3,AA+
112423,16株国投,株洲市国有资产投资控股集团有限公司,5,AA
112424,16文化01,上海新文化传媒集团股份有限公司,5.25,AA
112425,16河钢02,河钢股份有限公司,3,AAA
112426,16东林02,北京东方园林环境股份有限公司,5,AA
112427,16滨房01,杭州滨江房产集团股份有限公司,5,AA+
112428,16桂资03,广西投资集团有限公司,7,AAA
112430,16宝龙03,上海宝龙实业发展(集团)有限公司,5,AA+
112431,16步高02,步步高投资集团股份有限公司,5,AA
112432,16冀中02,冀中能源股份有限公司,5,AAA
112433,16银亿07,银亿股份有限公司,5,AA
112434,16正商03,河南宏光正商置业有限公司,5,AA
112435,16绿景01,正兴隆房地产(深圳)有限公司,5,AA
112436,16阳城01,阳光城集团股份有限公司,5,AA+
112437,16铁汉02,深圳市铁汉生态环境股份有限公司,5,AA
112438,16广宇01,广宇集团股份有限公司,3,AA-
112439,16康缘01,江苏康缘集团有限责任公司,5,AA
112440,16吉保01,吉林省信用融资担保投资集团有限公司,5,AA
112441,16凯迪01,凯迪生态环境科技股份有限公司,3,AA
112442,H6凯迪02,凯迪生态环境科技股份有限公司,5,AA
112443,16胜通03,山东胜通集团股份有限公司,5,AA+
112444,16万集01,万达集团股份有限公司,5,AA+
112445,16申宏02,申万宏源集团股份有限公司,3,AAA
112446,16申宏03,申万宏源集团股份有限公司,5,AAA
112447,16顺发债,顺发恒业股份公司,5,AA
112448,16莱蒙01,深圳深国投房地产开发有限公司,5,AA
112449,16棕榈02,棕榈生态城镇发展股份有限公司,5,AA
112450,16格林01,格林美股份有限公司,5,AA
112451,16利德01,利亚德光电股份有限公司,5,AA
112452,16阳城02,阳光城集团股份有限公司,5,AA+
112453,16迪安01,浙江迪安诊断技术股份有限公司,5,AA
112454,16宜化债,湖北宜化化工股份有限公司,5,AA+
112455,16金街01,金融街控股股份有限公司,5,AAA
112456,16金街02,金融街控股股份有限公司,7,AAA
112457,16魏桥05,山东魏桥铝电有限公司,7,AAA
112458,16盐港01,深圳市盐田港股份有限公司,5,AA+
112459,16宜华01,宜华企业(集团)有限公司,5,AA+
112460,16安控债,北京安控科技股份有限公司,5,AAA
112461,16龙控02,深圳市龙光控股有限公司,5,AA+
112462,16徐工02,徐工集团工程机械股份有限公司,5,AAA
112463,16天保01,天津天保基建股份有限公司,5,AA+
112464,16东林03,北京东方园林环境股份有限公司,5,AA
112465,16厦港02,厦门港务发展股份有限公司,5,AA+
112466,16彩塑01,江苏双星彩塑新材料股份有限公司,5,AA
112467,16天广01,天广中茂股份有限公司,5,AA
112468,16景峰01,湖南景峰医药股份有限公司,7.68,AA
112469,16涪陵02,重庆市涪陵国有资产投资经营集团有限公司,5,AA+
112470,16江控01,江东控股集团有限责任公司,5,AA+
112471,16宝德02,深圳市宝德投资控股有限公司,5,AA
112472,16裕同01,深圳市裕同包装科技股份有限公司,5,AA
112473,16海普瑞,深圳市海普瑞药业股份有限公司,5,AA+
112474,16合泰01,合肥华泰集团股份有限公司,5,AA
112475,16万丰01,万丰奥特控股集团有限公司,3,AA
112476,16鄂能01,湖北能源集团股份有限公司,5,AAA
112477,16浙富01,浙富控股集团股份有限公司,3,AA
112478,16奥燃03,奥德集团有限公司,5,AA+
112479,16珠海债,珠海港股份有限公司,5,AA
112480,16腾晖01,苏州腾晖光伏技术有限公司,3,AA
112481,16广联01,广联达科技股份有限公司,5,AA
112482,16金旗01,金世旗国际控股股份有限公司,5,AA+
112483,16宝新01,广东宝丽华新能源股份有限公司,5,AA+
112484,16一创02,第一创业证券股份有限公司,5,AA+
112485,16国盛金,国盛金融控股集团股份有限公司,5,AA
112486,16远大01,远大医药(中国)有限公司,5,AA+
112487,16合力01,合力泰科技股份有限公司,3,AA
112488,16峨旅02,四川省峨眉山乐山大佛旅游集团有限公司,5,AA+
112489,16嘉美债,嘉美食品包装(滁州)股份有限公司,5,AA
112490,16捷成01,北京捷成世纪科技股份有限公司,3,AA
112491,16宝新02,广东宝丽华新能源股份有限公司,5,AA+
112492,16一创03,第一创业证券股份有限公司,4,AA+
112493,16华能资,华能资本服务有限公司,5,AAA
112494,16凯迪03,凯迪生态环境科技股份有限公司,3,AA
112496,17天神01,大连天神娱乐股份有限公司,5,AA
112497,17金旗01,金世旗国际控股股份有限公司,5,AA+
112498,17万集01,万达集团股份有限公司,5,AA+
112499,17欧菲01,深圳欧菲光科技股份有限公司,3,AA
112500,17山路01,山东高速路桥集团股份有限公司,5,AA
112501,17东江G1,东江环保股份有限公司,3,AA
112502,17科伦01,四川科伦药业股份有限公司,5,AA+
112503,17山证01,山西证券股份有限公司,3,AA+
112504,17山证02,山西证券股份有限公司,5,AA+
112505,17金洲01,金洲慈航集团股份有限公司,3,AA
112506,17温氏01,温氏食品集团股份有限公司,5,AAA
112507,17科陆01,深圳市科陆电子科技股份有限公司,5,AA
112508,17华昌01,湖北华昌达智能装备股份有限公司,3,AAA
112509,17余投01,余姚市城市建设投资发展有限公司,5,AA+
112510,17盛运01,安徽盛运环保(集团)股份有限公司,3,AA
112511,17正通01,武汉正通联合实业投资集团有限公司,5,AA
112512,17华茂01,安徽华茂纺织股份有限公司,5,AA
112513,17华股01,华西证券股份有限公司,5,AA+
112514,17游族01,游族网络股份有限公司,3,AA
112515,17昆投01,昆明产业开发投资有限责任公司,6,AA+
112516,17国信01,国信证券股份有限公司,3,AAA
112517,17西航01,西部航空有限责任公司,5,AA
112518,17TCL01,TCL科技集团股份有限公司,5,AAA
112519,17物美01,物美科技集团有限公司,3,AA+
112520,17广发01,广发证券股份有限公司,3,AAA
112521,17昆仑01,浙江昆仑控股集团有限公司,3,AA
112522,17阳普S1,阳普医疗科技股份有限公司,5,AAA
112523,17株国01,株洲市国有资产投资控股集团有限公司,7,AA
112525,17盾安01,浙江盾安人工环境股份有限公司,3,AA
112526,H7腾邦01,腾邦集团有限公司,3,AA
112527,17华讯01,华讯方舟科技有限公司,3,AA
112528,17欣旺01,欣旺达电子股份有限公司,3,AAA
112529,17广证01,广州证券股份有限公司,3,AA+
112530,17亚迪01,比亚迪股份有限公司,5,AAA
112531,17岸资01,武汉市江岸国有资产经营管理有限责任公司,5,AA
112532,17凯撒03,凯撒同盛发展股份有限公司,5,AA
112533,17海药01,海南海药股份有限公司,5,AA
112534,17湘粮债,湖南粮食集团有限责任公司,5,AA
112535,17海王01,深圳市海王生物工程股份有限公司,3,AA
112536,17中能01,中能电气股份有限公司,3,AAA
112537,17牡资01,牡丹江市国有资产投资控股有限公司,5,AA
112538,17汇通01,沃顿科技股份有限公司,5,AAA
112539,17温氏02,温氏食品集团股份有限公司,5,AAA
112540,17凯文01,凯撒(中国)文化股份有限公司,3,AAA
112541,17立思01,北京立思辰科技股份有限公司,3,AA
112542,17TCL02,TCL科技集团股份有限公司,5,AAA
112543,17深投01,深圳市投资控股有限公司,5,AAA
112544,17国信02,国信证券股份有限公司,3,AAA
112545,17宝鹰01,深圳市宝鹰建设控股集团股份有限公司,3,AA
112546,17万科01,万科企业股份有限公司,5,AAA
112547,17曲文01,西安曲江文化产业投资(集团)有限公司,3,AA+
112548,17兴森01,深圳市兴森快捷电路科技股份有限公司,5,AAA
112549,17余投02,余姚市城市建设投资发展有限公司,5,AA+
112550,17科伦02,四川科伦药业股份有限公司,3,AA+
112551,17合泰01,合肥华泰集团股份有限公司,5,AA
112552,17厦贸Y1,厦门国贸控股集团有限公司,nan,AAA
112553,17华讯02,华讯方舟科技有限公司,3,AA
112554,17前海01,新疆前海集团有限责任公司,5,AA
112555,17新野01,河南新野纺织股份有限公司,5,AA
112556,17广发02,广发证券股份有限公司,3,AAA
112557,17冀中01,冀中能源股份有限公司,5,AAA
112558,17美晨01,山东美晨科技股份有限公司,5,AAA
112559,17恒通债,山东阳煤恒通化工股份有限公司,3,AAA
112560,17国水01,湛江国联水产开发股份有限公司,3,AA+
112561,17万科02,万科企业股份有限公司,5,AAA
112562,17招路01,招商局公路网络科技控股股份有限公司,5,AAA
112563,17招路02,招商局公路网络科技控股股份有限公司,10,AAA
112564,17广业01,广东省环保集团有限公司,7,AAA
112565,17万集02,万达集团股份有限公司,5,AA+
112566,17涪陵01,重庆市涪陵国有资产投资经营集团有限公司,5,AAA
112567,17天顺债,天顺风能(苏州)股份有限公司,3,AAA
112568,17欣旺02,欣旺达电子股份有限公司,3,AAA
112569,17欣旺03,欣旺达电子股份有限公司,3,AA+
112570,17晨债01,山东晨鸣纸业集团股份有限公司,5,AA+
112571,17深投02,深圳市投资控股有限公司,5,AAA
112572,17华讯03,华讯方舟科技有限公司,3,AA
112573,17西煤01,山西焦煤能源集团股份有限公司,5,AAA
112574,17南都01,浙江南都电源动力股份有限公司,3,AA
112575,17格林债,格林美股份有限公司,5,AA
112576,17齐科01,山东齐悦科技有限公司,5,AA
112577,17宝安02,中国宝安集团股份有限公司,5,AAA
112578,17胜通01,山东胜通集团股份有限公司,5,AA+
112579,17蒙草G1,内蒙古蒙草生态环境(集团)股份有限公司,3,AAA
112580,17欧菲02,深圳欧菲光科技股份有限公司,3,AA+
112581,17西煤02,山西焦煤能源集团股份有限公司,5,AAA
112582,17深爱债,深圳市爱施德股份有限公司,3,AA
112583,17心化01,河南心连心化学工业集团股份有限公司,3,AA
112584,17创维P1,创维数码控股有限公司,5,AAA
112585,17桂建01,广西建工集团有限责任公司,5,AAA
112586,17航技01,中国航空技术深圳有限公司,3,AAA
112587,17越租01,广州越秀融资租赁有限公司,5,AAA
112588,17万维S1,昆仑万维科技股份有限公司,5,AA
112590,17厦港01,厦门国际港务股份有限公司,5,AAA
112591,17牡资02,牡丹江市国有资产投资控股有限公司,5,AA
112592,17徐工Y1,徐工集团工程机械股份有限公司,nan,AAA
112593,17未名债,山东未名生物医药股份有限公司,5,AA
112594,17万集03,万达集团股份有限公司,5,AA+
112595,17国信03,国信证券股份有限公司,3,AAA
112596,17瑞康01,瑞康医药集团股份有限公司,3,AA+
112597,17顺丰01,深圳顺丰泰森控股(集团)有限公司,5,AAA
112598,17物美02,物美科技集团有限公司,3,AA+
112599,17昆投02,昆明产业开发投资有限责任公司,6,AA+
112600,H7巴安债,上海巴安水务股份有限公司,5,AA
112601,17正通02,武汉正通联合实业投资集团有限公司,5,AA
112602,17步高01,步步高投资集团股份有限公司,3,AA
112603,17普邦债,广州普邦园林股份有限公司,5,AA
112604,17美尚01,美尚生态景观股份有限公司,5,AAA
112605,17光线01,北京光线传媒股份有限公司,3,AAA
112606,17中利G1,江苏中利集团股份有限公司,3,AA
112607,17滨房01,杭州滨江房产集团股份有限公司,5,AA+
112608,17三圣债,重庆三圣实业股份有限公司,3,AAA
112609,17余投03,余姚市城市建设投资发展有限公司,5,AA+
112610,17制药01,广州市香雪制药股份有限公司,3,AAA
112611,17青信Y1,青岛国信发展(集团)有限责任公司,nan,AAA
112612,17正邦01,江西正邦科技股份有限公司,5,AAA
112613,17蛇口01,招商局蛇口工业区控股股份有限公司,5,AAA
112614,17蛇口02,招商局蛇口工业区控股股份有限公司,3,AAA
112615,17深能01,深圳能源集团股份有限公司,5,AAA
112616,17深能02,深圳能源集团股份有限公司,3,AAA
112617,17深能G1,深圳能源集团股份有限公司,5,AAA
112618,17四维01,北京四维图新科技股份有限公司,3,AAA
112619,17中南01,江苏中南建设集团股份有限公司,5,AA+
112620,17制药02,广州市香雪制药股份有限公司,5,AAA
112621,17昆投03,昆明产业开发投资有限责任公司,6,AA+
112622,17千方01,北京千方科技股份有限公司,5,AA
112623,17丽鹏G1,山东中锐产业发展股份有限公司,5,AAA
112624,17鑫能G1,协鑫智慧能源(苏州)有限公司,5,AA
112625,17信邦01,贵州信邦制药股份有限公司,5,AA
112626,17传化01,传化智联股份有限公司,5,AA
112627,17创投S1,深圳市创新投资集团有限公司,5,AAA
112628,17拓日债,深圳市拓日新能源科技股份有限公司,5,AAA
112629,17电科01,中国电子科技集团有限公司,3,AAA
112630,17中南02,江苏中南建设集团股份有限公司,4,AA+
112631,18英唐01,深圳市英唐智能控制股份有限公司,4,AAA
112632,18一创01,第一创业证券股份有限公司,2,AA+
112633,18一创02,第一创业证券股份有限公司,5,AA+
112634,18侨城01,深圳华侨城股份有限公司,5,AAA
112635,18侨城02,深圳华侨城股份有限公司,7,AAA
112636,18国际P1,深圳国际控股有限公司,5,AAA
112637,18华联01,北京华联商厦股份有限公司,5,AA
112638,18湘电01,湖南电广传媒股份有限公司,5,AA+
112639,18天齐01,天齐锂业股份有限公司,5,AA+
112640,18万维S1,昆仑万维科技股份有限公司,5,AA
112641,18晨债01,山东晨鸣纸业集团股份有限公司,5,AA+
112642,18侨城03,深圳华侨城股份有限公司,5,AAA
112643,18侨城04,深圳华侨城股份有限公司,7,AAA
112644,18GLPR1,普洛斯中国控股有限公司,9,AAA
112645,18棕榈01,棕榈生态城镇发展股份有限公司,3,AAA
112646,18棕榈02,棕榈生态城镇发展股份有限公司,5,AAA
112647,18招商R1,招商局港口控股有限公司,3,AAA
112648,18桂投01,广西投资集团有限公司,5,AAA
112650,18金科01,金科地产集团股份有限公司,4,AA+
112651,18金科02,金科地产集团股份有限公司,5,AA+
112652,18奥飞01,奥飞娱乐股份有限公司,2,AA
112653,18恒逸R1,恒逸石化股份有限公司,3,AA+
112654,18新泰01,新疆中泰(集团)有限责任公司,5,AA+
112655,18侨城05,深圳华侨城股份有限公司,5,AAA
112656,18侨城06,深圳华侨城股份有限公司,7,AAA
112657,18美年01,美年大健康产业控股股份有限公司,3,AA
112658,18朗姿01,朗姿股份有限公司,5,AAA
112659,18创投S1,深圳市创新投资集团有限公司,5,AAA
112660,18恒逸01,恒逸石化股份有限公司,3,AA+
112661,18传化01,传化智联股份有限公司,3,AA
112662,18盾安01,浙江盾安人工环境股份有限公司,3,AA
112663,18农四01,新疆可克达拉市国有资本投资运营有限责任公司,5,AA+
112664,18合和01,云南合和(集团)股份有限公司,5,AAA
112665,长兴12A2,中银国际证券股份有限公司,0.67,AAA
112666,18科伦01,四川科伦药业股份有限公司,2,AA+
112667,18河钢Y1,河钢股份有限公司,nan,AAA
112668,18中材Y1,中材科技股份有限公司,nan,AA+
112669,18国购01,国购投资有限公司,5,AA
112670,18GLPR2,普洛斯中国控股有限公司,9,AAA
112671,18九州01,九州证券股份有限公司,2,AA+
112672,18深建01,深圳市特区建设发展集团有限公司,5,AAA
112673,18华明01,华明电力装备股份有限公司,5,nan
112674,18亚迪01,比亚迪股份有限公司,5,AAA
112675,18厦贸Y1,厦门国贸控股集团有限公司,nan,AAA
112676,18瑞康01,瑞康医药集团股份有限公司,3,AA+
112677,18创投S2,深圳市创新投资集团有限公司,5,AAA
112678,18蛇口01,招商局蛇口工业区控股股份有限公司,5,AAA
112679,18蛇口02,招商局蛇口工业区控股股份有限公司,3,AAA
112680,18物美01,物美科技集团有限公司,3,AA+
112681,18恒逸02,恒逸石化股份有限公司,3,AA+
112682,18苏宁01,苏宁易购集团股份有限公司,3,AAA
112683,18圆融01,厦门金圆投资集团有限公司,5,AAA
112684,18联创债,联创电子科技股份有限公司,5,AA
112685,18粤科01,广东省粤科金融集团有限公司,7,AAA
112686,18万维S2,昆仑万维科技股份有限公司,5,AA
112687,18青信Y1,青岛国信发展(集团)有限责任公司,nan,AAA
112688,18象屿Y1,厦门象屿集团有限公司,nan,AAA
112689,18厦港01,厦门国际港务有限公司,5,AAA
112690,18广发01,广发证券股份有限公司,3,AAA
112691,18爱康01,江苏爱康科技股份有限公司,3,AA
112692,18GLPR3,普洛斯中国控股有限公司,9,AAA
112693,22温技2C,兴证证券资产管理有限公司,2.9,nan
112694,18合和02,云南合和(集团)股份有限公司,5,AAA
112695,18制药01,广州市香雪制药股份有限公司,3,AAA
112697,18苏宁02,苏宁易购集团股份有限公司,3,AAA
112698,18南方01,沃顿科技股份有限公司,5,AAA
112699,18二三01,上海二三四五网络控股集团股份有限公司,3,AAA
112701,18航技01,中国航空技术深圳有限公司,3,AAA
112703,18深投01,深圳市投资控股有限公司,5,AAA
112705,18东林01,北京东方园林环境股份有限公司,3,AA+
112707,18岸资01,武汉市江岸国有资产经营管理有限责任公司,5,AA+
112708,18国微01,紫光国芯微电子股份有限公司,5,AAA
112709,18国购02,国购投资有限公司,5,AA
112711,18新泰03,新疆中泰(集团)有限责任公司,5,AA+
112712,18中山01,中山公用事业集团股份有限公司,5,AA+
112713,18深能01,深圳能源集团股份有限公司,5,AAA
112714,18英唐02,深圳市英唐智能控制股份有限公司,4,AAA
112715,18蛇口03,招商局蛇口工业区控股股份有限公司,5,AAA
112716,18金王01,青岛金王应用化学股份有限公司,5,AAA
112717,18TCL01,TCL科技集团股份有限公司,5,AAA
112718,18蛇口04,招商局蛇口工业区控股股份有限公司,3,AAA
112719,18电科01,中国电子科技集团有限公司,3,AAA
112720,18信产债,国网信息通信产业集团有限公司,3,AA+
112721,18苏宁03,苏宁易购集团股份有限公司,5,AAA
112722,18通裕01,通裕重工股份有限公司,3,AA
112723,18渤金01,渤海租赁股份有限公司,3,AAA
112724,18万集01,万达集团股份有限公司,3,AA+
112726,18木森01,木林森股份有限公司,3,AA
112727,18GLPR5,普洛斯中国控股有限公司,9,AAA
112728,18申宏01,申万宏源集团股份有限公司,5,AAA
112729,18申宏02,申万宏源集团股份有限公司,5,AAA
112730,18粤科02,广东省粤科金融集团有限公司,7,AAA
112731,18粤科03,广东省粤科金融集团有限公司,5,AAA
112732,18航技03,中国航空技术深圳有限公司,3,AAA
112733,18苏宁04,苏宁易购集团股份有限公司,3,AAA
112734,18招路01,招商局公路网络科技控股股份有限公司,3,AAA
112735,18河钢Y2,河钢股份有限公司,nan,AAA
112736,18象屿Y2,厦门象屿集团有限公司,nan,AAA
112737,18侨集01,华侨城集团有限公司,5,AAA
112738,18侨集02,华侨城集团有限公司,5,AAA
112739,18顺丰01,深圳顺丰泰森控股(集团)有限公司,3,AAA
112740,18国信03,国信证券股份有限公司,3,AAA
112741,19BOEY1,京东方科技集团股份有限公司,nan,AAA
112742,18万科01,万科企业股份有限公司,5,AAA
112743,18苏宁05,苏宁易购集团股份有限公司,3,AAA
112744,18圆融02,厦门金圆投资集团有限公司,5,AAA
112745,18英唐03,深圳市英唐智能控制股份有限公司,4,AAA
112746,18国购03,国购投资有限公司,5,AA
112747,18TCL02,TCL科技集团股份有限公司,5,AAA
112748,18亚迪02,比亚迪股份有限公司,4,AAA
112750,18深建02,深圳市特区建设发展集团有限公司,5,AAA
112751,18广发02,广发证券股份有限公司,3,AAA
112752,18智光01,广州智光电气股份有限公司,5,AAA
112753,18牡资01,牡丹江市国有资产投资控股有限公司,5,AA
112754,18穗控Y1,广州金融控股集团有限公司,nan,AAA
112755,18立业债,深圳市立业集团有限公司,3,AA
112756,18国购04,国购投资有限公司,5,AA
112757,18新化01,新疆中泰化学股份有限公司,5,AA+
112759,18东旭01,东旭集团有限公司,3,AA+
112760,18通裕02,通裕重工股份有限公司,5,AA
112761,18物美02,物美科技集团有限公司,3,AA+
112763,18青信Y2,青岛国信发展(集团)有限责任公司,nan,AAA
112764,18恒集01,浙江恒逸集团有限公司,3,AA+
112765,18渤金02,渤海租赁股份有限公司,3,AAA
112766,18远致01,深圳市资本运营集团有限公司,5,AAA
112767,18美置01,美的置业集团有限公司,3,AA+
112768,18新化03,新疆中泰化学股份有限公司,5,AA+
112770,18阳城01,阳光城集团股份有限公司,3,AA+
112771,18渤金03,渤海租赁股份有限公司,3,AAA
112772,18航技04,中国航空技术深圳有限公司,3,AAA
112773,18东北债,东北证券股份有限公司,3,AAA
112774,18克明01,克明面业股份有限公司,2,AAA
112775,18华股01,华西证券股份有限公司,4,AAA
112776,18中海01,中海企业发展集团有限公司,6,AAA
112777,18顺丰02,深圳顺丰泰森控股(集团)有限公司,3,AAA
112778,2美好4B,招商证券资产管理有限公司,1.99,AA+
112779,18科伦02,四川科伦药业股份有限公司,5,AA+
112781,18华锦01,北方华锦化学工业股份有限公司,5,AAA
112782,18东旭02,东旭集团有限公司,3,AA+
112783,18渤金04,渤海租赁股份有限公司,3,AAA
112784,18万科02,万科企业股份有限公司,5,AAA
112785,18恒集02,浙江恒逸集团有限公司,3,AA+
112786,18涪陵01,重庆市涪陵国有资产投资经营集团有限公司,5,AA+
112787,工鑫18B,中信建投证券股份有限公司,1.01,AAA
112788,18深纾01,深圳市投资控股有限公司,5,AAA
112789,18深投03,深圳市投资控股有限公司,3,AAA
112791,18翰宇02,深圳翰宇药业股份有限公司,5,AAA
112792,18海能01,海能达通信股份有限公司,3,AAA
112793,18恒集03,浙江恒逸集团有限公司,3,AA+
112794,18厦港02,厦门国际港务有限公司,5,AAA
112795,18捷成01,北京捷成世纪科技股份有限公司,3,AA
112796,19伊犁01,新疆可克达拉市国有资本投资运营有限责任公司,5,AA+
112797,18圆纾01,厦门金圆投资集团有限公司,5,AAA
112798,18国际P2,深圳国际控股有限公司,5,AAA
112799,18苏宁06,苏宁易购集团股份有限公司,3,AAA
112800,18苏宁07,苏宁易购集团股份有限公司,5,AAA
112801,H8龙控05,深圳市龙光控股有限公司,4,AAA
112802,18电科02,中国电子科技集团有限公司,3,AAA
112803,18恒集04,浙江恒逸集团有限公司,3,AA+
112804,18清PGY1,山高新能源集团有限公司,nan,AA+
112805,18中联01,中联重科股份有限公司,5,AAA
112806,18深能Y1,深圳能源集团股份有限公司,nan,AAA
112807,18宜健01,宜华健康医疗股份有限公司,3,AAA
112808,18海集Y1,中国国际海运集装箱集团股份有限公司,nan,AAA
112809,18航空01,海航航空集团有限公司,5,AA
112810,18渤租05,渤海租赁股份有限公司,3,AAA
112811,18通裕03,通裕重工股份有限公司,5,AA
112812,18申证03,申万宏源证券有限公司,5,AAA
112813,GC曹03A2,华泰证券(上海)资产管理有限公司,1.78,AAA
112814,18徐工Y1,徐工集团工程机械股份有限公司,nan,AAA
112815,18穗控Y2,广州金融控股集团有限公司,nan,AAA
112816,18穗控Y3,广州金融控股集团有限公司,nan,AAA
112817,18怡亚01,深圳市怡亚通供应链股份有限公司,3,AAA
112818,18怡亚02,深圳市怡亚通供应链股份有限公司,3,AAA
112819,18涪陵Y1,重庆市涪陵国有资产投资经营集团有限公司,nan,AA+
112820,葛洲坝1A,中信证券股份有限公司,1,AAA
112821,18天马01,天马微电子股份有限公司,5,AAA
112822,18南集01,中国南山开发(集团)股份有限公司,5,AAA
112823,19深投02,深圳市投资控股有限公司,3,AAA
112824,19中环02,TCL中环新能源科技股份有限公司,6,AA+
112825,18鲁西01,鲁西化工集团股份有限公司,5,AA+
112826,18海能02,海能达通信股份有限公司,3,AAA
112827,18卓越06,深圳市卓越商业管理有限公司,3,AAA
112828,18智光02,广州智光电气股份有限公司,4,AA
112829,19东林02,北京东方园林环境股份有限公司,2,AA+
112830,18越租01,广州越秀融资租赁有限公司,5,AAA
112831,18天健Y1,深圳市天健(集团)股份有限公司,3,AAA
112832,诚17微A1,上海国泰君安证券资产管理有限公司,1.69,AAA
112833,18电科03,中国电子科技集团有限公司,3,AAA
112834,18航新S,广州航新航空科技股份有限公司,3,AAA
112835,18阳城02,阳光城集团股份有限公司,3,AA+
112836,18赛格01,深圳赛格股份有限公司,3,AAA
112837,18赛格02,深圳赛格股份有限公司,1.5,AAA
112838,19美置01,美的置业集团有限公司,3,AA+
112839,19越租01,广州越秀融资租赁有限公司,5,AAA
112840,19申证01,申万宏源证券有限公司,3,AAA
112842,19东林01,北京东方园林环境股份有限公司,2,AA+
112843,19岸资01,武汉市江岸国有资产经营管理有限责任公司,5,AA+
112844,19万科01,万科企业股份有限公司,5,AAA
112845,19中海01,中海企业发展集团有限公司,6,AAA
112846,19中海02,中海企业发展集团有限公司,7,AAA
112847,19长城01,长城证券股份有限公司,3,AAA
112849,19牧原01,牧原食品股份有限公司,3,AA+
112850,19珠控01,珠海华发投资控股集团有限公司,5,AAA
112851,19山证01,山西证券股份有限公司,3,AA+
112852,19航空01,海航航空集团有限公司,5,AA
112853,19潍投01,潍坊市投资集团有限公司,5,AA+
112854,19亚迪01,比亚迪股份有限公司,5,AAA
112856,19美置02,美的置业集团有限公司,3,AA+
112857,19广发03,广发证券股份有限公司,3,AAA
112859,19阳城01,阳光城集团股份有限公司,3,AA+
112860,19中环01,TCL中环新能源科技股份有限公司,6,AA+
112861,19中山01,中山公用事业集团股份有限公司,5,AA+
112862,19天马01,天马微电子股份有限公司,5,AAA
112863,19华股01,华西证券股份有限公司,5,AAA
112864,19申证03,申万宏源证券有限公司,3,AAA
112866,19金科01,金科地产集团股份有限公司,4,AAA
112868,19穗控Y1,广州金融控股集团有限公司,nan,AAA
112871,19珠纾02,珠海华发投资控股集团有限公司,5,AAA
112872,19GLPR1,普洛斯中国控股有限公司,9,AAA
112874,19物美01,物美科技集团有限公司,3,AA+
112875,H9龙控01,深圳市龙光控股有限公司,5,AAA
112876,19太阳G1,中节能太阳能股份有限公司,5,AAA
112878,19侨城01,深圳华侨城股份有限公司,5,AAA
112880,19桂投01,广西投资集团有限公司,5,AAA
112882,19魏桥01,山东魏桥铝电有限公司,5,AAA
112883,19恒逸01,恒逸石化股份有限公司,3,AA+
112884,19宝龙01,上海宝龙实业发展(集团)有限公司,2,AA+
112885,19阳城02,阳光城集团股份有限公司,3,AA+
112886,19侨集01,华侨城集团有限公司,5,AAA
112888,19华菱01,湖南钢铁集团有限公司,3,AAA
112890,19涪陵Y1,重庆市涪陵国有资产投资经营集团有限公司,nan,AA+
112891,铁保16A3,中银国际证券股份有限公司,2.99,AAA
112892,19宝德01,深圳市宝德投资控股有限公司,3,AAA
112893,19深投03,深圳市投资控股有限公司,3,AAA
112894,19科伦01,四川科伦药业股份有限公司,5,AA+
112896,盈峰01优,长城证券股份有限公司,3,AA+
112897,19润租02,华润融资租赁有限公司,3,AA+
112898,19莞纾01,东莞金融控股集团有限公司,5,AA+
112899,19三聚Y1,北京三聚环保新材料股份有限公司,3,AAA
112900,19七狼01,福建七匹狼集团有限公司,3,AA+
112901,19申证05,申万宏源证券有限公司,3,AAA
112903,19电科01,苏州电器科学研究院股份有限公司,3,AAA
112904,22申证07,申万宏源证券有限公司,3,AAA
112905,19TCL01,TCL科技集团股份有限公司,5,AAA
112906,19广基01,广州产业投资基金管理有限公司,5,AAA
112907,19深湾01,深圳市投资控股有限公司,5,AAA
112908,19沃尔01,深圳市沃尔核材股份有限公司,3,AAA
112909,19石榴03,石榴置业集团有限公司,5,AA
112910,19恒逸02,恒逸石化股份有限公司,3,AA+
112911,星惠10A,财通证券资产管理有限公司,1.07,AAA
112912,19恒达01,珠海恒基达鑫国际化工仓储股份有限公司,3,AAA
112913,19英唐01,深圳市英唐智能控制股份有限公司,4,AAA
112914,19荣盛G1,荣盛石化股份有限公司,2,AA+
112915,19深投01,深圳市投资控股有限公司,3,AAA
112916,19潍投02,潍坊市投资集团有限公司,5,AA+
112917,19润资01,华润资产管理有限公司,3,AAA
112918,19亚迪Y1,比亚迪股份有限公司,nan,AAA
112920,19泛控01,泛海控股股份有限公司,3,AA+
112921,19蛇口01,招商局蛇口工业区控股股份有限公司,5,AAA
112922,19蛇口02,招商局蛇口工业区控股股份有限公司,3,AAA
112923,H9国厚01,国厚资产管理股份有限公司,6,AA+
112924,H9金科03,金科地产集团股份有限公司,3,AAA
112926,19万集01,万达集团股份有限公司,3,AA+
112927,19中联01,中联重科股份有限公司,5,AAA
112928,19华菱03,湖南钢铁集团有限公司,5,AAA
112929,19蛇口03,招商局蛇口工业区控股股份有限公司,5,AAA
112930,19蛇口04,招商局蛇口工业区控股股份有限公司,3,AAA
112931,19渝债01,重庆渝开发股份有限公司,5,AAA
112932,19长城03,长城证券股份有限公司,3,AAA
112934,19新兴01,新兴铸管股份有限公司,5,AAA
112935,19物美02,物美科技集团有限公司,3,AAA
112937,19皖能01,安徽省皖能股份有限公司,3,AAA
112938,19TCL02,TCL科技集团股份有限公司,5,AAA
112939,19电建01,中国电建地产集团有限公司,5,AA+
112940,19昆仑01,中国石油集团资本股份有限公司,3,AAA
112942,19中骏01,厦门中骏集团有限公司,4,AA+
112943,19华南01,华南国际工业原料城深圳有限公司,3,AA+
112944,19华南02,华南国际工业原料城深圳有限公司,3,AA+
112945,19桂纾01,广西投资集团有限公司,5,AAA
112946,19亚迪03,比亚迪股份有限公司,5,AAA
112947,19太钢01,太原钢铁(集团)有限公司,3,AAA
112948,19太钢02,太原钢铁(集团)有限公司,5,AAA
112949,19特发01,深圳市特发集团有限公司,5,AA+
112950,19石榴04,石榴置业集团有限公司,5,AA
112951,19投资01,信达投资有限公司,5,AAA
112952,19投资02,信达投资有限公司,5,AAA
112953,19南集01,中国南山开发(集团)股份有限公司,5,AAA
112954,19珠控02,珠海华发投资控股集团有限公司,5,AAA
112955,19广基02,广州产业投资基金管理有限公司,5,AAA
112957,19物美04,物美科技集团有限公司,3,AAA
112959,19老窖01,泸州老窖股份有限公司,5,AAA
112960,19深能Y1,深圳能源集团股份有限公司,nan,AAA
112961,19苏投S1,江苏高科技投资集团有限公司,5,AAA
112962,19深建01,深圳市特区建设发展集团有限公司,5,AAA
112963,19温氏01,温氏食品集团股份有限公司,5,AAA
112964,19海康01,中电海康集团有限公司,3,AAA
112965,19粤控01,广东粤海控股集团有限公司,5,AAA
112966,19粤控02,广东粤海控股集团有限公司,10,AAA
112967,19福投01,福建省投资开发集团有限责任公司,10,AAA
112968,19信利S1,信利光电股份有限公司,3,AAA
112969,19中电科,中国电子科技集团有限公司,7,AAA
112970,19鲁机场,山东省机场管理集团有限公司,5,AA+
112971,19物美06,物美科技集团有限公司,3,AAA
112972,19物美07,物美科技集团有限公司,3,AAA
112973,19顺丰01,深圳顺丰泰森控股(集团)有限公司,3,AAA
112974,19华菱04,湖南钢铁集团有限公司,5,AAA
112975,19华媒01,浙江华媒控股股份有限公司,5,AA+
112976,19万科02,万科企业股份有限公司,5,AAA
112977,19宜运01,湖北三峡旅游集团股份有限公司,5,AA
112978,19启迪G2,启迪环境科技发展股份有限公司,8,AA+
112979,19海集01,中国国际海运集装箱集团股份有限公司,3,AAA
112980,19燃投01,中燃投资有限公司,5,AAA
112982,19长城05,长城证券股份有限公司,2,AAA
112983,19TCL03,TCL科技集团股份有限公司,5,AAA
112984,19海普01,深圳市海普瑞药业集团股份有限公司,3,AA+
112985,19恒集01,浙江恒逸集团有限公司,3,AA+
112986,19华股02,华西证券股份有限公司,4,AAA
112988,19CATL01,宁德时代新能源科技股份有限公司,5,AAA
112989,禾昱三3D,平安证券股份有限公司,2.03,nan
112990,19北港01,广西北部湾国际港务集团有限公司,5,AAA
112992,19物美08,物美科技集团有限公司,3,AAA
112993,19物美09,物美科技集团有限公司,3,AAA
112994,19山路01,山东高速路桥集团股份有限公司,5,AA+
112995,19泛控02,泛海控股股份有限公司,3,AA+
112996,19海康02,中电海康集团有限公司,3,AAA
112997,H9中南03,江苏中南建设集团股份有限公司,9,AA+
112998,19海控02,海南省发展控股有限公司,5,AAA
112999,19河钢01,河钢股份有限公司,5,AAA
114699,20华昌置,华昌达智能装备集团股份有限公司,1,nan
115000,23漳九02,漳州市九龙江集团有限公司,5,AAA
115002,国安债1,中信国安信息产业股份有限公司,6,AA+
115003,中兴债1,中兴通讯股份有限公司,5,AAA
115004,23海通04,海通证券股份有限公司,3,AAA
115005,23财通G1,无锡财通融资租赁有限公司,5,AAA
115007,23国创G1,昆山国创投资集团有限公司,3,nan
115009,23咸金01,咸阳金融控股集团有限公司,5,AAA
115010,23中铁01,中国铁建房地产集团有限公司,5,nan
115011,23陆债01,上海陆家嘴金融贸易区开发股份有限公司,5,nan
115012,23粤港01,广州港股份有限公司,3,AAA
115014,23秦发01,秦皇岛城市发展投资控股集团有限公司,5,AAA
115015,23黄发02,黄石市城市发展投资集团有限公司,5,nan
115016,23中原01,中原证券股份有限公司,3,nan
115017,23惠控01,无锡市惠山国有投资控股集团有限公司,5,nan
115018,23象金01,厦门象屿金象控股集团有限公司,2,AAA
115019,23红塔03,红塔证券股份有限公司,2,nan
115020,23中证G4,中信证券股份有限公司,2,AAA
115021,23中证G5,中信证券股份有限公司,5,AAA
115023,23浙交K1,浙江省交通投资集团有限公司,2,nan
115024,23巴中G1,巴中市国有资本运营集团有限公司,3,AAA
115026,23穗建04,广州市城市建设开发有限公司,7,AAA
115027,23安租03,平安国际融资租赁有限公司,2,AAA
115028,23安租04,平安国际融资租赁有限公司,4,AAA
115029,23渝合G1,重庆市合川城市建设投资(集团)有限公司,5,nan
115030,23创元01,苏州创元投资发展(集团)有限公司,3,nan
115031,23航租01,中航国际融资租赁有限公司,3,AAA
115032,23江公01,南京江北新区公用控股集团有限公司,3,AA+
115034,23财券G2,财通证券股份有限公司,3,AAA
115035,23中邮01,中邮证券有限责任公司,3,AAA
115037,23江宁01,南京江宁国有资产经营集团有限公司,3,nan
115039,23诚通01,中国诚通控股集团有限公司,3,AAA
115040,23诚通02,中国诚通控股集团有限公司,5,AAA
115041,23宁安01,南京安居建设集团有限责任公司,5,nan
115042,G23粤风2,广东省风力发电有限公司,5,AAA
115043,23沿海G1,南通沿海开发集团有限公司,5,AAA
115044,23金坛01,江苏金坛国发国际投资发展有限公司,3,AA+
115045,中色YK02,中国有色矿业集团有限公司,nan,AAA
115046,中色YK03,中国有色矿业集团有限公司,nan,AAA
115047,23渝富01,重庆渝富控股集团有限公司,5,AAA
115048,23渝富02,重庆渝富控股集团有限公司,10,AAA
115050,中核YK01,中国核工业集团有限公司,nan,AAA
115051,中核YK02,中国核工业集团有限公司,nan,AAA
115052,23沪控01,上海城投控股股份有限公司,5,nan
115053,23佛建Y1,佛山市建设发展集团有限公司,nan,AA+
115054,23渝物02,重庆国际物流枢纽园区建设有限责任公司,3,nan
115056,建工KY01,北京建工集团有限责任公司,nan,AAA
115058,23蓉投01,成都城建投资管理集团有限责任公司,5,nan
115059,23咸金02,咸阳金融控股集团有限公司,4,nan
115060,23开源01,开源证券股份有限公司,2,nan
115061,23动能01,山东省新动能基金管理有限公司,5,AAA
115062,23首股03,北京首都开发股份有限公司,5,nan
115064,23浙商01,浙商证券股份有限公司,3,AAA
115065,23津投05,天津城市基础设施建设投资集团有限公司,1.02,AAA
115066,23产投01,陕西省产业投资有限公司,3,AAA
115067,交筑YK01,中交建筑集团有限公司,nan,AAA
115069,23安控05,厦门安居控股集团有限公司,3,nan
115070,23知投Y1,知识城(广州)投资集团有限公司,nan,AAA
115072,23联发01,联发集团有限公司,6,AAA
115073,23联发02,联发集团有限公司,6,AAA
115076,23厦贸04,厦门国贸控股集团有限公司,5,nan
115077,23京投02,北京市基础设施投资有限公司,3,AAA
115078,23大众01,大众交通(集团)股份有限公司,2,AAA
115079,23港务Y1,厦门港务控股集团有限公司,nan,AAA
115080,23发展Y1,五矿发展股份有限公司,nan,AA+
115082,23沪城01,上海城建(集团)有限公司,5,nan
115085,23老窖01,泸州老窖集团有限责任公司,3,AAA
115088,23株国03,株洲市国有资产投资控股集团有限公司,2,nan
115089,GY天成01,华能天成融资租赁有限公司,nan,AAA
115090,GC融和06,中电投融和融资租赁有限公司,2,AAA
115092,23东证03,东方证券股份有限公司,5,AAA
115093,23鄂旅01,湖北文化旅游集团有限公司,5,AAA
115094,23中银01,中银国际证券股份有限公司,3,AAA
115095,23环球Y1,中国环球租赁有限公司,nan,AAA
115096,23延长Y2,陕西延长石油(集团)有限责任公司,nan,AAA
115097,23漳九03,漳州市九龙江集团有限公司,5,AAA
115098,23张江K1,上海张江高科技园区开发股份有限公司,4,nan
115100,19东北C2,东北证券股份有限公司,3,nan
115101,19东北C1,东北证券股份有限公司,3,nan
115102,19国元C1,国元证券股份有限公司,3,nan
115103,19一创C1,第一创业证券股份有限公司,3,AA
115104,20英大C1,英大证券有限责任公司,1,nan
115105,20广发C1,广发证券股份有限公司,3,AA+
115106,20广发C2,广发证券股份有限公司,5,AA+
115107,20长城C1,长城证券股份有限公司,5,AA+
115108,20一创C1,第一创业证券股份有限公司,3,AA
115109,20国海C1,国海证券股份有限公司,3,AA+
115110,23蓉高01,成都高新投资集团有限公司,6,AAA
115111,23天信Y1,天府信用增进股份有限公司,nan,AAA
115114,20申证C3,申万宏源证券有限公司,3,nan
115115,20长城C2,长城证券股份有限公司,3,AA+
115116,23扬子G1,南京扬子国资投资集团有限责任公司,3,AAA
115118,20长城C3,长城证券股份有限公司,3,AA+
115120,20华西C1,华西证券股份有限公司,3,AA+
115121,20东北C2,东北证券股份有限公司,3,nan
115122,21长城C1,长城证券股份有限公司,3,AA+
115123,21国信Y1,国信证券股份有限公司,nan,AAA
115124,21国信Y2,国信证券股份有限公司,nan,AAA
115125,21广发Y1,广发证券股份有限公司,nan,AAA
115126,23济金01,济南金投控股集团有限公司,5,nan
115128,23贵控01,贵阳产业发展控股集团有限公司,5,nan
115130,23津投06,天津城市基础设施建设投资集团有限公司,1.02,AAA
115131,23浦房01,上海市浦东新区房地产(集团)有限公司,5,nan
115133,华电YK04,中国华电集团有限公司,nan,AAA
115134,23苏资01,江苏资产管理有限公司,3,nan
115136,23张投G2,张家港市城市投资发展集团有限公司,5,AAA
115137,23宏洋02,中海宏洋地产集团有限公司,5,AAA
115139,23杭租01,杭州金投融资租赁有限公司,3,AAA
115140,23杭金01,杭州市金融投资集团有限公司,5,AAA
115141,23保利01,保利发展控股集团股份有限公司,5,AAA
115144,23山钢02,山东钢铁集团有限公司,3,nan
115145,23浦开02,上海浦东开发(集团)有限公司,3,nan
115146,23建集Y1,厦门建发集团有限公司,nan,AAA
115148,路建YK01,中交路桥建设有限公司,nan,AAA
115149,23元禾K1,苏州元禾控股股份有限公司,5,AAA
115150,23元禾K2,苏州元禾控股股份有限公司,5,AAA
115151,23永钢01,江苏永钢集团有限公司,5,nan
115153,23渝物05,重庆国际物流枢纽园区建设有限责任公司,3,nan
115155,GC国铁SK,中国铁路投资集团有限公司,1,A-1
115156,23娄城G1,太仓娄城高新集团有限公司,5,nan
115157,23宏河债,山东宏河控股集团有限公司,3,nan
115159,GC华租02,华电融资租赁有限公司,2,AAA
115160,23路桥Y1,厦门路桥建设集团有限公司,nan,AAA
115161,23太新Y1,无锡市太湖新城发展集团有限公司,nan,AAA
115162,23三峡Y1,重庆三峡融资担保集团股份有限公司,nan,AAA
115163,23东财01,东营市财金投资集团有限公司,5,AA+
115165,23建控G1,扬州建工控股集团有限公司,5,AAA
115166,23昆租01,昆明市安居集团有限公司,2,AA+
115168,23财金02,山东省财金投资集团有限公司,3,AAA
115169,23光明01,光明食品(集团)有限公司,3,nan
115170,23张江一,上海张江(集团)有限公司,5,nan
115171,23保置03,保利置业集团有限公司,5,AAA
115172,23保置04,保利置业集团有限公司,7,AAA
115173,23山能01,山东能源集团有限公司,3,nan
115174,23山能02,山东能源集团有限公司,5,nan
115175,23住总01,北京住总集团有限责任公司,5,nan
115176,23恒信K1,海通恒信国际融资租赁股份有限公司,3,AAA
115177,23亦庄01,北京亦庄国际投资发展有限公司,5,AAA
115179,23穗投01,广州产业投资控股集团有限公司,3,AAA
115182,23先导01,长沙先导投资控股集团有限公司,5,nan
115184,23唐山01,唐山控股发展集团股份有限公司,3,AAA
115185,23国发01,苏州国际发展集团有限公司,3,nan
115187,23狮桥01,狮桥融资租赁(中国)有限公司,2,AA+
115188,23兴业02,兴业证券股份有限公司,3,AAA
115189,23津投07,天津城市基础设施建设投资集团有限公司,2,AAA
115190,23首钢01,首钢集团有限公司,5,AAA
115191,23首钢02,首钢集团有限公司,10,AAA
115192,23国金02,国金证券股份有限公司,2,AAA
115194,23象屿G1,厦门象屿集团有限公司,3,nan
115195,23象屿G2,厦门象屿集团有限公司,5,nan
115196,二局YK01,中交第二公路工程局有限公司,nan,AAA
115197,二局YK02,中交第二公路工程局有限公司,nan,AAA
115198,23北汽01,北京汽车集团有限公司,3,nan
115199,23知投Y3,知识城(广州)投资集团有限公司,nan,AAA
115201,23中财G1,中国中金财富证券有限公司,3,AAA
115202,23中财G2,中国中金财富证券有限公司,5,AAA
115203,23扬州G1,扬州市城建国有资产控股(集团)有限责任公司,3,AAA
115204,23首基01,北京首钢基金有限公司,5,AAA
115205,23宁证01,南京证券股份有限公司,2,AAA
115206,23江东03,江东控股集团有限责任公司,3,nan
115207,23豫资02,河南省豫资城乡一体化建设发展集团有限公司,3,nan
115208,23创投K1,深圳市创新投资集团有限公司,5,nan
115210,23安租06,平安国际融资租赁有限公司,4,AAA
115211,23中航G2,中航证券有限公司,3,AA+
115216,23鄂交01,湖北交通投资集团有限公司,10,AAA
115217,23远东三,远东国际融资租赁有限公司,2,AAA
115218,GC三资K1,三峡资本控股有限责任公司,3,AAA
115220,23国惠01,山东发展投资控股集团有限公司,5,nan
115221,23华宝01,华宝投资有限公司,3,nan
115222,一航YK01,中交第一航务工程局有限公司,nan,AAA
115224,23财券G4,财通证券股份有限公司,3,AAA
115225,23巨化01,巨化集团有限公司,3,nan
115227,23兰创02,山西兰花科技创业股份有限公司,5,AA+
115228,23外高01,上海外高桥集团股份有限公司,5,nan
115229,23信达01,信达证券股份有限公司,3,AAA
115231,23华资02,中国华电集团产融控股有限公司,2,AAA
115232,23苏垦01,江苏省农垦集团有限公司,3,nan
115233,23象金02,厦门象屿金象控股集团有限公司,2,AAA
115234,23诚通03,中国诚通控股集团有限公司,5,AAA
115235,23诚通04,中国诚通控股集团有限公司,7,AAA
115236,23筑工01,贵阳市工业投资有限公司,3,AAA
115237,23安租Y1,平安国际融资租赁有限公司,nan,AAA
115238,23HBST01,湖北省科技投资集团有限公司,10,nan
115239,23海资02,青岛海发国有资本投资运营集团有限公司,3,nan
115242,23浙资01,浙江省国有资本运营有限公司,3,nan
115243,23发控Y1,海南省发展控股有限公司,nan,AAA
115244,23厦贸Y1,厦门国贸集团股份有限公司,nan,AAA
115245,23唐租Y1,大唐融资租赁有限公司,nan,AAA
115247,建工KY03,北京建工集团有限责任公司,nan,AAA
115248,建工KY04,北京建工集团有限责任公司,nan,AAA
115249,23平证06,平安证券股份有限公司,2,AAA
115250,23平证07,平安证券股份有限公司,3,AAA
115251,23招证G1,招商证券股份有限公司,2,AAA
115252,23招证G2,招商证券股份有限公司,3,AAA
115253,23首集K1,北京首都创业集团有限公司,3,nan
115255,23苏交V1,苏州交通投资集团有限责任公司,3,nan
115256,23津投08,天津城市基础设施建设投资集团有限公司,1.02,AAA
115257,23诚通05,中国诚通控股集团有限公司,5,AAA
115258,23诚通06,中国诚通控股集团有限公司,10,AAA
115259,23豫管01,河南资产管理有限公司,3,AAA
115260,23中证G6,中信证券股份有限公司,2,AAA
115261,23中证G7,中信证券股份有限公司,5,AAA
115262,23昆租03,昆明市安居集团有限公司,2,nan
115263,G23锡交1,无锡市交通产业集团有限公司,10,AAA
115264,23陕煤Y2,陕西煤业化工集团有限责任公司,nan,AAA
115265,23联和K1,上海联和投资有限公司,5,AAA
115266,23联和K2,上海联和投资有限公司,5,AAA
115267,23赣融02,江西省金融控股集团有限公司,3,AAA
115268,G23甬投1,宁波开发投资集团有限公司,3,AAA
115269,23山钢03,山东钢铁集团有限公司,3,nan
115270,23动能02,山东省新动能基金管理有限公司,5,AAA
115271,23格力01,珠海格力集团有限公司,3,nan
115272,23海通07,海通证券股份有限公司,2,AAA
115273,23海通08,海通证券股份有限公司,3,AAA
115274,23汉投01,汉江国有资本投资集团有限公司,5,nan
115276,23鲁高Y2,山东高速集团有限公司,nan,AAA
115277,23苏信K1,江苏省国信集团有限公司,3,nan
115278,23环球01,中国环球租赁有限公司,4,nan
115279,23桂垦V1,广西国控资本运营集团有限责任公司,3,AA+
115281,23广越03,广州越秀集团股份有限公司,5,AAA
115282,23广越04,广州越秀集团股份有限公司,10,AAA
115285,金隅KY02,北京金隅集团股份有限公司,nan,AAA
115287,23知投Y5,知识城(广州)投资集团有限公司,nan,AAA
115290,23中化Y2,中国中化股份有限公司,nan,AAA
115291,23财通G3,无锡财通融资租赁有限公司,5,AAA
115293,23兴信02,兴业国信资产管理有限公司,3,AAA
115295,华电YK06,中国华电集团有限公司,nan,AAA
115296,23长产K1,长江产业投资集团有限公司,5,nan
115297,23控租03,国耀融汇融资租赁有限公司,3,AAA
115298,23发展Y3,五矿发展股份有限公司,nan,nan
115302,23产业01,广东南海产业集团有限公司,5,nan
115303,23吴金K1,苏州市吴中金融控股集团有限公司,5,AAA
115304,23宁开控,宁波经济技术开发区控股有限公司,5,nan
115305,G三航Y2,中交第三航务工程局有限公司,nan,AAA
115306,23湘江01,湖南湘江新区发展集团有限公司,3,nan
115307,23海陵G3,泰州海陵城市发展集团有限公司,3,nan
115308,23咸金03,咸阳金融控股集团有限公司,4,nan
115309,23国联02,国联民生证券股份有限公司,2.94,AAA
115313,23建控G2,扬州建工控股集团有限公司,5,AAA
115314,23招证G3,招商证券股份有限公司,3.1,AAA
115315,23招证G4,招商证券股份有限公司,5,AAA
115319,23吉高01,吉林省高速公路集团有限公司,5,AAA
115320,23杭旅01,杭州市商贸旅游集团有限公司,1.02,nan
115321,23濮阳01,濮阳投资集团有限公司,4,AAA
115322,23贵控03,贵阳产业发展控股集团有限公司,5,AAA
115323,23北控K1,北京控股集团有限公司,10,AAA
115325,23甬投Y1,宁波开发投资集团有限公司,nan,AAA
115326,23太新Y2,无锡市太湖新城发展集团有限公司,nan,AAA
115327,23HBST02,湖北省科技投资集团有限公司,3,nan
115328,23汉投03,汉江国有资本投资集团有限公司,7,nan
115330,23农创G1,潍坊三农创新发展集团有限公司,2,nan
115331,23陕旅01,陕西旅游集团有限公司,5,nan
115332,23中化Y3,中国中化股份有限公司,nan,AAA
115333,23交房01,中交房地产集团有限公司,3,AAA
115334,23诚通07,中国诚通控股集团有限公司,5,AAA
115335,23诚通08,中国诚通控股集团有限公司,10,AAA
115338,23联发03,联发集团有限公司,6,AAA
115340,23苏资G1,苏州资产管理有限公司,3,nan
115341,23湖州01,湖州市城市投资发展集团有限公司,5,AAA
115342,23乌江01,贵州乌江能源投资有限公司,3,nan
115344,23国君G5,国泰海通证券股份有限公司,2,AAA
115345,23国君G6,国泰海通证券股份有限公司,3.01,AAA
115346,23华泰G8,华泰证券股份有限公司,2.17,AAA
115347,23华泰G9,华泰证券股份有限公司,5,AAA
115348,23润药01,华润医药商业集团有限公司,3,nan
115349,23航租Y2,中航国际融资租赁有限公司,nan,AAA
115350,23紫金K1,紫金矿业集团股份有限公司,5,nan
115351,金隅KY03,北京金隅集团股份有限公司,nan,AAA
115352,23中证G8,中信证券股份有限公司,1.02,AAA
115353,23中证G9,中信证券股份有限公司,3,AAA
115354,23福瑞Y1,福建华电福瑞能源发展有限公司,nan,AAA
115356,23豫通Y1,河南交通投资集团有限公司,nan,nan
115357,23苏资02,江苏资产管理有限公司,3,nan
115359,23欣捷01,欣捷投资控股集团有限公司,3,AA
115360,23绿发02,中国绿发投资集团有限公司,5,AAA
115361,23陕增01,陕西信用增进投资股份有限公司,2,nan
115362,23海通09,海通证券股份有限公司,3,AAA
115363,23海通10,海通证券股份有限公司,5,AAA
115364,23土地01,山东省土地发展集团有限公司,5,nan
115365,23陕煤Y3,陕西煤业化工集团有限责任公司,nan,AAA
115367,23华泰10,华泰证券股份有限公司,3,AAA
115368,23华泰11,华泰证券股份有限公司,3,AAA
115369,23太湖G1,苏州太湖国有资产投资发展集团有限公司,3,nan
115370,23皖高01,安徽省高速地产集团有限公司,5,nan
115371,23平证08,平安证券股份有限公司,2,AAA
115372,23平证09,平安证券股份有限公司,3,AAA
115373,23兴业03,兴业证券股份有限公司,3,AAA
115374,23兴业04,兴业证券股份有限公司,5,AAA
115375,23锡建Y1,无锡市建设发展投资有限公司,nan,nan
115376,23诚通09,中国诚通控股集团有限公司,5,AAA
115377,23诚通10,中国诚通控股集团有限公司,10,AAA
115378,23洪轨01,南昌轨道交通集团有限公司,3,AAA
115381,23洪轨02,南昌轨道交通集团有限公司,5,AAA
115382,23张科K1,上海张江科技创业投资有限公司,5,AAA
115385,23蒙资01,内蒙古金融资产管理有限公司,3,AAA
115386,23上证01,上海证券有限责任公司,5,AAA
115387,23红塔04,红塔证券股份有限公司,2,AAA
115388,23红塔05,红塔证券股份有限公司,3,AAA
115389,GC融和08,中电投融和融资租赁有限公司,2,nan
115390,GC融和09,中电投融和融资租赁有限公司,3,nan
115391,23广物01,广东省广物控股集团有限公司,3,nan
115392,23陆债02,上海陆家嘴金融贸易区开发股份有限公司,5,nan
115393,23津投09,天津城市基础设施建设投资集团有限公司,2,AAA
115394,23兴泸01,泸州市兴泸投资集团有限公司,5,nan
115395,23兴泸02,泸州市兴泸投资集团有限公司,7,nan
115396,23西城02,杭州西湖城市建设投资集团有限公司,5,nan
115397,23安租Y2,平安国际融资租赁有限公司,nan,AAA
115398,23建租02,中建投租赁股份有限公司,2,nan
115399,23镇投G1,镇江国有投资控股集团有限公司,3,nan
115400,23首钢Y1,首钢集团有限公司,nan,AAA
115401,GC宏洋01,中海宏洋地产集团有限公司,4,AAA
115402,23唐租Y2,大唐融资租赁有限公司,nan,AAA
115403,23东证04,东方证券股份有限公司,3,AAA
115404,23先行02,江苏先行控股集团有限公司,3,nan
115405,G南自K01,国电南京自动化股份有限公司,3,nan
115406,23兖矿01,兖矿能源集团股份有限公司,5,nan
115407,23兖矿02,兖矿能源集团股份有限公司,10,nan
115408,23青信04,青岛国信发展(集团)有限责任公司,3,nan
115409,23南控01,广东南海控股集团有限公司,3,nan
115410,23电力Y1,国投电力控股股份有限公司,nan,AAA
115411,23广物02,广东省广物控股集团有限公司,2,nan
115412,23北电02,北京电子城高科技集团股份有限公司,3,AAA
115413,23芜湖02,芜湖宜居投资集团有限公司,3,nan
115414,23国金04,国金证券股份有限公司,3,AAA
115415,23中证S7,中信证券股份有限公司,1,A-1
115416,23中证10,中信证券股份有限公司,3,AAA
115417,23大兴01,北京大兴发展国有资本投资运营集团有限公司,3,AAA
115418,23浦房02,上海市浦东新区房地产(集团)有限公司,5,nan
115419,23陆集02,上海陆家嘴(集团)有限公司,5,nan
115421,23能源Y2,中化能源股份有限公司,nan,AAA
115422,23保利02,保利发展控股集团股份有限公司,5,AAA
115423,23上金K1,上海汽车集团金控管理有限公司,3,AA+
115424,23浦集01,上海浦东发展(集团)有限公司,5,nan
115425,23航租02,中航国际融资租赁有限公司,5,nan
115426,23铁资Y1,中铁建资产管理有限公司,nan,AAA
115428,23苏资03,江苏资产管理有限公司,3,nan
115429,23海资03,青岛海发国有资本投资运营集团有限公司,3,nan
115430,23牡丹01,黑牡丹(集团)股份有限公司,3,nan
115431,23杭金02,杭州市金融投资集团有限公司,3,AAA
115432,23中交K1,中国交通建设集团有限公司,3,AAA
115433,23津投10,天津城市基础设施建设投资集团有限公司,2,AAA
115434,23黄海K2,江苏黄海金融控股集团有限公司,5,nan
115435,23贵控04,贵阳产业发展控股集团有限公司,5,nan
115437,23湘财01,湘财证券股份有限公司,3,nan
115438,23中飞01,中飞租融资租赁有限公司,3,AAA
115439,建材YK01,中国建材股份有限公司,nan,AAA
115440,建材YK02,中国建材股份有限公司,nan,AAA
115441,23华综02,珠海华发综合发展有限公司,5,nan
115442,23广越05,广州越秀集团股份有限公司,5,AAA
115444,23华租Y1,华电融资租赁有限公司,nan,AAA
115445,23鄂投01,湖北省联合发展投资集团有限公司,5,nan
115446,金隅KY04,北京金隅集团股份有限公司,nan,AAA
115447,金隅KY05,北京金隅集团股份有限公司,nan,AAA
115448,23中金G3,中国国际金融股份有限公司,5,AAA
115450,23国金05,国金证券股份有限公司,3,AAA
115451,23赣融03,江西省金融控股集团有限公司,3,AAA
115452,23义乌G1,义乌市国有资本运营有限公司,5,AA+
115453,23电YK01,中国电力建设股份有限公司,nan,AAA
115454,23电YK02,中国电力建设股份有限公司,nan,AAA
115455,23海旅01,海南省旅游投资集团有限公司,5,AA+
115456,23中化Y4,中国中化股份有限公司,nan,AAA
115457,23穗港01,广州港集团有限公司,5,nan
115458,23穗港02,广州港集团有限公司,5,nan
115459,凯盛YK01,凯盛科技集团有限公司,nan,AAA
115460,凯盛YK02,凯盛科技集团有限公司,nan,AAA
115462,23交租01,中交融资租赁有限公司,3,nan
115463,23渤海01,渤海证券股份有限公司,3,AAA
115464,23产融05,中航工业产融控股股份有限公司,5,AAA
115465,23首农Y1,北京首农食品集团有限公司,nan,AAA
115468,23桂交01,广西交通投资集团有限公司,5,nan
115469,23赣财01,江西省财政投资集团有限公司,3,AAA
115470,23中保Y1,中国投融资担保股份有限公司,nan,AAA
115471,23中保Y2,中国投融资担保股份有限公司,nan,AAA
115472,23国联G1,无锡市国联发展(集团)有限公司,3,nan
115474,延长KY03,陕西延长石油(集团)有限责任公司,nan,AAA
115475,23国都G1,国都证券股份有限公司,3,AA+
115476,23鄂担Y3,湖北省融资担保集团有限责任公司,nan,AAA
115477,G23柳控1,广西柳州市投资控股集团有限公司,5,nan
115478,23穗建05,广州市城市建设开发有限公司,5,AAA
115479,23穗建06,广州市城市建设开发有限公司,10,AAA
115480,23知投Y7,知识城(广州)投资集团有限公司,nan,AAA
115484,23国管01,北京国有资本运营管理有限公司,10,AAA
115485,23济城G5,济南城市投资集团有限公司,3,AAA
115486,23济城G6,济南城市投资集团有限公司,5,AAA
115487,23海通11,海通证券股份有限公司,3,AAA
115488,23海通12,海通证券股份有限公司,5,AAA
115489,23平证10,平安证券股份有限公司,2,AAA
115490,23平证11,平安证券股份有限公司,3,AAA
115491,23中证11,中信证券股份有限公司,2,AAA
115492,23中证12,中信证券股份有限公司,3,AAA
115493,23建集Y2,厦门建发集团有限公司,nan,AAA
115494,长电SK01,中国长江电力股份有限公司,0.36,nan
115495,23豫通Y2,河南交通投资集团有限公司,nan,AAA
115496,23青租03,青岛城乡建设融资租赁有限公司,2,AAA
115497,23安租07,平安国际融资租赁有限公司,2,AAA
115498,23安租08,平安国际融资租赁有限公司,4,AAA
115499,23唐山02,唐山控股发展集团股份有限公司,3,AAA
115500,23华数01,华数数字电视传媒集团有限公司,3,nan
115501,23中公Y1,中交一公局集团有限公司,nan,AAA
115502,23国创G2,昆山国创投资集团有限公司,3,nan
115503,23中公Y2,中交一公局集团有限公司,nan,AAA
115504,23兴湘01,湖南兴湘投资控股集团有限公司,2,AAA
115505,23武生01,武汉生态环境投资发展集团有限公司,3,nan
115506,23中原02,中原证券股份有限公司,1.02,nan
115507,23厦贸Y2,厦门国贸集团股份有限公司,nan,AAA
115508,23诚通11,中国诚通控股集团有限公司,5,AAA
115509,23诚通12,中国诚通控股集团有限公司,10,AAA
115510,23唐新Y4,中国大唐集团新能源股份有限公司,nan,AAA
115511,23津投11,天津城市基础设施建设投资集团有限公司,2,AAA
115512,葛洲YK05,中国葛洲坝集团有限公司,nan,AAA
115513,23陕增02,陕西信用增进投资股份有限公司,3,nan
115514,23信地01,信达地产股份有限公司,5,AA+
115515,23信地02,信达地产股份有限公司,5,AA+
115516,23苏信01,江苏省国信集团有限公司,3,nan
115517,23皖交01,安徽省交通控股集团有限公司,3,nan
115518,23皖交02,安徽省交通控股集团有限公司,5,nan
115519,23象屿G3,厦门象屿集团有限公司,3,nan
115520,23东海02,东海证券股份有限公司,3,nan
115521,23远东四,远东国际融资租赁有限公司,2,AAA
115522,23国元G1,安徽国元金融控股集团有限责任公司,3,AAA
115523,23财通G4,无锡财通融资租赁有限公司,5,AAA
115524,华能YK05,中国华能集团有限公司,nan,AAA
115525,建工KY05,北京建工集团有限责任公司,nan,AAA
115526,G23华综1,珠海华发综合发展有限公司,5,AAA
115529,23中新01,中新苏州工业园区开发集团股份有限公司,3,nan
115532,23平煤04,平顶山天安煤业股份有限公司,5,nan
115533,23兴信03,兴业国信资产管理有限公司,3,AAA
115534,化学YK01,中国化学工程集团有限公司,nan,AAA
115537,23广越08,广州越秀集团股份有限公司,10,AAA
115538,23筑城01,贵阳市城市建设投资集团有限公司,5,AAA
115539,23环球Y2,中国环球租赁有限公司,nan,AAA
115540,23新城01,新城控股集团股份有限公司,3,AAA
115541,23新城02,新城控股集团股份有限公司,2,AAA
115543,23万联G1,万联证券股份有限公司,3,AA+
115544,23兖矿04,兖矿能源集团股份有限公司,10,AAA
115545,23盛泽G1,江苏盛泽投资有限公司,3,nan
115546,23电YK03,中国电力建设股份有限公司,nan,AAA
115547,23宁证02,南京证券股份有限公司,2,AAA
115548,23厦贸Y3,厦门国贸控股集团有限公司,nan,AAA
115549,陕煤KY04,陕西煤业化工集团有限责任公司,nan,AAA
115550,23国地01,厦门国贸地产集团有限公司,5,AAA
115551,铁建YK05,中国铁建股份有限公司,nan,AAA
115552,铁建YK06,中国铁建股份有限公司,nan,AAA
115554,23中化Y5,中国中化股份有限公司,nan,AAA
115555,23吉利01,浙江吉利控股集团有限公司,3,AAA
115556,23辽港01,辽宁港口股份有限公司,2,AAA
115557,23港口01,福建省港口集团有限责任公司,10,AAA
115558,23国发02,苏州国际发展集团有限公司,3,nan
115559,23赣交K2,江西省交通投资集团有限责任公司,5,nan
115560,23皖交03,安徽省交通控股集团有限公司,3,nan
115561,23产融06,中航工业产融控股股份有限公司,5,AAA
115563,23皖交04,安徽省交通控股集团有限公司,10,nan
115565,23绿城03,绿城房地产集团有限公司,3,AAA
115566,23张江K3,上海张江高科技园区开发股份有限公司,5,nan
115567,建二YK01,中国建筑第二工程局有限公司,nan,AAA
115569,23国联K1,无锡市国联发展(集团)有限公司,3,nan
115570,23恒信G1,海通恒信国际融资租赁股份有限公司,5,AAA
115571,23京城01,北京城建投资发展股份有限公司,5,AAA
115572,23佛建Y2,佛山市建设发展集团有限公司,nan,AA+
115573,23安控06,厦门安居控股集团有限公司,3,nan
115576,23豫投01,河南投资集团有限公司,10,AAA
115577,蓝星YK01,中国蓝星(集团)股份有限公司,nan,AAA
115578,23洪政02,南昌市政公用集团有限公司,3,nan
115579,23鲁高01,山东高速集团有限公司,10,AAA
115580,23鄂投02,湖北省联合发展投资集团有限公司,5,nan
115581,23海租01,海发宝诚融资租赁有限公司,3,AAA
115582,23京资01,北京市国有资产经营有限责任公司,10,AAA
115583,23芜湖03,芜湖宜居投资集团有限公司,3,nan
115584,23中证13,中信证券股份有限公司,2,AAA
115585,23中证14,中信证券股份有限公司,3,AAA
115586,23中信01,中国中信有限公司,5,AAA
115587,23中信02,中国中信有限公司,20,AAA
115588,23鲁海洋,山东海洋集团有限公司,3,nan
115589,23象屿Y1,厦门象屿股份有限公司,nan,AAA
115590,能建YK01,中国能源建设股份有限公司,nan,AAA
115593,23津投12,天津城市基础设施建设投资集团有限公司,2,AAA
115594,23象地01,象屿地产集团有限公司,3,AAA
115596,23珠江04,广州珠江实业集团有限公司,5,nan
115597,23象屿G4,厦门象屿集团有限公司,3,nan
115598,23二局Y3,中交第二公路工程局有限公司,nan,AAA
115600,23路投01,台州市路桥公共资产投资管理集团有限公司,5,nan
115601,23东兴G1,东兴证券股份有限公司,3,AAA
115602,23控租04,国耀融汇融资租赁有限公司,3,AAA
115603,23铁基01,安徽省铁路发展基金股份有限公司,5,nan
115605,G23建租1,中建投租赁股份有限公司,3,AAA
115606,23盛泽G2,江苏盛泽投资有限公司,1.02,nan
115607,23安租Y3,平安国际融资租赁有限公司,nan,AAA
115608,延长KY04,陕西延长石油(集团)有限责任公司,nan,AAA
115609,23晋金01,山西金融投资控股集团有限公司,5,nan
115610,23泉城01,泉州城建集团有限公司,3,nan
115612,建材YK03,中国建材股份有限公司,nan,AAA
115614,23芯鑫01,芯鑫融资租赁有限责任公司,2,AAA
115615,GY天成02,华能天成融资租赁有限公司,nan,AAA
115616,GY天成03,华能天成融资租赁有限公司,nan,AAA
115617,23沪控02,上海城投控股股份有限公司,5,nan
115618,23海通13,海通证券股份有限公司,3,AAA
115619,23海通14,海通证券股份有限公司,5,AAA
115620,凯盛YK03,凯盛科技集团有限公司,nan,AAA
115622,23京城02,北京城建投资发展股份有限公司,5,AAA
115623,23渝交01,重庆城市交通开发投资(集团)有限公司,5,nan
115625,23诚通13,中国诚通控股集团有限公司,5,AAA
115626,23诚通14,中国诚通控股集团有限公司,10,AAA
115627,山能YK01,山东能源集团有限公司,nan,AAA
115628,23成建工,成都建工集团有限公司,3,nan
115629,23津投13,天津城市基础设施建设投资集团有限公司,2,AAA
115630,23国金06,国金证券股份有限公司,3,AAA
115632,23安租10,平安国际融资租赁有限公司,4,AAA
115633,23隧道K1,上海隧道工程股份有限公司,3,nan
115634,23唐租Y3,大唐融资租赁有限公司,nan,AAA
115635,23渝高02,重庆高速公路集团有限公司,5,AAA
115636,23市北01,青岛市北城市发展集团有限公司,2,nan
115639,23小米S1,小米通讯技术有限公司,1,nan
115640,23绿发03,中国绿发投资集团有限公司,3,AAA
115641,23沪北01,上海市北高新(集团)有限公司,3,nan
115642,23银河G1,中国银河证券股份有限公司,3,AAA
115643,23银河G2,中国银河证券股份有限公司,5,AAA
115644,23浙港01,浙江省海港投资运营集团有限公司,5,nan
115645,23浙港02,浙江省海港投资运营集团有限公司,10,nan
115646,23华数02,华数数字电视传媒集团有限公司,3,nan
115647,23招证G5,招商证券股份有限公司,2,AAA
115648,23招证G6,招商证券股份有限公司,3,AAA
115650,铁工YK02,中国中铁股份有限公司,nan,AAA
115651,23海宁G1,海宁市资产经营公司,5,nan
115652,23平证12,平安证券股份有限公司,5,AAA
115653,23首城01,北京首创城市发展集团有限公司,3,AAA
115654,23首城02,北京首创城市发展集团有限公司,5,AAA
115655,23宁证03,南京证券股份有限公司,2,AAA
115658,23环球02,中国环球租赁有限公司,5,nan
115659,一航YV01,中交第一航务工程局有限公司,nan,AAA
115661,23东吴01,东吴证券股份有限公司,3,AAA
115663,建工KY06,北京建工集团有限责任公司,nan,AAA
115664,23温城05,温州市城市建设发展集团有限公司,5,nan
115665,23温城06,温州市城市建设发展集团有限公司,5,nan
115667,23津投14,天津城市基础设施建设投资集团有限公司,2,AAA
115668,23兴业05,兴业证券股份有限公司,3,AAA
115669,23兴业06,兴业证券股份有限公司,5,AAA
115670,23铁资Y3,中铁建资产管理有限公司,nan,AAA
115671,蓝星YK02,中国蓝星(集团)股份有限公司,nan,AAA
115672,23五资01,五矿资本控股有限公司,3,AAA
115673,23万联G2,万联证券股份有限公司,3,AA+
115674,23浦土01,上海浦东土地控股(集团)有限公司,3,AAA
115675,23国科01,中国科学院控股有限公司,3,nan
115677,23知投Y8,知识城(广州)投资集团有限公司,nan,AAA
115678,23洋河01,江苏洋河集团有限公司,9,nan
115679,23安信G1,国投证券股份有限公司,3,AAA
115681,23豫通01,河南交通投资集团有限公司,10,AAA
115682,23京资02,北京市国有资产经营有限责任公司,5,AAA
115683,23首钢Y2,首钢集团有限公司,nan,AAA
115684,23首钢Y3,首钢集团有限公司,nan,AAA
115685,23连城G1,连云港市城建控股集团有限公司,5,nan
115687,23华综03,珠海华发综合发展有限公司,5,AAA
115688,铁工YK03,中国中铁股份有限公司,nan,AAA
115689,铁工YK04,中国中铁股份有限公司,nan,AAA
115690,23中金G5,中国国际金融股份有限公司,5,AAA
115691,23中金G6,中国国际金融股份有限公司,7,AAA
115692,23武生02,武汉生态环境投资发展集团有限公司,3,nan
115693,23象金03,厦门象屿金象控股集团有限公司,3,AAA
115694,23建集Y3,厦门建发集团有限公司,nan,AAA
115695,23中银02,中银国际证券股份有限公司,3,AAA
115696,延长KY05,陕西延长石油(集团)有限责任公司,nan,AAA
115697,23恒信G2,海通恒信国际融资租赁股份有限公司,5,AAA
115698,23张江二,上海张江(集团)有限公司,5,nan
115699,23BEHL01,北京控股有限公司,3,AAA
115701,23财达01,财达证券股份有限公司,3,AAA
115703,23招证G8,招商证券股份有限公司,2.94,AAA
115704,23三局Y1,中交第三公路工程局有限公司,nan,AA+
115705,23桂北02,广西北部湾投资集团有限公司,3,AAA
115707,23华资03,中国华电集团产融控股有限公司,2,AAA
115708,23产融K1,中航工业产融控股股份有限公司,5,AAA
115709,23航租03,中航国际融资租赁有限公司,3,AAA
115710,23远东五,远东国际融资租赁有限公司,2,AAA
115711,华能YK06,中国华能集团有限公司,nan,AAA
115712,23闽冶01,福建省冶金(控股)有限责任公司,5,nan
115713,23闽冶02,福建省冶金(控股)有限责任公司,5,nan
115714,23苏高G1,苏州苏高新科技产业发展有限公司,3,AAA
115716,23迈瑞G2,重庆迈瑞城市建设投资有限责任公司,5,nan
115717,23吉高02,吉林省高速公路集团有限公司,5,AAA
115718,23国丰02,烟台国丰投资控股集团有限公司,3,AAA
115719,23国丰03,烟台国丰投资控股集团有限公司,5,AAA
115720,23杭金03,杭州市金融投资集团有限公司,3,AAA
115723,23赣融K1,江西省金融控股集团有限公司,3,AAA
115724,23津投15,天津城市基础设施建设投资集团有限公司,2,AAA
115725,23海鸿G1,江苏海鸿投资控股集团有限公司,3,nan
115726,23穗投02,广州产业投资控股集团有限公司,5,AAA
115727,23浙金控,浙江省创新投资集团有限公司,3,AAA
115728,23新业G1,新疆新业国有资产经营(集团)有限责任公司,5,nan
115729,23山钢04,山东钢铁集团有限公司,5,nan
115730,23宁德01,宁德市国有资产投资经营集团有限公司,5,nan
115731,23泰山G1,泰安市泰山财金投资集团有限公司,5,nan
115732,23狮桥02,狮桥融资租赁(中国)有限公司,2,AA+
115733,23平证13,平安证券股份有限公司,3,AAA
115734,23桂交02,广西交通投资集团有限公司,5,nan
115735,23华鑫01,华鑫证券有限责任公司,3,nan
115737,23安吉03,浙江安吉国控建设发展集团有限公司,5,nan
115738,23先行03,江苏先行控股集团有限公司,3,nan
115739,23华港02,华远国际陆港集团有限公司,5,AAA
115741,23财信01,湖南财信金融控股集团有限公司,5,nan
115742,建材YK05,中国建材股份有限公司,nan,AAA
115743,建材YK06,中国建材股份有限公司,nan,AAA
115744,23首城03,北京首创城市发展集团有限公司,3,AAA
115745,23首城04,北京首创城市发展集团有限公司,5,AAA
115746,23交资01,中交资本控股有限公司,5,AAA
115748,23豫资03,河南省豫资城乡一体化建设发展集团有限公司,3,nan
115750,23中公Y3,中交一公局集团有限公司,nan,AAA
115751,23中公Y4,中交一公局集团有限公司,nan,AAA
115753,23先导03,长沙先导投资控股集团有限公司,10,AAA
115754,23鲁金03,山东省金融资产管理股份有限公司,5,AAA
115755,23建发Y1,厦门建发股份有限公司,nan,AAA
115756,23津投16,天津城市基础设施建设投资集团有限公司,2,AAA
115758,23青信05,青岛国信发展(集团)有限责任公司,2,nan
115759,23青信06,青岛国信发展(集团)有限责任公司,3,nan
115760,23苏交01,江苏交通控股有限公司,3,nan
115762,23广越10,广州越秀集团股份有限公司,10,AAA
115764,23方正G2,方正证券股份有限公司,3,AAA
115765,23哈城01,哈尔滨市城市建设投资集团有限公司,5,nan
115766,23黔高01,贵州高速公路集团有限公司,3,AAA
115767,23甘金01,甘肃金融控股集团有限公司,2,nan
115768,23河西Y1,南京市河西新城区国有资产经营控股(集团)有限责任公司,nan,AAA
115769,23河西Y2,南京市河西新城区国有资产经营控股(集团)有限责任公司,nan,AAA
115770,23浙金02,浙江省创新投资集团有限公司,2,nan
115771,23甬投Y2,宁波开发投资集团有限公司,nan,AAA
115772,23甬投02,宁波开发投资集团有限公司,5,AAA
115773,23皖担Y1,安徽省信用融资担保集团有限公司,nan,AAA
115774,23光证G3,光大证券股份有限公司,3,AAA
115775,23安租11,平安国际融资租赁有限公司,4,AAA
115776,23招金01,招金矿业股份有限公司,5,nan
115777,23华综04,珠海华发综合发展有限公司,5,AAA
115778,23交租Y1,中交融资租赁有限公司,nan,AAA
115779,23疏浚K1,中交疏浚(集团)股份有限公司,3,AAA
115780,23中证15,中信证券股份有限公司,2,AAA
115781,23中证16,中信证券股份有限公司,3,AAA
115782,23中保Y3,中国投融资担保股份有限公司,nan,AAA
115783,23中保Y4,中国投融资担保股份有限公司,nan,AAA
115784,铁工YK05,中国中铁股份有限公司,nan,AAA
115785,铁工YK06,中国中铁股份有限公司,nan,AAA
115786,23航租04,中航国际融资租赁有限公司,3,AAA
115787,23连城G3,连云港市城建控股集团有限公司,5,nan
115790,23招证10,招商证券股份有限公司,3,AAA
115792,23中化Y6,中国中化股份有限公司,nan,AAA
115794,23融和01,中电投融和融资租赁有限公司,2,nan
115795,23融和02,中电投融和融资租赁有限公司,3,nan
115798,23津投17,天津城市基础设施建设投资集团有限公司,1.02,AAA
115799,23恒信Y2,海通恒信国际融资租赁股份有限公司,nan,AAA
115800,23京发01,京投发展股份有限公司,3,AAA
115802,23兴泸04,泸州市兴泸投资集团有限公司,7,nan
115803,23国君G7,国泰海通证券股份有限公司,2,AAA
115804,23国君G8,国泰海通证券股份有限公司,3,AAA
115805,23首钢03,首钢集团有限公司,3,AAA
115806,23首钢04,首钢集团有限公司,5,AAA
115807,23海连G1,江苏新海连发展集团有限公司,3,nan
115808,23紫金G1,紫金矿业集团股份有限公司,5,nan
115810,凯盛YK05,凯盛科技集团有限公司,nan,AAA
115811,凯盛YK06,凯盛科技集团有限公司,nan,AAA
115812,23唐租01,大唐融资租赁有限公司,3,nan
115813,23川金01,四川金融控股集团有限公司,3,AAA
115814,23电力01,国投电力控股股份有限公司,3,nan
115815,23电力02,国投电力控股股份有限公司,5,nan
115816,鲁高KY01,山东高速集团有限公司,nan,AAA
115817,23银河G3,中国银河证券股份有限公司,3,AAA
115818,23银河G4,中国银河证券股份有限公司,5,AAA
115819,23杭金04,杭州市金融投资集团有限公司,3,nan
115820,23铁基02,安徽省铁路发展基金股份有限公司,3,nan
115821,23铁基03,安徽省铁路发展基金股份有限公司,5,nan
115822,23产投G3,南京江北新区产业投资集团有限公司,5,nan
115823,23宁安02,南京安居建设集团有限责任公司,5,AAA
115824,23洪产01,南昌市产业投资集团有限公司,5,AAA
115825,23华福G2,华福证券股份有限公司,3,AAA
115827,23JTYK01,北京市基础设施投资有限公司,nan,AAA
115828,23海通15,海通证券股份有限公司,3,AAA
115830,23信投G2,中信建投证券股份有限公司,5,AAA
115831,23信投G3,中信建投证券股份有限公司,10,AAA
115832,23穗高Y3,广州高新区投资集团有限公司,nan,AA+
115833,23穗高Y4,广州高新区投资集团有限公司,nan,AA+
115834,23豫通02,河南交通投资集团有限公司,10,AAA
115835,23安信G3,国投证券股份有限公司,3,AAA
115836,23安信G4,国投证券股份有限公司,5,AAA
115837,23三峡K1,中国长江三峡集团有限公司,10,AAA
115838,23三峡K2,中国长江三峡集团有限公司,20,AAA
115839,23国投K1,国家开发投资集团有限公司,3,nan
115840,23国投K2,国家开发投资集团有限公司,10,nan
115843,23中财G3,中国中金财富证券有限公司,3,AAA
115844,23中财G4,中国中金财富证券有限公司,5,AAA
115845,23鲁高Y4,山东高速集团有限公司,nan,AAA
115846,23国泰01,国泰租赁有限公司,3,nan
115847,葛洲YKV1,中国葛洲坝集团有限公司,nan,AAA
115848,葛洲YKV2,中国葛洲坝集团有限公司,nan,AAA
115849,23蓉轨01,成都轨道交通集团有限公司,5,nan
115850,23五资02,五矿资本控股有限公司,3,AAA
115851,建材YK07,中国建材股份有限公司,nan,AAA
115852,建材YK08,中国建材股份有限公司,nan,AAA
115853,23高科02,武汉高科国有控股集团有限公司,10,AA+
115854,23中泰01,中泰证券股份有限公司,3,AAA
115855,23太湖G2,苏州太湖国有资产投资发展集团有限公司,3,nan
115856,23国联G2,无锡市国联发展(集团)有限公司,3,nan
115857,23靖江港,靖江港口集团有限公司,3,AAA
115858,河钢YK01,河钢集团有限公司,nan,AAA
115859,河钢YK02,河钢集团有限公司,nan,AAA
115860,23德达02,德州德达投资控股集团有限公司,5,nan
115861,23德达03,德州德达投资控股集团有限公司,5,nan
115862,23国创K1,昆山国创投资集团有限公司,3,nan
115863,23津投18,天津城市基础设施建设投资集团有限公司,1.02,AAA
115864,23景控02,景德镇市国资运营投资控股集团有限责任公司,3,AA+
115865,23安租Y4,平安国际融资租赁有限公司,nan,AAA
115869,23广越11,广州越秀集团股份有限公司,5,AAA
115870,23广越12,广州越秀集团股份有限公司,10,AAA
115871,23赣融04,江西省金融控股集团有限公司,3,AAA
115872,23镇投G2,镇江国有投资控股集团有限公司,3,nan
115873,23豫投02,河南投资集团有限公司,10,AAA
115875,23财信02,湖南财信金融控股集团有限公司,5,nan
115876,23山钢05,山东钢铁集团有限公司,5,nan
115877,23海国04,北京市海淀区国有资本运营有限公司,3,AAA
115878,铁工YK07,中国中铁股份有限公司,nan,AAA
115879,铁工YK08,中国中铁股份有限公司,nan,AAA
115880,23金城G1,张家港市金城投资发展集团有限公司,3,nan
115881,23金城G2,张家港市金城投资发展集团有限公司,5,nan
115882,23晋中01,晋中市公用基础设施投资控股(集团)有限公司,5,nan
115883,23渝高03,重庆高速公路集团有限公司,5,AAA
115884,23中证17,中信证券股份有限公司,2,AAA
115885,23中证18,中信证券股份有限公司,3,AAA
115886,23吉利K1,浙江吉利控股集团有限公司,3,nan
115887,23光明02,光明食品(集团)有限公司,3,nan
115888,23中交K2,中国交通建设集团有限公司,2,AAA
115889,23二局Y5,中交第二公路工程局有限公司,nan,AAA
115890,23二局Y6,中交第二公路工程局有限公司,nan,AAA
115891,23洪轨03,南昌轨道交通集团有限公司,5,AAA
115892,23兴城V2,成都兴城投资集团有限公司,5,AAA
115893,23浙农01,浙江省农村发展集团有限公司,3,nan
115894,23昆交G1,昆山交通发展控股集团有限公司,3,nan
115895,23太新Y4,无锡市太湖新城发展集团有限公司,nan,AAA
115897,23环球Y3,中国环球租赁有限公司,nan,AAA
115898,23穗高Y5,广州高新区投资集团有限公司,nan,AA+
115899,23穗高Y6,广州高新区投资集团有限公司,nan,AA+
115900,23海鸿G2,江苏海鸿投资控股集团有限公司,3,nan
115901,23泉金01,泉州发展集团有限公司,5,nan
115902,23隧道K2,上海隧道工程股份有限公司,3,nan
115903,23港口02,福建省港口集团有限责任公司,3,nan
115904,23渝富03,重庆渝富控股集团有限公司,5,AAA
115905,23津投19,天津城市基础设施建设投资集团有限公司,1.02,AAA
115907,赣投YK01,江西省投资集团有限公司,nan,AAA
115910,23方正G4,方正证券股份有限公司,3,AAA
115911,23三投01,三门峡市投资集团有限公司,5,nan
115912,23渝物07,重庆国际物流枢纽园区建设有限责任公司,3,nan
115913,23疏浚K2,中交疏浚(集团)股份有限公司,3,AAA
115914,23建房01,建发房地产集团有限公司,6,AAA
115915,23国丰04,烟台国丰投资控股集团有限公司,3,AAA
115916,23国丰05,烟台国丰投资控股集团有限公司,5,AAA
115917,23三资01,三峡资本控股有限责任公司,3,AAA
115918,23西证01,西南证券股份有限公司,3,AAA
115919,23远东六,远东国际融资租赁有限公司,2,AAA
115920,G23HXY1A,华电新能源集团股份有限公司,nan,AAA
115923,23中化Y7,中国中化股份有限公司,nan,AAA
115924,23海国05,北京市海淀区国有资本运营有限公司,5,AAA
115925,23海国06,北京市海淀区国有资本运营有限公司,5,AAA
115926,23安信G5,国投证券股份有限公司,3,AAA
115927,23环球03,中国环球租赁有限公司,5,nan
115928,23财信03,湖南财信金融控股集团有限公司,5,nan
115930,23中证20,中信证券股份有限公司,3,AAA
115932,建工KY07,北京建工集团有限责任公司,nan,AAA
115933,23兵器K1,中国兵器工业集团有限公司,3,nan
115934,23开福01,长沙开福城投集团有限责任公司,5,AA+
115936,23沪开02,上海城开(集团)有限公司,3,nan
115937,23济轨01,济南轨道交通集团有限公司,5,nan
115938,23兴信04,兴业国信资产管理有限公司,3,AAA
115939,GY锡铁01,无锡地铁集团有限公司,nan,AAA
115940,GY锡铁02,无锡地铁集团有限公司,nan,AAA
115941,23长产K3,长江产业投资集团有限公司,5,nan
115943,23杭实K1,杭州市实业投资集团有限公司,3,nan
115945,23陆债03,上海陆家嘴金融贸易区开发股份有限公司,5,nan
115947,23航租05,中航国际融资租赁有限公司,3,AAA
115951,23能投01,云南省能源投资集团有限公司,2,AAA
115952,23国金07,国金证券股份有限公司,3,AAA
115953,23厦贸Y4,厦门国贸控股集团有限公司,nan,AAA
115954,23黔高02,贵州高速公路集团有限公司,3,AAA
115957,23武生03,武汉生态环境投资发展集团有限公司,3,nan
115958,23桂交03,广西交通投资集团有限公司,5,nan
115959,23景控03,景德镇市国资运营投资控股集团有限责任公司,2,AA+
115960,上科创K1,上海科技创业投资(集团)有限公司,5,nan
115961,23扬子G2,南京扬子国资投资集团有限责任公司,3,AAA
115965,23产融08,中航工业产融控股股份有限公司,3,AAA
115966,23产融09,中航工业产融控股股份有限公司,5,AAA
115967,23银河G5,中国银河证券股份有限公司,3,AAA
115968,23银河G6,中国银河证券股份有限公司,5,AAA
115969,23银河G7,中国银河证券股份有限公司,10,AAA
115970,23赣交K3,江西省交通投资集团有限责任公司,3,AAA
115971,23赣交K4,江西省交通投资集团有限责任公司,5,AAA
115972,蓝星YK03,中国蓝星(集团)股份有限公司,nan,AAA
115973,23甬投Y3,宁波开发投资集团有限公司,nan,AAA
115974,23镇投G3,镇江国有投资控股集团有限公司,2,nan
115975,23建集Y4,厦门建发集团有限公司,nan,AAA
115976,23光证G4,光大证券股份有限公司,3,AAA
115977,延长KY06,陕西延长石油(集团)有限责任公司,nan,AAA
115978,铁工KY09,中国中铁股份有限公司,nan,AAA
115979,铁工KY10,中国中铁股份有限公司,nan,AAA
115980,23鄂旅Y1,湖北文化旅游集团有限公司,nan,AAA
115981,23晋金02,山西金融投资控股集团有限公司,5,nan
115983,23豫通Y3,河南交通投资集团有限公司,nan,AAA
115984,23豫通Y4,河南交通投资集团有限公司,nan,AAA
115985,23信投G4,中信建投证券股份有限公司,3,AAA
115986,23信投G5,中信建投证券股份有限公司,5,AAA
115987,23信投G6,中信建投证券股份有限公司,10,AAA
115988,23开源02,开源证券股份有限公司,3,nan
115989,23杭城01,杭州市城市建设投资集团有限公司,10,AAA
115990,23青信07,青岛国信发展(集团)有限责任公司,4,nan
115992,23桂垦V2,广西国控资本运营集团有限责任公司,2,AA+
115993,23国管02,北京国有资本运营管理有限公司,10,AAA
115994,23中证21,中信证券股份有限公司,3,AAA
115995,23中证22,中信证券股份有限公司,5,AAA
115996,23株国08,株洲市国有资产投资控股集团有限公司,2,nan
115997,23京资03,北京市国有资产经营有限责任公司,15,AAA
115998,23鲁资K3,山东省国有资产投资控股有限公司,3,nan
120001,99宝钢债,上海宝钢集团公司,5,AAA
120101,01中移动,中国移动通信集团广东有限公司,10,AAA
120102,01三峡债,中国长江电力股份有限公司,15,AAA
120201,02三峡债,中国长江电力股份有限公司,20,AAA
120202,02中移⑸,中国移动通信集团广东有限公司,5,AAA
120203,02中移⒂,中国移动通信集团广东有限公司,15,AAA
120204,02苏交通,江苏交通控股有限公司,15,AAA
120205,02渝城投,重庆市城市建设投资(集团)有限公司,10,AAA
120206,02武钢(3),武汉钢铁(集团)公司,3,AAA
120207,02武钢⑺,武汉钢铁(集团)公司,7,AAA
120288,02金茂债,中国金茂(集团)有限公司,10,AAA
120301,03沪轨道,上海久事公司,15,AAA
120302,03苏园建,苏州工业园区地产经营管理公司,10,AAA
120303,03三峡债,中国长江电力股份有限公司,30,AAA
120304,03电网⑴,国家电网公司,10,AAA
120305,03电网⑵,国家电网公司,10,AAA
120306,03中电投,国家电力投资集团有限公司,15,AAA
120307,03浦发债,上海浦东发展(集团)有限公司,10,AAA
120308,03沪杭甬,浙江沪杭甬高速公路股份有限公司,10,AAA
120309,03苏交通,江苏交通控股有限公司,10,AAA
120310,03网通(1),中国联合网络通信集团有限公司,10,AAA
120311,03网通(2),中国联合网络通信集团有限公司,10,AAA
120482,04通用债,中国通用技术(集团)控股有限责任公司,10,AAA
120483,04中石化,中国石油化工股份有限公司,10,AAA
120485,04国电(1),中国国电集团公司,10,AAA
120486,04国电(2),中国国电集团有限公司,15,AAA
120488,04京地铁,北京市基础设施投资有限公司,10,AAA
120489,04南网(1),中国南方电网有限责任公司,10,AAA
120490,04南网(2),中国南方电网有限责任公司,15,AAA
120501,05申能债,申能(集团)有限公司,10,AAA
120502,05苏园建,苏州工业园区地产经营管理公司,10,AAA
120503,05渝水务,重庆水务集团股份有限公司,10,AAA
120505,05华电债,中国华电集团公司,10,AAA
120506,05大唐债,中国大唐集团有限公司,15,AAA
120509,05国网(1),国家电网公司,10,AAA
120510,05国网(2),国家电网公司,10,AAA
120511,05沪建(1),上海城投(集团)有限公司,10,AAA
120512,05沪建(2),上海城投(集团)有限公司,15,AAA
120516,05中电投,国家电力投资集团公司,10,AAA
120517,05京能(1),北京能源投资(集团)有限公司,5,AAA
120518,05京能(2),北京能源投资(集团)有限公司,7,AAA
120519,05华能债,中国华能集团公司,10,AAA
120520,05杭城建,杭州市城市建设发展有限公司,10,AAA
120521,05国航债,中国国际航空股份有限公司,10,AAA
120522,05铁通债,中国铁通集团有限公司,10,AAA
120523,05闽高速,福建省高速公路有限责任公司,10,AAA
120525,05中核(1),中国核工业集团公司,10,AAA
120526,05中核(2),中国核工业集团有限公司,15,AAA
120527,05武城投,武汉市城市建设投资开发集团有限公司,15,AAA
120528,05世博债,上海世博(集团)有限公司,7,AAA
120529,05宁煤债,国家能源集团宁夏煤业有限责任公司,15,AAA
120601,06大唐债,中国大唐集团有限公司,20,AAA
120602,06冀建投,河北建设投资集团有限责任公司,20,AAA
120603,06航天债,中国航天科技集团有限公司,15,AAA
120604,06国网(1),国家电网公司,10,AAA
120605,06三峡债,中国长江三峡集团有限公司,20,AAA
120606,06张江债,上海张江(集团)有限公司,7,AAA
120607,06沪水务,上海水务资产经营发展有限公司,15,AAA
120608,06鲁高速,山东高速集团有限公司,20,AAA
120609,06赣投债,江西省投资集团有限公司,15,AAA
120610,06合城投,合肥城建投资控股有限公司,10,AAA
120701,07世博⑴,上海世博土地控股有限公司,10,AAA
120702,07世博(2),上海世博土地控股有限公司,15,AAA
122000,07长电债,中国长江电力股份有限公司,10,AAA
122001,07海工债,海洋石油工程股份有限公司,10,AAA
122002,07华能G1,华能国际电力股份有限公司,5,AAA
122003,07华能G2,华能国际电力股份有限公司,7,AAA
122004,07华能G3,华能国际电力股份有限公司,10,AAA
122005,08钒钛债,承德新新钒钛股份有限公司,5,AA+
122006,08金地债,金地(集团)股份有限公司,8,AAA
122007,08莱钢债,山东钢铁股份有限公司,10,AA
122008,08华能G1,华能国际电力股份有限公司,10,AAA
122009,08新湖债,新湖中宝股份有限公司,8,AA-
122010,08宁沪债,江苏宁沪高速公路股份有限公司,3,AAA
122011,08金发债,金发科技股份有限公司,5,AA-
122012,08保利债,保利房地产(集团)股份有限公司,5,AA+
122013,08北辰债,北京北辰实业股份有限公司,5,AA
122014,09豫园债,上海豫园旅游商城股份有限公司,5,AAA
122015,09长电债,中国长江电力股份有限公司,10,AAA
122016,09中材债,中国中材股份有限公司,7,AA+
122017,09大唐债,大唐国际发电股份有限公司,10,AAA
122018,09中交G1,中国交通建设股份有限公司,5,AAA
122019,09中交G2,中国交通建设股份有限公司,10,AAA
122020,09复地债,复地(集团)股份有限公司,5,AA
122021,09广汇债,广汇能源股份有限公司,7,AA
122022,09城控债,上海城投控股股份有限公司,5,AAA
122023,09万业债,上海万业企业股份有限公司,5,AA
122024,09国阳债,阳泉煤业(集团)股份有限公司,5,AA+
122025,09首置债,首创置业股份有限公司,5,AA
122026,09福田债,北汽福田汽车股份有限公司,5,AA+
122027,09京城建,北京城建投资发展股份有限公司,7,AA
122028,09华发债,珠海华发实业股份有限公司,8,AA
122029,09万通债,北京万通地产股份有限公司,5,AA+
122030,09京综超,北京华联综合超市股份有限公司,6,AA
122031,09天房债,天津市房地产发展(集团)股份有限公司,3,AA
122032,09隧道债,上海隧道工程股份有限公司,7,AA+
122033,09富力债,广州富力地产股份有限公司,5,AA+
122034,09中企债,中华企业股份有限公司,5,AA+
122035,09苏高新,苏州新区高新技术产业股份有限公司,5,AA
122036,09沪张江,上海张江高科技园区开发股份有限公司,5,AA+
122037,09三友债,唐山三友化工股份有限公司,8,AA
122038,09宁高科,南京高科股份有限公司,5,AA+
122039,09皖通债,安徽皖通高速公路股份有限公司,5,AAA
122040,09新黄浦,上海新黄浦置业股份有限公司,5,AA+
122041,09招金债,招金矿业股份有限公司,7,AA+
122042,09金丰债,上海金丰投资股份有限公司,3,AA+
122043,09紫江债,上海紫江企业集团股份有限公司,8,AA
122044,10连云债,江苏连云港港口股份有限公司,5,AA+
122045,10中铁G1,中国中铁股份有限公司,5,AAA
122046,10中铁G2,中国中铁股份有限公司,10,AAA
122047,10首机01,北京首都国际机场股份有限公司,5,AAA
122048,10首机02,北京首都国际机场股份有限公司,7,AAA
122049,10营口港,营口港务股份有限公司,8,AA
122050,10杉杉债,宁波杉杉股份有限公司,7,AA
122051,10石化01,中国石油化工股份有限公司,5,AAA
122052,10石化02,中国石油化工股份有限公司,10,AAA
122053,10泰豪债,泰豪科技股份有限公司,5,AA+
122054,10中铁G3,中国中铁股份有限公司,10,AAA
122055,10中铁G4,中国中铁股份有限公司,15,AAA
122056,10龙源01,龙源电力集团股份有限公司,5,AAA
122057,10龙源02,龙源电力集团股份有限公司,10,AAA
122058,10豫园债,上海豫园旅游商城股份有限公司,5,AAA
122059,重债暂停,重庆钢铁股份有限公司,7,AA+
122060,银债暂停,河南银鸽实业投资股份有限公司,7,AA
122061,11西矿01,西部矿业股份有限公司,5,AA+
122062,11西矿02,西部矿业股份有限公司,10,AA+
122063,11龙源01,龙源电力集团股份有限公司,5,AAA
122064,11龙源02,龙源电力集团股份有限公司,10,AAA
122065,11上港01,上海国际港务集团股份有限公司,5,AAA
122066,11大唐01,大唐国际发电股份有限公司,10,AAA
122067,11南钢债,南京钢铁股份有限公司,7,AA
122068,11海螺01,安徽海螺水泥股份有限公司,5,AAA
122069,11海螺02,安徽海螺水泥股份有限公司,7,AAA
122070,11海航01,海南航空股份有限公司,5,AA+
122071,11海航02,海南航空股份有限公司,10,AA+
122072,11大连港,辽宁港口股份有限公司,10,AAA
122073,云债暂停,云南云维股份有限公司,7,AA+
122074,11士兰微,杭州士兰微电子股份有限公司,5,AA
122075,11柳钢债,柳州钢铁股份有限公司,8,AA
122076,11康恩贝,浙江康恩贝制药股份有限公司,5,AA
122077,11西钢债,西宁特殊钢股份有限公司,8,AA
122078,11东阳光,广东东阳光科技控股股份有限公司,5,AA+
122079,11上港02,上海国际港务集团股份有限公司,5,AAA
122080,11康美债,康美药业股份有限公司,7,AA+
122081,PR星湖债,广东肇庆星湖生物科技股份有限公司,6,AA
122082,PR发展债,瀚蓝环境股份有限公司,5,AA
122083,11天威债,保定天威保变电气股份有限公司,7,AA+
122084,11湘电债,湘潭电机股份有限公司,5,AA+
122085,11深高速,深圳高速公路股份有限公司,5,AA+
122086,11正泰债,浙江正泰电器股份有限公司,5,AA+
122087,11凌钢债,凌源钢铁股份有限公司,8,AA+
122088,11综艺债,江苏综艺股份有限公司,5,AA
122089,11马钢01,马鞍山钢铁股份有限公司,3,AAA
122090,11马钢02,马鞍山钢铁股份有限公司,5,AAA
122091,11重机债,重庆机电股份有限公司,5,AA+
122092,11大秦01,大秦铁路股份有限公司,2,AAA
122093,孚债暂停,河南中孚实业股份有限公司,8,AA
122094,11海正债,浙江海正药业股份有限公司,5,AA
122095,11杭钢债,杭州钢铁股份有限公司,3,AA
122096,11健康元,健康元药业集团股份有限公司,7,AA+
122097,11浦路桥,上海浦东路桥建设股份有限公司,5,AA
122098,11八钢债,新疆八一钢铁股份有限公司,3,AA+
122099,11连港02,大连港股份有限公司,7,AAA
122100,11华仪债,华仪电气股份有限公司,5,AA
122102,11广汇01,广汇能源股份有限公司,6,AA+
122103,11航机01,中航重机股份有限公司,5,AA
122104,11航机02,中航重机股份有限公司,4,AA
122105,11安钢02,安阳钢铁股份有限公司,7,AA
122106,11唐新01,中国大唐集团新能源股份有限公司,5,AAA
122107,11安钢01,安阳钢铁股份有限公司,7,AA
122108,11新天01,新天绿色能源股份有限公司,6,AAA
122109,11新天02,新天绿色能源股份有限公司,7,AAA
122110,11众和债,新疆众和股份有限公司,7,AA
122111,11永泰债,永泰能源股份有限公司,5,AA
122112,11沪大众,上海大众公用事业(集团)股份有限公司,6,AA+
122113,11新钢债,新余钢铁股份有限公司,5,AA+
122114,11一重债,中国第一重型机械股份公司,5,AAA
122115,11华锐01,华锐风电科技(集团)股份有限公司,5,AAA
122116,11华锐02,华锐风电科技(集团)股份有限公司,5,AAA
122117,11闽高速,福建发展高速公路股份有限公司,5,AA+
122118,12兴发01,湖北兴发化工集团股份有限公司,6,AA
122119,12兴发02,湖北兴发化工集团股份有限公司,5,AA
122121,11日照港,日照港股份有限公司,5,AA+
122122,11精工债,长江精工钢结构(集团)股份有限公司,3,AA+
122123,11中化01,中化国际控股股份有限公司,4,AAA
122124,11中化02,中化国际控股股份有限公司,7,AAA
122125,11美兰债,瑞港国际机场集团股份有限公司,7,AA
122126,11庞大02,庞大汽贸集团股份有限公司,5,AA+
122127,11欧亚债,长春欧亚集团股份有限公司,7,AA+
122128,11武钢债,武汉钢铁股份有限公司,3,AAA
122129,12酒钢债,甘肃酒钢集团宏兴钢铁股份有限公司,3,AA+
122130,11航民01,浙江航民股份有限公司,3,AA
122131,11片仔癀,漳州片仔癀药业股份有限公司,5,AA
122132,12鹏博债,鹏博士电信传媒集团股份有限公司,5,AA
122133,11柳化债,柳州化工股份有限公司,7,AA
122134,11华微债,吉林华微电子股份有限公司,7,AA
122135,12宝泰隆,宝泰隆新材料股份有限公司,5,AA
122136,11复星债,上海复星医药(集团)股份有限公司,5,AA+
122138,11桂东01,广西桂东电力股份有限公司,7,AA
122139,11洪水业,江西洪城水业股份有限公司,5,AA+
122140,12宁港01,宁波港股份有限公司,3,AAA
122141,12天士01,天士力制药集团股份有限公司,5,AA
122142,11鹿港债,江苏鹿港文化股份有限公司,5,AA
122143,12亿利01,亿利洁能股份有限公司,8,AA+
122144,12鲁信债,鲁信创业投资集团股份有限公司,5,AA+
122145,11桂东02,广西桂东电力股份有限公司,7,AA
122146,12华新01,华新水泥股份有限公司,5,AA
122147,12华新02,华新水泥股份有限公司,7,AA
122148,11吉高速,吉林高速公路股份有限公司,7,AA
122149,12石化01,中国石油化工股份有限公司,5,AAA
122150,12石化02,中国石油化工股份有限公司,10,AAA
122151,12国电01,国电电力发展股份有限公司,5,AAA
122152,12国电02,国电电力发展股份有限公司,7,AAA
122153,12京能01,北京京能清洁能源电力股份有限公司,3,AAA
122154,12京能02,北京京能清洁能源电力股份有限公司,5,AAA
122155,12天富债,新疆天富热电股份有限公司,5,AA
122156,厦债暂停,厦门厦工机械股份有限公司,5,AA+
122157,12广控01,广州发展集团股份有限公司,7,AA+
122158,12西钢债,西宁特殊钢股份有限公司,8,AA
122159,12亿利02,亿利洁能股份有限公司,8,AA+
122161,12申通02,上海申通地铁股份有限公司,3,AA+
122162,12中孚债,河南中孚实业股份有限公司,5,AA
122163,12鄂资债,内蒙古鄂尔多斯资源股份有限公司,5,AA+
122164,12通威发,通威股份有限公司,5,AA
122165,12国电03,国电电力发展股份有限公司,3,AAA
122166,12国电04,国电电力发展股份有限公司,5,AAA
122167,12兖煤01,兖州煤业股份有限公司,5,AAA
122168,12兖煤02,兖矿能源集团股份有限公司,10,AAA
122169,12金瑞债,青海金瑞矿业发展股份有限公司,5,AA
122170,12江药债,江中药业股份有限公司,3,AA
122171,12中海01,中海发展股份有限公司,3,AAA
122172,12中海02,中远海运能源运输股份有限公司,10,AAA
122173,12中交01,中国交通建设股份有限公司,5,AAA
122174,12中交02,中国交通建设股份有限公司,10,AAA
122175,12中交03,中国交通建设股份有限公司,15,AAA
122176,12中储债,中储发展股份有限公司,7,AAA
122177,12科环01,国电科技环保集团股份有限公司,3,AAA
122178,12科环02,国电科技环保集团股份有限公司,5,AAA
122179,12科环03,国电科技环保集团股份有限公司,10,AAA
122180,12旋风债,河南黄河旋风股份有限公司,5,AA
122181,12山鹰债,安徽山鹰纸业股份有限公司,7,AA
122182,12九州通,九州通医药集团股份有限公司,5,AA+
122183,12集优01,上海集优机械股份有限公司,5,AAA
122184,一债暂停,中国第一重型机械股份公司,5,AAA
122185,12力帆01,力帆实业(集团)股份有限公司,3,AA
122186,12力帆02,力帆实业(集团)股份有限公司,5,AA
122187,12玻纤债,中国巨石股份有限公司,7,AA+
122188,12华新03,华新水泥股份有限公司,7,AA
122189,12王府01,王府井集团股份有限公司,5,AA+
122190,12王府02,王府井集团股份有限公司,7,AA+
122191,12桂冠01,广西桂冠电力股份有限公司,5,AAA
122192,12桂冠02,广西桂冠电力股份有限公司,10,AAA
122193,12中水01,中国电力建设股份有限公司,7,AAA
122194,12中水02,中国电力建设股份有限公司,10,AAA
122195,12中海03,中远海运能源运输股份有限公司,7,AAA
122196,12中海04,中远海运能源运输股份有限公司,10,AAA
122197,12华天成,北京华胜天成科技股份有限公司,5,AA
122198,12能新01,华能新能源股份有限公司,3,AAA
122199,12能新02,华能新能源股份有限公司,5,AAA
122200,12晋兰花,山西兰花科技创业股份有限公司,5,AA+
122201,12开滦01,开滦能源化工股份有限公司,7,AAA
122202,12海螺01,安徽海螺水泥股份有限公司,5,AAA
122203,12海螺02,安徽海螺水泥股份有限公司,10,AAA
122204,12双良节,双良节能系统股份有限公司,5,AA
122205,12沪交运,上海交运集团股份有限公司,5,AA+
122206,12赛轮债,赛轮股份有限公司,3,AA
122207,12骆驼集,骆驼集团股份有限公司,5,AA
122208,12招金券,招金矿业股份有限公司,5,AAA
122209,12中油01,中国石油天然气股份有限公司,5,AAA
122210,12中油02,中国石油天然气股份有限公司,10,AAA
122211,12中油03,中国石油天然气股份有限公司,15,AAA
122212,12京江河,江河创建集团股份有限公司,5,AA+
122213,12松建化,新疆青松建材化工(集团)股份有限公司,7,AA
122214,12大秦债,大秦铁路股份有限公司,3,AAA
122215,12永泰01,永泰能源股份有限公司,5,AA+
122216,12桐昆债,桐昆集团股份有限公司,5,AA
122217,12渝水务,重庆水务集团股份有限公司,5,AAA
122218,12国航01,中国国际航空股份有限公司,10,AAA
122219,12榕泰债,广东榕泰实业股份有限公司,5,AA
122220,12重工01,中信重工机械股份有限公司,5,AA+
122221,12重工02,中信重工机械股份有限公司,7,AA+
122222,12永泰02,永泰能源股份有限公司,5,AA+
122223,12电气01,上海电气集团股份有限公司,3,AAA
122224,12电气02,上海电气集团股份有限公司,5,AAA
122225,12一拖01,第一拖拉机股份有限公司,5,AA+
122226,12宝科创,宝胜科技创新股份有限公司,5,AA
122227,13尖峰01,浙江尖峰集团股份有限公司,5,AA+
122228,13天士01,天士力制药集团股份有限公司,5,AA+
122229,12国控01,国药控股股份有限公司,5,AAA
122230,12沪海立,上海海立(集团)股份有限公司,5,AAA
122231,12上电债,上海电力股份有限公司,5,AAA
122235,12芜湖港,安徽皖江物流(集团)股份有限公司,5,AAA
122236,12哈电01,哈尔滨电气股份有限公司,5,AAA
122237,12西资源,四川西部资源控股股份有限公司,5,AA
122238,13宁港01,宁波港股份有限公司,3,AAA
122239,13中油01,中国石油天然气股份有限公司,5,AAA
122240,13中油02,中国石油天然气股份有限公司,10,AAA
122241,12东航01,中国东方航空股份有限公司,10,AAA
122242,12广汽01,广州汽车集团股份有限公司,5,AAA
122243,12广汽02,广州汽车集团股份有限公司,10,AAA
122244,12大唐01,大唐国际发电股份有限公司,10,AAA
122245,13甬热电,宁波热电股份有限公司,7,AA+
122247,13福新01,华电福新能源股份有限公司,5,AAA
122248,13福新02,华电福新能源有限公司,10,AAA
122249,13平煤债,平顶山天安煤业股份有限公司,10,AAA
122250,13和邦01,四川和邦生物科技股份有限公司,7,AA
122251,13南车01,中国中车股份有限公司,5,AAA
122252,13南车02,中国中车股份有限公司,10,AAA
122253,12一拖02,第一拖拉机股份有限公司,5,AA+
122254,12拜克01,浙江瀚叶股份有限公司,5,AA+
122255,13赣粤01,江西赣粤高速公路股份有限公司,10,AAA
122256,13保税债,张家港保税科技(集团)股份有限公司,5,AA
122257,12岳纸01,岳阳林纸股份有限公司,5,AAA
122258,13云煤业,云南煤业能源股份有限公司,7,AA+
122263,12豫园01,上海豫园旅游商城股份有限公司,5,AA+
122264,13京客隆,北京京客隆商业集团股份有限公司,5,AAA
122265,13川路桥,四川路桥建设集团股份有限公司,5,AA+
122267,13永泰债,永泰能源股份有限公司,5,AA+
122268,12国航02,中国国际航空股份有限公司,5,AAA
122269,12国航03,中国国际航空股份有限公司,10,AAA
122271,12兖煤03,兖州煤业股份有限公司,5,AAA
122272,12兖煤04,兖矿能源集团股份有限公司,10,AAA
122273,13鲁金01,山东黄金矿业股份有限公司,5,AAA
122274,11航民02,浙江航民股份有限公司,3,AA
122275,13京能01,北京京能电力股份有限公司,1.5,AAA
122276,13魏桥01,魏桥纺织股份有限公司,5,AA
122277,13华域01,华域汽车系统股份有限公司,2,AAA
122278,13华域02,华域汽车系统股份有限公司,5,AAA
122279,13外运债,中国外运股份有限公司,3,AAA
122283,13盛屯债,盛屯矿业集团股份有限公司,5,AA
122284,13鲁金02,山东黄金矿业股份有限公司,5,AAA
122285,13杉杉债,宁波杉杉股份有限公司,5,AA
122287,13国投01,国投电力控股股份有限公司,5,AAA
122289,13日照港,日照港股份有限公司,3,AAA
122290,13包钢01,内蒙古包钢钢联股份有限公司,2,AAA
122294,12鲁创投,鲁信创业投资集团股份有限公司,5,AA+
122295,13川投01,四川川投能源股份有限公司,5,AA+
122297,13山煤01,山煤国际能源集团股份有限公司,2,AA+
122298,13亚盛债,甘肃亚盛实业(集团)股份有限公司,5,AA
122300,13铁龙01,中铁铁龙集装箱物流股份有限公司,2,AA+
122301,13楚天01,湖北楚天高速公路股份有限公司,5,AAA
122302,13天房债,天津市房地产发展(集团)股份有限公司,7,AA
122305,14鲁高速,山东高速股份有限公司,5,AAA
122306,13太极01,无锡市太极实业股份有限公司,5,AA+
122308,13杭齿债,杭州前进齿轮箱集团股份有限公司,5,AA+
122310,13苏新城,江苏新城地产股份有限公司,5,AA
122316,14赣粤01,江西赣粤高速公路股份有限公司,7,AAA
122317,14赣粤02,江西赣粤高速公路股份有限公司,10,AAA
122318,14中炬01,中炬高新技术实业(集团)股份有限公司,5,AA
122319,13京能02,北京京能电力股份有限公司,3,AAA
122320,14国贸01,中国国际贸易中心股份有限公司,5,AA+
122323,14凤凰债,江苏凤凰置业投资股份有限公司,5,AAA
122324,14国电01,国电电力发展股份有限公司,3,AAA
122326,14广晟债,广晟有色金属股份有限公司,3,AAA
122327,13卧龙债,卧龙地产集团股份有限公司,5,AA
122328,12开滦02,开滦能源化工股份有限公司,6,AAA
122329,14伊泰01,内蒙古伊泰煤炭股份有限公司,5,AA+
122330,13中企债,中华企业股份有限公司,5,AA+
122331,14营口港,营口港务股份有限公司,7,AA+
122332,14亿利01,亿利洁能股份有限公司,5,AA
122333,14嘉宝债,上海嘉宝实业(集团)股份有限公司,5,AA
122334,12大唐02,大唐国际发电股份有限公司,10,AAA
122335,14爱众01,四川广安爱众股份有限公司,7,AA
122336,13牡丹01,黑牡丹(集团)股份有限公司,5,AA
122337,13魏桥02,魏桥纺织股份有限公司,5,AA
122338,13金桥债,上海金桥出口加工区开发股份有限公司,8,AA+
122339,13香江债,深圳香江控股股份有限公司,5,AA
122340,14武控01,武汉三镇实业控股股份有限公司,5,AA+
122341,14连云港,江苏连云港港口股份有限公司,5,AA
122342,13包钢03,内蒙古包钢钢联股份有限公司,3,AA+
122343,13和邦02,四川和邦生物科技股份有限公司,5,AA
122344,13尖峰02,浙江尖峰集团股份有限公司,5,AA+
122345,12重工03,中信重工机械股份有限公司,5,AA+
122346,14贵人鸟,贵人鸟股份有限公司,5,AA
122347,13太极02,无锡市太极实业股份有限公司,5,AA+
122348,14北辰01,北京北辰实业股份有限公司,5,AA+
122349,14中炬02,中炬高新技术实业(集团)股份有限公司,5,AA
122350,14盛屯债,盛屯矿业集团股份有限公司,5,AA
122351,14北辰02,北京北辰实业股份有限公司,7,AA+
122352,12广汽03,广州汽车集团股份有限公司,5,AAA
122354,15康美债,康美药业股份有限公司,7,AA+
122356,14富贵鸟,富贵鸟股份有限公司,5,AA
122358,15际华03,际华集团股份有限公司,7,AAA
122361,14福田债,北汽福田汽车股份有限公司,5,AA+
122362,14上实01,上海实业发展股份有限公司,5,AA
122364,14渝路01,重庆路桥股份有限公司,5,AA
122365,14昊华01,北京昊华能源股份有限公司,7,AA+
122366,14武钢债,武汉钢铁股份有限公司,3,AAA
122368,14渝路02,重庆路桥股份有限公司,5,AA
122369,13包钢04,内蒙古包钢钢联股份有限公司,3,AA+
122370,14华远债,华远地产股份有限公司,5,AA
122371,14亨通01,江苏亨通光电股份有限公司,5,AA
122373,15舟港债,舟山港集团有限公司,5,AA+
122375,14苏新债,苏州新区高新技术产业股份有限公司,3,AA
122376,15首置01,首创置业股份有限公司,5,AA+
122377,14首开债,北京首都开发股份有限公司,7,AA+
122378,13楚天02,湖北楚天高速公路股份有限公司,5,AAA
122380,14瀚华01,瀚华金控股份有限公司,5,AA+
122381,14安源债,安源煤业集团股份有限公司,5,AA
122382,14京银债,京投发展股份有限公司,3,AAA
122383,15恒大01,恒大地产集团有限公司,5,AAA
122386,15迪马债,重庆市迪马实业股份有限公司,5,AA
122387,15城乡01,北京城乡商业(集团)股份有限公司,5,AA
122390,15龙湖01,重庆龙湖企业拓展有限公司,5,AAA
122391,15云能投,云南省能源投资集团有限公司,5,AAA
122392,15恒大02,恒大地产集团有限公司,4,AAA
122393,15恒大03,恒大地产集团有限公司,7,AAA
122395,15富力债,广州富力地产股份有限公司,5,AA+
122396,15时代债,广州市时代控股集团有限公司,5,AA
122397,15宜华01,宜华生活科技股份有限公司,5,AA
122398,15北巴债,北京巴士传媒股份有限公司,5,AA+
122401,15远洋03,北京远洋控股集团有限公司,10,AAA
122402,15城建01,北京城建投资发展股份有限公司,7,AA+
122403,15天恒债,北京天恒置业集团有限公司,5,AA
122405,15宜华02,宜华生活科技股份有限公司,5,AA
122406,15新湖债,新湖中宝股份有限公司,5,AA
122408,15美都债,美都能源股份有限公司,3,AA
122409,15龙湖02,重庆龙湖企业拓展有限公司,5,AAA
122410,15龙湖03,重庆龙湖企业拓展有限公司,7,AAA
122411,14招金债,招金矿业股份有限公司,5,AAA
122412,15昆药债,昆药集团股份有限公司,5,AA
122413,15精工债,长江精工钢结构(集团)股份有限公司,5,AA
122414,15物美01,物美控股集团有限公司,3,AA
122415,15增碧01,增城市碧桂园物业发展有限公司,3,AAA
122416,15好民居,哈尔滨好民居建设投资发展有限公司,5,AA
122417,15东旭集,东旭集团有限公司,5,AA
122418,15盛和债,盛和资源控股股份有限公司,5,AA
122420,15奥园债,奥园集团有限公司,3,AA
122421,15天房债,天津市房地产发展(集团)股份有限公司,5,AA+
122422,15梅花01,梅花生物科技集团股份有限公司,5,AA
122423,15五洋债,五洋建设集团股份有限公司,3,AA
122424,15华业债,北京华业资本控股股份有限公司,5,AA
122425,15际华01,际华集团股份有限公司,5,AAA
122426,15际华02,际华集团股份有限公司,7,AAA
122427,15海正01,浙江海正药业股份有限公司,5,AA+
122429,15海亮01,海亮集团有限公司,5,AA+
122430,15增碧02,增城市碧桂园物业发展有限公司,3,AAA
122431,15闽高速,福建发展高速公路股份有限公司,5,AA+
122432,15融创01,融创房地产集团有限公司,5,AA+
122433,15融创02,融创房地产集团有限公司,5,AA+
122434,15清能债,湖北清能投资发展集团有限公司,5,AA
122435,15兴发债,湖北兴发化工集团股份有限公司,5,AA
122436,15远洋02,远洋控股集团(中国)有限公司,7,AAA
122437,15远洋01,远洋控股集团(中国)有限公司,5,AAA
122438,15祥源债,祥源控股集团有限责任公司,3,AA
122439,15红豆债,红豆集团有限公司,5,AA
122440,15龙光01,深圳市龙光控股有限公司,5,AA
122441,15赣长运,江西长运股份有限公司,5,AA
122442,15鲁焦01,中融新大集团有限公司,3,AA
122443,15桂金债,广西金融投资集团有限公司,8,AA+
122444,15冠城债,冠城大通股份有限公司,5,AA
122445,15融创03,融创房地产集团有限公司,5,AA+
122446,15万达01,大连万达商业管理集团股份有限公司,5,AAA
122447,15物美02,物美控股集团有限公司,3,AA
122448,15龙光02,深圳市龙光控股有限公司,4,AA
122449,15绿城01,绿城房地产集团有限公司,5,AA+
122451,15九鼎债,同创九鼎投资管理集团股份有限公司,5,AA
122452,15杭实01,杭州市实业投资集团有限公司,10,AA+
122453,15联发01,联发集团有限公司,3,AAA
122454,15五洋02,五洋建设集团股份有限公司,5,AA
122455,15绿城02,绿城房地产集团有限公司,5,AA+
122456,15绿城03,绿城房地产集团有限公司,7,AA+
122457,15新金债,新疆金融投资有限公司,7,AA+
122458,15泛海02,中国泛海控股集团有限公司,6,AA
122459,15平高债,河南平高电气股份有限公司,3,AA+
122460,15粤路建,广东省公路建设有限公司,15,AAA
122461,15杭实02,杭州市实业投资集团有限公司,10,AA+
122462,15正奇债,正奇金融控股股份有限公司,3,AAA
122463,15花样年,花样年集团(中国)有限公司,5,AA
122464,15世茂01,上海世茂建设有限公司,5,AA+
122465,15广越01,广州越秀集团有限公司,3,AAA
122466,15广越02,广州越秀集团有限公司,5,AAA
122467,15万达02,大连万达商业管理集团股份有限公司,5,AAA
122468,15五矿01,中国五矿股份有限公司,5,AAA
122469,15五矿02,中国五矿股份有限公司,10,AAA
122470,15泛海03,中国泛海控股集团有限公司,6,AA
122472,15盛屯债,盛屯矿业集团股份有限公司,5,AA
122473,15联发02,联发集团有限公司,5,AAA
122474,15格房产,珠海格力房产有限公司,5,AA
122475,15亿达01,亿达发展有限公司,5,AA
122476,PR天瑞债,天瑞水泥集团有限公司,5,AA+
122477,15月星01,月星集团有限公司,5,AA
122478,14粤运01,广东粤运交通股份有限公司,7,AAA
122479,15南铝01,山东南山铝业股份有限公司,5,AA+
122480,15南铝02,山东南山铝业股份有限公司,5,AA+
122481,15铁建01,中国铁建房地产集团有限公司,5,AA+
122482,15金茂债,山东金茂纺织化工集团有限公司,5,AA
122483,15新光01,新光控股集团有限公司,5,AA
122484,15龙源01,龙源电力集团股份有限公司,5,AAA
122485,15厦住宅,厦门住宅建设集团有限公司,5,AA+
122486,15旭辉01,旭辉集团股份有限公司,5,AA
122487,15盈德债,湖南盈德气体有限公司,5,AA
122488,15金地01,金地(集团)股份有限公司,7,AAA
122489,15西建工,西安建工集团有限公司,5,AA
122490,15三福01,泰州三福重工集团有限公司,5,AA
122491,15藏城投,西藏城市发展投资股份有限公司,7,AA
122492,15新光02,新光控股集团有限公司,5,AA
122493,14国电03,国电电力发展股份有限公司,5,AAA
122494,15华夏05,华夏幸福基业股份有限公司,7,AA+
122495,14亨通02,江苏亨通光电股份有限公司,5,AA
122496,15世茂02,上海世茂建设有限公司,9,AA+
122497,15远洋04,远洋控股集团(中国)有限公司,6,AAA
122498,15远洋05,北京远洋控股集团有限公司,10,AAA
122499,15哈投01,哈尔滨投资集团有限责任公司,3,AA+
122500,PR郴城投,郴州市发展投资集团有限公司,7,AA
122501,PR寿财资,寿光市金财公有资产经营有限公司,7,AA+
122502,12哈合力,哈尔滨合力投资控股有限公司,6,AA
122503,PR并龙城,太原市龙城发展投资有限公司,7,AA+
122504,PR通天诚,内蒙古科尔沁城市建设投资集团有限公司,7,AA
122505,PR绍袍江,绍兴袍江工业区投资开发有限公司,7,AA
122506,PR吴交投,苏州市吴江交通投资集团有限公司,8,AA
122507,PR玉交投,玉环市交通投资集团有限公司,7,AA+
122508,PR兴林业,大兴安岭林业集团公司,7,AA
122509,PR白中兴,白城市中兴城市基础设施建设有限公司,7,AA
122510,PR靖新城,靖江市滨江新城投资开发有限公司,6,AA
122513,12伟星集,伟星集团有限公司,7,AA+
122514,12金融街,北京金融街投资(集团)有限公司,7,AAA
122515,PR庆城投,大庆市城市建设投资开发有限公司,7,AA+
122516,PR青州01,青州市宏源公有资产经营有限公司,7,AA
122517,PR青州02,青州市宏源公有资产经营有限公司,6,AA
122518,12保利集,中国保利集团有限公司,7,AAA
122519,PR锡经开,江苏省锡山经济开发区开发总公司,7,AA
122520,PR唐城投,唐山市南湖生态城开发建设投资有限责任公司,7,AA
122521,PR筑金阳,贵阳金阳建设投资(集团)有限公司,6,AA
122522,PR兴城建,兴化市城市建设投资有限公司,6,AA
122523,12海亮01,海亮集团有限公司,6,AA+
122524,12海亮02,海亮集团有限公司,7,AA+
122525,PR沪嘉开,上海嘉定工业区开发(集团)有限公司,6,AA
122526,PR永川惠,重庆市永川区惠通建设发展有限公司,7,AA
122527,PR温国投,温岭市国有资产投资集团有限公司,7,AA+
122528,PR琼港航,海南港航控股有限公司,7,AA
122530,PR七城投,七台河市城市建设投资发展有限公司,7,AA
122531,PR太科园,无锡太湖国际科技园投资开发有限公司,7,AA
122532,PR宜财投,宜昌市财政经济开发投资有限公司,7,AA
122533,PR平城投,平湖市城市发展投资(集团)有限公司,7,AA
122534,PR秦开发,秦皇岛开发区国有资产经营有限公司,7,AA
122535,12苏飞达,江苏飞达控股集团有限公司,6,AA+
122536,PR慈国控,慈溪市国有资产投资控股有限公司,7,AA+
122537,PR克城投,克拉玛依市城市建设投资发展有限责任公司,7,AA
122538,PR榕城乡,福州市城乡建设发展总公司,6,AA+
122539,PR阜城投,阜新市城市基础设施建设投资有限责任公司,7,AA
122540,PR宁浦口,南京浦口经济开发有限公司,7,AA
122541,12宁上陵,宁夏上陵实业(集团)有限公司,6,AA
122542,PR阿信诚,阿克苏信诚资产投资经营有限责任公司,6,AA
122543,PR钦开投,钦州市开发投资集团有限公司,7,AA+
122544,PR渝长开,重庆长寿开发投资(集团)有限公司,7,AA
122545,PR蒙高新,内蒙古高新控股有限公司,7,AA+
122546,PR宁高新,南京江北新区产业投资集团有限公司,7,AA
122547,PR曲靖投,曲靖市开发投资有限责任公司,7,AA
122548,12冀东发展债,冀东发展集团有限责任公司,7,AA+
122549,PR邳润城,邳州市润城资产经营集团有限公司,7,AA
122550,12苏国信,江苏省国信资产管理集团有限公司,5,AAA
122551,PR如东投,如东县东泰社会发展投资有限责任公司,7,AA
122552,PR新新业,新疆新业国有资产经营(集团)有限责任公司,7,AA+
122553,PR虞交通,绍兴市上虞区交通投资有限公司,7,AA+
122554,PR定海债,舟山市定海区国有资产经营有限公司,8,AA+
122555,PR常经投,常德市经济建设投资集团有限公司,7,AA
122556,PR咸宁投,咸宁市城市建设投资开发有限公司,6,AA
122557,PR株高科,株洲高科集团有限公司,7,AA
122558,12昆交01,昆明交通产业股份有限公司,5,AA+
122559,12昆交02,昆明交通产业股份有限公司,7,AA+
122560,PR淄城运,淄博市城市资产运营有限公司,7,AA+
122561,PR饶城投,上饶市城市建设投资开发集团有限公司,7,AA
122562,PR伊春债,伊春市城市建设投资开发有限责任公司,7,AA
122563,PR亳州债,建安投资控股集团有限公司,7,AA
122564,PR椒江债,台州市椒江区国有资产经营有限公司,8,AA
122565,PR邵城投,邵阳市城市建设投资经营集团有限公司,6,AA
122566,PR库城建,库尔勒城市建设(集团)有限责任公司,6,AA
122567,PR小清河,济南市小清河开发建设投资有限公司,7,AA
122568,PR随州债,随州市城市投资集团有限公司,7,AA+
122569,PR津生态,天津生态城投资开发有限公司,7,AA+
122570,12滇水投,云南省水利水电投资有限公司,7,AA
122571,PR兴国资,北京兴展投资控股有限公司,7,AA+
122572,12蓉投控,成都交子金融控股集团有限公司,7,AA+
122573,PR牡国投,牡丹江市国有资产投资控股有限公司,7,AA
122574,PR淮开控,淮安开发控股有限公司,7,AA
122575,PR肥城债,肥城市城市资产经营有限公司,6,AA
122576,PR内江债,内江投资控股集团有限公司,6,AA
122577,PR苏相城,苏州市相城城市建设投资(集团)有限公司,7,AA
122578,12长宁债,上海新长宁(集团)有限公司,7,AA+
122579,09远洋债,远洋地产有限公司,6,AA
122580,PR临安债,浙江国兴投资有限公司,6,AA+
122581,PR津南城,天津津南城市建设投资有限公司,7,AA
122582,PR湘九华,湘潭九华经济建设投资有限公司,7,AA
122583,PR遵投债,遵义市投资(集团)有限责任公司,7,AA
122584,PR松城开,松原市城市开发建设有限责任公司,7,AA
122585,PR新海连,江苏新海连发展集团有限公司,8,AA
122586,PR中交通,中山市交通发展集团有限公司,6,AA
122587,PR遵义债,遵义市道路桥梁工程有限责任公司,8,AA
122588,PR益城投,益阳市城市建设投资开发有限责任公司,7,AA
122589,PR毕信泰,毕节市信泰投资有限公司,7,AA+
122590,PR鹤城债,黑龙江省鹤城建设投资发展有限公司,10,AA
122591,12常交债,常州市交通产业集团有限公司,7,AA
122592,PR乌国资,乌鲁木齐国有资产经营有限公司,6,AA
122593,PR衡城投,衡阳市城市建设投资有限公司,7,AA+
122594,12泉州01,泉州市路桥建设开发有限公司,6,AA
122595,12泉州02,泉州市路桥建设开发有限公司,7,AA
122596,12沪城开,上海城开(集团)有限公司,6,AA
122597,12宝钛债,宝钛集团有限公司,6,AAA
122598,PR荆门债,荆门市城市建设投资公司,10,AA+
122599,PR梵投债,铜仁市梵净山投资有限公司,7,AA
122600,PR鑫泰债,泰州鑫泰集团有限公司,6,AA
122601,PR白山债,白山市城市建设投资开发有限公司,7,AA
122602,PR松城投,上海松江城镇建设投资开发有限公司,6,AA+
122603,PR穗经开,广州开发区投资集团有限公司,10,AA+
122604,PR吉铁路,吉林市铁路投资开发有限公司,7,AA
122605,PR宁海债,宁海县城市建设投资开发有限公司,6,AA+
122606,12顺鑫债,北京顺鑫控股集团有限公司,5,AA
122607,PR渝地产,重庆市地产集团有限公司,7,AA+
122608,PR西永债,重庆西永微电子产业园区开发有限公司,7,AA
122609,PR扬城控,扬州市城建国有资产控股(集团)有限责任公司,7,AA
122610,PR乐清债,乐清市国有投资有限公司,7,AA
122611,PR蓉经01,成都经济技术开发区建设发展有限公司,6,AA
122612,PR蓉经02,成都经济技术开发区建设发展有限公司,7,AA
122613,PR乌海债,乌海市城市建设投资集团有限责任公司,7,AA
122614,PR渝缙债,重庆缙云资产经营(集团)有限公司,7,AA
122615,PR百色债,广西百色开发投资集团有限公司,7,AA
122616,PR黔铁债,贵州铁路投资集团有限责任公司,10,AA+
122617,PR襄投债,汉江国有资本投资集团有限公司,7,AA
122618,12统众债,阿拉尔统众国有资产经营有限责任公司,10,AA
122619,PR迁安债,迁安市兴源水务产业投资有限公司,6,AA
122620,PR乌城投,乌鲁木齐城市建设投资(集团)有限公司,7,AA
122621,PR赣城债,赣州城市开发投资集团有限责任公司,6,AA
122622,PR锦城债,锦州市城市建设投资发展(集团)有限公司,7,AA
122623,PR旅建债,大连旅顺建设发展投资有限公司,7,AA+
122624,PR滨开债,滨州市滨城区经济开发投资有限公司,7,AA+
122625,12升华债,升华集团控股有限公司,7,AA+
122626,PR海恒债,合肥海恒投资控股集团公司,7,AA+
122627,PR京建工,北京建工集团有限责任公司,7,AA
122628,PR东投债,东台市交通投资建设集团有限公司,6,AA
122629,PR平发债,平顶山市发展投资有限公司,7,AA
122630,PR惠投债,南通市通州区惠通投资有限责任公司,7,AA
122631,PR晋国电,山西国际电力集团有限公司,10,AA+
122632,PR江阴债,江阴城市建设投资有限公司,7,AA
122633,PR嘉经债,嘉兴经济技术开发区投资发展集团有限责任公司,7,AA+
122634,PR芜开01,芜湖经济技术开发区建设投资公司,6,AA
122635,PR芜开02,芜湖经济技术开发区建设投资公司,10,AA
122636,PR连发债,江苏连云发展集团有限公司,7,AA
122637,PR鑫城债,合肥鑫城国有资产经营有限公司,7,AA
122638,PR申华信,信阳华信投资集团有限责任公司,7,AA
122639,PR绍新城,绍兴市城北新城建设投资有限公司,6,AA
122640,PR仪征债,江苏恒源投资控股集团有限公司,7,AA+
122641,PR武城投,常州市武进城市建设投资有限责任公司,6,AA
122642,PR朝阳债,朝阳市建设投资有限公司,7,AA
122643,12海资债,海航资本集团有限公司,7,AA
122644,PR铁岭债,铁岭公共资产投资运营集团有限公司,6,AA
122645,PR苏园建,苏州工业园区地产经营管理公司,7,AAA
122648,PR宣国投,宣城市国有资产投资有限公司,7,AA+
122649,PR长建投,长沙县星城发展集团有限公司,7,AA+
122650,泰能暂停,青岛能源燃气有限公司,6,AA
122651,PR广安投,广安发展建设集团有限公司,7,AA
122652,12杨农债,杨凌现代农业开发集团有限公司,7,AA
122653,12抚城投,抚顺市城建投资有限公司,10,AA
122654,12昆钢控,昆明钢铁控股有限公司,8,AA+
122655,PR铜建投,铜陵市建设投资控股有限责任公司,10,AA
122658,PR盘锦债,盘锦建设投资有限责任公司,7,AA
122659,12石油06,中国石油天然气集团有限公司,10,AAA
122660,12石油07,中国石油天然气集团有限公司,10,AAA
122661,PR怀化债,怀化市城市建设投资有限公司,6,AA
122662,PR合桃花,合肥桃花工业园经济发展有限公司,7,AA+
122663,PR科发债,绵阳科技城发展投资(集团)有限公司,7,AA
122664,PR葫芦岛,葫芦岛市投资集团有限公司,7,AA
122665,PR镇交投,镇江交通产业集团有限公司,7,AA
122666,12国网01,国家电网有限公司,10,AAA
122667,12国网02,国家电网有限公司,15,AAA
122668,12凉国投,凉山州发展(控股)集团有限责任公司,7,AA
122669,PR桂林债,桂林市经济建设投资总公司,6,AA+
122670,PR新盛债,徐州市新盛建设发展投资有限公司,6,AA
122671,12扬子江,扬州市扬子江投资发展集团有限责任公司,7,AAA
122672,PR西城投,西宁城市投资管理有限公司,7,AA
122673,PR渝李渡,重庆市涪陵区新城区开发(集团)有限公司,7,AA+
122674,PR12渝黔,重庆市黔江区城市建设投资(集团)有限公司,7,AA+
122675,PR杭城投,杭州市城市建设投资集团有限公司,6,AAA
122676,PR滨江债,常熟市滨江城市建设经营投资有限责任公司,7,AA+
122677,PR江宁债,南京江宁科学园发展有限公司,7,AA
122678,12扬化工,扬州化工产业投资发展有限公司,7,AA
122679,PR河套债,巴彦淖尔市河套水务集团有限公司,10,AA+
122680,PR昆建债,昆明市城建投资开发有限责任公司,6,AA+
122681,PR合农投,重庆市合川农村农业投资(集团)有限公司,6,AA
122682,PR营口债,营口市城市建设投资发展有限公司,8,AA
122683,12春和债,春和集团有限公司,6,AA
122684,PR合高新,合肥高新建设投资集团公司,7,AA
122685,PR吉城投,吉安市城市建设投资开发公司,7,AA
122686,12白药债,云南白药控股有限公司,7,AA+
122687,PR金坛债,常州市金坛区建设资产经营有限公司,7,AA
122688,PR华通债,青岛华通国有资本运营(集团)有限责任公司,7,AA
122689,PR宿开发,宿迁市经济开发总公司,7,AA+
122690,12三胞债,三胞集团有限公司,7,AA
122691,PR武清债,天津新技术产业园区武清开发区总公司,7,AA+
122692,12漳路桥,漳州市路桥经营有限公司,7,AA
122693,PR佳城投,佳木斯市新时代城市基础设施建设投资(集团)有限公司,7,AA
122694,PR兴荣债,重庆市兴荣控股集团有限公司,7,AA
122695,PR五国投,昆明市五华区国有资产投资经营管理有限公司,6,AA
122696,PR丹投债,丹阳投资集团有限公司,7,AA+
122697,PR11太资,太仓市资产经营集团有限公司,7,AA
122698,PR双流01,成都双流兴城建设投资有限公司,7,AA+
122699,PR双流02,成都双流兴城建设投资有限公司,7,AA
122700,PR来宾债,广西来宾城建投资集团有限公司,7,AA+
122701,PR余城建,杭州余杭城市建设集团有限公司,7,AA+
122702,PR海安债,海安县城建开发投资集团有限公司,6,AA
122703,PR鞍城投,鞍山市城市建设投资发展有限公司,7,AA
122704,PR江都债,扬州龙川控股集团有限责任公司,7,AA+
122705,12苏交通,江苏交通控股有限公司,5,AAA
122706,PR海门债,海门市城市发展集团有限公司,7,AA
122707,PR泰兴债,泰兴市中兴国有资产经营投资有限公司,6,AA
122708,PR伊旗债,伊金霍洛旗宏泰城市建设投资有限责任公司,7,AA
122709,PR绵阳债,绵阳市投资控股(集团)有限公司,7,AA+
122710,PR济城建,济南市城市建设投资有限公司,6,AA+
122711,12郑新债,河南省郑州新区建设投资有限公司,7,AA
122712,12中航债,中国航空技术国际控股有限公司,7,AAA
122713,12冀交通,河北建投交通投资有限责任公司,10,AAA
122714,PR海陵债,泰州市海陵资产经营有限公司,7,AA
122715,PR蓉新城,成都新城西城市投资经营中心,7,AA+
122716,PR莆田债,莆田市国有资产投资有限公司,7,AA
122717,12泉矿债,山东泉兴矿业集团有限责任公司,7,AA
122718,12渝南债,重庆市渝南资产经营有限公司,7,AA
122719,12龙交投,福建省龙岩交通国有资产投资经营有限公司,10,AA
122720,PR甬城投,宁波城建投资控股有限公司,6,AA
122721,PR辽国资,辽源市国有资产经营有限责任公司,7,AA+
122722,PR淮水利,淮安市水利控股集团有限公司,7,AA
122723,12石油05,中国石油天然气集团有限公司,10,AAA
122724,PR攀国02,攀枝花市国有投资(集团)有限责任公司,10,AA
122725,12宿产发,宿迁产业发展集团有限公司,6,AA
122726,PR柳东债,广西柳州市东城投资开发集团有限公司,7,AA+
122727,PR东胜债,鄂尔多斯市东胜城市建设开发投资集团有限责任公司,6,AA
122728,PR徐经开,徐州经济技术开发区国有资产经营有限责任公司,7,AA+
122729,江泉暂停,华盛江泉集团有限公司,7,AA
122730,12晋江债,福建省晋江产业发展投资集团有限公司,6,AA
122731,PR镇经开,江苏瀚瑞投资控股有限公司,7,AA+
122732,PR九江债,九江市城市建设投资有限公司,7,AA
122733,11京资01,北京国有资本经营管理中心,5,AAA
122734,11京资02,北京国有资本运营管理有限公司,10,AAA
122735,11六安债,六安城市建设投资有限公司,7,AA
122736,12石油03,中国石油天然气集团有限公司,7,AAA
122737,12石油04,中国石油天然气集团有限公司,15,AAA
122740,12延城投,延安城市建设投资开发有限责任公司,5,AAA
122741,PR双鸭债,双鸭山市大地城市建设开发投资有限公司,7,AA
122742,12鲁高速,山东高速集团有限公司,10,AAA
122743,PR华发集,珠海华发集团有限公司,6,AA+
122744,11本溪债,本溪市城市建设投资发展有限公司,10,AA
122745,12方大01,辽宁方大集团实业有限公司,6,AA
122746,12方大02,辽宁方大集团实业有限公司,7,AA
122747,12晋煤运,山西煤炭运销集团有限公司,10,AAA
122748,12石油01,中国石油天然气集团有限公司,7,AAA
122749,12石油02,中国石油天然气集团有限公司,10,AAA
122750,PR常经营,常熟市城市经营投资有限公司,7,AA
122751,11冀新债,河北省新合作控股集团有限公司,7,AA
122752,PR大丰港,江苏大丰海港控股集团有限公司,6,AA+
122753,PR姜国资,泰州市姜堰国有资产投资集团有限公司,7,AA
122754,PR通化债,通化市丰源投资开发有限公司,10,AAA
122755,PR潭城建,湘潭市城市建设投资经营有限责任公司,7,AA
122756,12甘农垦,甘肃省农垦集团有限责任公司,7,AAA
122757,PR丹建投,丹东城市开发建设投资有限公司,7,AA
122758,PR张家港,张家港保税区张保实业有限公司,7,AA
122759,11泰豪债,泰豪集团有限公司,7,AA+
122760,PR渝富债,重庆渝富资产经营管理集团有限公司,7,AA+
122761,PR萧国资,杭州市萧山区国有资产经营总公司,5,AA+
122762,PR吴江债,苏州市吴江东方国有资本投资经营有限公司,7,AA
122763,11淮产投,淮南市产业发展(集团)有限公司,6,AA+
122764,11泛海01,中国泛海控股集团有限公司,6,AA
122765,11泛海02,中国泛海控股集团有限公司,10,AA
122766,PR宜投债,宜昌市城市建设投资开发有限公司,8,AA
122767,PR盐城新,盐城市城南新区开发建设投资有限公司,7,AA
122768,PR兰城投,兰州市城市发展投资有限公司,7,AA
122769,PR龙海债,龙海市国有资产投资经营有限公司,6,AA
122770,11国网01,国家电网有限公司,10,AAA
122771,11国网02,国家电网有限公司,15,AAA
122772,山煤暂停,山西煤炭进出口集团有限公司,7,AA+
122773,11滨海01,天津滨海新区建设投资集团有限公司,5,AAA
122774,PR滨投02,天津滨海新区建设投资集团有限公司,10,AAA
122775,PR咸城投,咸阳市城市建设投资控股集团有限公司,6,AA
122776,11新光债,新光控股集团有限公司,7,AA
122777,PR吴中债,江苏省吴中经济技术发展总公司,7,AA
122778,11建发债,厦门建发集团有限公司,8,AA+
122779,PR株城债,株洲市城市建设发展集团有限公司,10,AA
122780,PR长高新,长沙高新控股集团总公司,6,AA+
122781,PR永州债,永州市城市发展集团有限责任公司,10,AA+
122782,11宁农债,宁夏农垦集团有限公司,7,AA+
122783,11苏中能,江苏中能硅业科技发展有限公司,7,AA
122784,11中兴新,中兴新通讯有限公司,8,AA+
122785,11海宁债,海宁市资产经营公司,7,AA+
122786,11联想债,联想控股股份有限公司,7,AAA
122787,11赣铁债,江西省铁路投资集团公司,7,AA+
122788,PR三明债,三明市国有资产投资经营公司,7,AA
122789,11象屿债,厦门象屿集团有限公司,7,AA
122790,PR诸暨债,诸暨市城市建设投资发展有限公司,7,AA+
122792,11邯郸债,邯郸城市发展投资集团有限公司,7,AA
122793,PR扬开债,扬州经济技术开发区开发总公司,5,AAA
122794,PR海城债,海城市城建投资有限公司,7,AA
122795,PR诸城债,诸城市经济开发投资公司,7,AA+
122796,11冀投01,河北建设投资集团有限责任公司,10,AAA
122797,11冀投02,河北建设投资集团有限责任公司,13,AAA
122798,11泰矿债,山东泰丰控股集团有限公司,7,AA
122799,11武国资,武汉国有资产经营有限公司,7,AA+
122800,11龙煤电,龙口煤电有限公司,7,AA
122801,11焦作债,焦作市建设投资(控股)有限公司,7,AA
122802,PR辽阳债,辽阳城市资本经营有限公司,7,AA+
122803,PR滁建投,滁州市城市投资控股集团有限公司,10,AA
122804,11渭南01,渭南市城市投资集团有限公司,6,AA
122805,PR大同债,大同市经济建设投资有限责任公司,6,AA
122806,11渭南02,渭南市城市投资集团有限公司,7,AA+
122807,11东岭债,东岭集团股份有限公司,6,AA
122808,PR滕州债,滕州市城市国有资产经营有限公司,7,AA+
122809,PR准国资,内蒙古准格尔国有资本投资控股集团有限公司,7,AA
122810,PR邹平债,邹平县国有资产投资经营有限公司,7,AA
122811,11蒙奈伦,内蒙古奈伦集团股份有限公司,7,AA
122812,11淮北债,淮北市建设投资有限责任公司,7,AA
122813,11宁交通,宁夏交通投资集团有限公司,10,AA
122814,PR东营债,东营市城市资产经营有限公司,7,AA+
122815,11广汇债,新疆广汇实业投资(集团)有限责任公司,6,AA
122816,11高密债,高密市国有资产经营投资有限公司,7,AA
122817,11三门峡,三门峡市财经投资公司,7,AA
122818,PR牟平债,烟台市牟平区国有资产经营公司,8,AA
122819,11常城建,常州市城市建设(集团)有限公司,7,AA
122820,11潍东方,潍坊市东方国有资产经营管理有限公司,7,AA+
122821,11吉城建,吉林市城市建设控股集团有限公司,7,AA
122822,PR汉中债,汉中市城市建设投资开发有限公司,7,AA+
122823,11舟山债,舟山交通投资集团有限公司,7,AA+
122824,11中煤建,中煤矿山建设集团有限责任公司,7,AA
122825,PR景德镇,景德镇市国资运营投资控股集团有限责任公司,7,AA
122826,11北港债,广西北部湾国际港务集团有限公司,6,AA
122827,11新奥债,新奥(中国)燃气投资有限公司,7,AA
122828,PR抚州债,抚州市市属国有资产投资控股集团有限公司,7,AA
122829,万基暂停,河南万基铝业股份有限公司,7,AA
122830,11沈国资,沈阳农业高新区国有资产经营有限公司,8,AA
122831,PR惠通债,重庆市永川区惠通建设发展有限公司,7,AA
122832,PR泰山债,泰安市泰山投资有限公司,7,AA
122833,11赣城债,赣州城市开发投资集团有限责任公司,7,AA
122834,11牡国投,牡丹江市国有资产投资控股有限公司,7,AA
122835,11兴泸债,泸州市兴泸投资集团有限公司,10,AA+
122836,PR盘锦投,盘锦建设投资有限责任公司,7,AA
122837,11武经发,江苏武进经济发展集团有限公司,7,AA+
122838,11吉利债,浙江吉利控股集团有限公司,7,AA
122839,11鑫泰债,泰州鑫泰集团有限公司,7,AA
122840,PR临汾债,临汾市投资集团有限公司,8,AA+
122841,PR渝津债,重庆市江津区华信资产经营(集团)有限公司,7,AA
122842,PR合城债,重庆市合川城市建设投资(集团)有限公司,7,AA
122843,11绥化债,绥化市鑫源城市建设投资发展有限公司,7,AA
122844,11筑城投,贵阳市城市建设投资(集团)有限公司,7,AA
122845,11横店债,横店集团控股有限公司,10,AA
122846,11渝富债,重庆渝富资产经营管理集团有限公司,7,AA+
122847,11甬交投,宁波交通投资控股有限公司,10,AA
122848,10桂林债,桂林市经济建设投资总公司,7,AA
122849,11新余债,新余市城市建设投资开发公司,7,AA
122850,11华泰债,华泰集团有限公司,7,AA+
122851,10玉溪01,玉溪市开发投资有限公司,6,AA
122852,10玉溪02,玉溪市开发投资有限公司,7,AA
122853,太重暂停,太原重型机械集团有限公司,10,AAA
122854,11中汇债,中山中汇投资集团有限公司,7,AA
122855,11渝轻纺,重庆轻纺控股(集团)公司,7,AA
122856,PR株高债,株洲高科集团有限公司,7,AA
122857,PR九华债,湘潭九华经济建设投资有限公司,6,AA
122858,10盐城01,盐城市城市资产经营有限公司,6,AA
122859,10盐城02,盐城市城市资产经营有限公司,7,AA
122860,10龙源债,龙源电力集团股份有限公司,7,AAA
122861,陕煤暂停,陕西煤业化工集团有限责任公司,8,AA+
122862,10闽能源,福建省能源集团有限责任公司,7,AAA
122863,10榆城投,榆林市城市投资经营集团有限公司,7,AA
122864,11外滩债,上海外滩投资开发(集团)有限公司,7,AA+
122865,10苏海发,江苏海州湾发展集团有限公司,7,AA+
122866,10杭交投,杭州市交通投资集团有限公司,10,AA+
122867,PR石城建,石家庄市城市建设投资控股集团有限公司,10,AA+
122868,ST沈煤债,沈阳煤业(集团)有限责任公司,7,AA
122869,10沪化工,上海化学工业区发展有限公司,7,AA+
122870,PR渝大晟,重庆大晟资产经营(集团)有限公司,7,AA
122871,10镇交投,镇江交通产业集团有限公司,7,AA
122872,10复星债,上海复星高科技(集团)有限公司,7,AA
122873,10通经开,南通市经济技术开发区总公司,7,AA
122874,10红投01,红河州开发投资有限责任公司,6,AA
122875,10红投02,红河州开发投资有限责任公司,7,AA
122876,11海控债,海南省发展控股有限公司,7,AA+
122877,PR渝南岸,重庆市南岸区城市建设发展(集团)有限公司,7,AA
122878,10渝北债,重庆市江北嘴中央商务区投资集团有限公司,7,AA+
122879,10天脊债,天脊煤化工集团股份有限公司,7,AA
122880,天业暂停,新疆天业(集团)有限公司,6,AA
122881,PR吴江经,吴江经济技术开发区发展总公司,8,AA
122882,10宁高新,南京高新技术经济开发有限责任公司,7,AA
122883,PR楚雄债,楚雄州开发投资有限公司,7,AA
122884,10西子债,西子电梯集团有限公司,7,AA+
122885,10冀交通,河北建投交通投资有限责任公司,15,AAA
122886,PR云投债,云南省投资控股集团有限公司,7,AA+
122887,10渝交通,重庆交通旅游投资集团有限公司,7,AA+
122888,PR华靖债,江苏华靖资产经营有限公司,7,AA+
122889,10冶色债,大冶有色金属集团控股有限公司,8,AA+
122890,PR凯迪债,阳光凯迪新能源集团有限公司,10,AA+
122891,PR通辽债,通辽市城市投资集团有限公司,7,AA
122892,PR寿光债,寿光市金财公有资产经营有限公司,10,AA
122893,PR丹东债,丹东城市开发建设投资有限公司,7,AA
122894,10洪市政,南昌市政公用投资控股有限责任公司,7,AA+
122895,10德州债,德州德达城市建设投资运营有限公司,7,AA
122896,10芜开债,芜湖经济技术开发区建设投资公司,7,AA
122897,10襄投债,汉江国有资本投资集团有限公司,8,AA+
122898,PR攀国投,攀枝花市国有投资(集团)有限责任公司,10,AA
122899,10杨浦01,上海杨浦城市建设投资(集团)有限公司,7,AA+
122900,10杨浦02,上海杨浦城市建设投资(集团)有限公司,7,AA+
122901,PR营城投,营口市城市建设投资发展有限公司,10,AA+
122902,PR赤峰债,赤峰市城市建设投资(集团)有限公司,7,AA+
122903,PR盐东方,盐城东方投资开发集团有限公司,7,AA+
122904,10长城投,长沙市城市建设投资开发集团有限公司,10,AAA
122905,10南昌债,南昌城市建设投资发展有限公司,7,AA+
122906,10芜投01,芜湖市建设投资有限公司,7,AA
122907,10芜投02,芜湖市建设投资有限公司,7,AA
122908,10苏交通,江苏交通控股有限公司,6,AAA
122909,10宜兴债,宜兴市城市发展投资有限公司,6,AA+
122910,10漯河债,漯河市城市建设投资有限公司,7,AA
122911,10鞍城投,鞍山市城市建设投资发展有限公司,10,AA+
122912,10鄂国资,鄂尔多斯市国有资产投资控股集团有限公司,10,AA
122913,10通产控,南通产业控股集团有限公司,6,AA
122914,09榕建债,福州建工(集团)总公司,7,AA+
122915,PR镇水投,镇江文化旅游产业集团有限责任公司,7,AA+
122916,10红谷滩,南昌市红谷滩城市投资集团有限公司,7,AA
122917,10太仓港,江苏省太仓港港口开发建设投资有限公司,10,AA
122918,10阜阳债,阜阳市城市建设投资有限公司,6,AA+
122919,10鲁商债,山东省商业集团有限公司,7,AA+
122920,10黄山债,黄山城投集团有限公司,7,AA
122921,10郴州债,郴州市城市建设投资发展集团有限公司,7,AA+
122922,10长高新,长沙高新控股集团总公司,7,AA+
122923,10北汽投,北京汽车投资有限公司,7,AA+
122924,10巢湖债,巢湖城市建设投资有限公司,7,AA
122925,09沈国资,沈阳农业高新区国有资产经营有限公司,7,AA
122926,09青国投,青海省国有资产投资管理有限公司,6,AA+
122927,09海航债,海航集团有限公司,10,AA
122928,09铁岭债,铁岭公共资产投资运营集团有限公司,10,AA+
122929,09九江债,九江市城市建设投资有限公司,7,AA+
122930,PR盘锦债,盘锦建设投资有限责任公司,7,AA
122931,PR临海债,临海市基础设施投资有限公司,7,AA
122932,09宜城债,安庆市城市建设投资发展(集团)有限公司,7,AA+
122933,09南山1,南山集团有限公司,6,AA+
122934,09南山2,南山集团有限公司,10,AA+
122935,PR南通债,南通国有资产投资控股有限公司,7,AA+
122936,PR鹤城投,黑龙江省鹤城建设投资发展有限公司,7,AA
122937,PR辽源债,辽源市国有资产经营有限责任公司,7,AA
122938,09汾湖债,苏州汾湖投资集团有限公司,8,AA+
122939,09吉安债,吉安市城市建设投资开发公司,7,AA+
122940,09咸城投,咸阳市城市建设投资控股集团有限公司,10,AA
122941,10镇城投,镇江城市建设产业集团有限公司,10,AA+
122942,09江阴债,江阴城市建设投资有限公司,7,AA+
122943,09外高桥,上海外高桥(集团)有限公司,5,AAA
122944,09株城投,株洲市城市建设发展集团有限公司,7,AA+
122945,09虞水债,上虞市水处理发展有限责任公司,7,AA
122946,PR扬城建,扬州市城建国有资产控股(集团)有限责任公司,7,AAA
122947,09合建投,合肥市建设投资控股(集团)有限公司,5,AAA
122948,PR锡交债,无锡市交通产业集团有限公司,7,AA
122949,PR常投债,常州投资集团有限公司,7,AAA
122950,渝能暂停,重庆市能源投资集团有限公司,7,AA+
122951,09淮城投,淮南市城市建设投资有限责任公司,7,AA+
122952,09赣州债,赣州发展投资控股集团有限责任公司,7,AAA
122953,09岳城建,岳阳市城市建设投资有限公司,6,AA
122954,PR武进债,常州市武进城市建设投资有限责任公司,7,AAA
122955,09潭城建,湘潭市城市建设投资经营有限责任公司,6,AA
122956,09常高新,常高新集团有限公司,10,AA+
122957,09蓉工投,成都工业投资集团有限公司,7,AAA
122958,09长经开,长沙经济技术开发集团有限公司,6,AA
122959,09清控债,清华控股有限公司,7,AA+
122960,09保利集,中国保利集团公司,5,AA+
122961,09武城投,武汉市城市建设投资开发集团有限公司,10,AA+
122962,09宁交通,南京市交通建设投资控股(集团)有限责任公司,7,AA+
122963,09张江债,上海张江(集团)有限公司,3,AAA
122964,09龙湖债,重庆龙湖企业拓展有限公司,7,AA
122965,09潍投债,潍坊市投资集团有限公司,10,AA
122966,09滇投债,昆明滇池投资有限责任公司,6,AA
122967,09闽漳龙,福建漳龙实业有限公司,6,AA
122968,09杭城投,杭州市城市建设投资集团有限公司,6,AA+
122969,09豫投债,河南投资集团有限公司,10,AA
122970,09三峡01,中国长江三峡集团公司,5,AAA
122971,09三峡02,中国长江三峡集团公司,7,AAA
122972,09绵投控,绵阳市投资控股(集团)有限公司,7,AA+
122973,PR昆创控,昆山市创业控股有限公司,7,AAA
122974,PR镇城投,镇江城市建设产业集团有限公司,6,AA+
122975,09济城建,济南市城市建设投资有限公司,10,AA+
122976,永煤暂停,永城煤电控股集团有限公司,6,AA
122977,09百联债,百联集团有限公司,3,AA
122978,09津投1,天津城市基础设施建设投资集团有限公司,3,AAA
122979,09津投2,天津城市基础设施建设投资集团有限公司,5,AAA
122980,09津投3,天津城市基础设施建设投资集团有限公司,7,AAA
122981,09铜城投,铜陵市城市建设投资开发有限责任公司,6,AA
122982,PR长城开,长春城市开发(集团)有限公司,7,AA+
122983,09南钢联,南京钢铁联合有限公司,7,AA
122984,09六城投,六安城市建设投资有限公司,7,AA
122985,09浙能债,浙江省能源集团有限公司,5,AAA
122986,09春华债,呼和浩特春华水务开发集团有限责任公司,7,AA+
122987,08云煤化,云南煤化工集团有限公司,5,AA
122988,09渝隆债,重庆渝隆资产经营(集团)有限公司,7,AA
122989,08渝交通,重庆交通旅游投资集团有限公司,7,AA
122990,08锡公用,无锡市市政公用产业集团有限公司,3,AA
122991,08海航债,海航集团有限公司,6,AA
122992,08苏交通,江苏交通控股有限公司,5,AAA
122993,08舞钢债,舞阳钢铁有限责任公司,5,AA
122994,08云投债,云南省投资控股集团有限公司,5,AA
122995,PR合建投,合肥市建设投资控股(集团)有限公司,10,AAA
122996,08常城建,常州市城市建设(集团)有限公司,7,AA+
122997,08苏高新,苏州高新区经济发展集团总公司,5,AAA
122998,长债暂停,中国长江航运集团南京油运股份有限公司,10,AAA
122999,08广纸债,广州造纸股份有限公司,10,AAA
123000,09宜华债,广东省宜华木业股份有限公司,5,AA-
123001,09爱使债,上海爱使股份有限公司,5,AA
123002,09东华债,广州东华实业股份有限公司,6,AA
123003,09瑞贝卡,河南瑞贝卡发制品股份有限公司,6,AA
123004,10中科债,中国高科集团股份有限公司,7,AA+
123005,09新海连,江苏新海连发展集团有限公司,7,AA+
123006,10武高债,武汉高科国有控股集团有限公司,10,AA+
123007,11微矿债,山东省微山湖矿业集团有限公司,10,AA-
123008,11长征债,贵州长征天成控股股份有限公司,3,AA
123010,PR湘临港,湖南城陵矶临港新区开发投资有限公司,6,AA
123011,PR梅州债,梅州市康达公路建设有限公司,7,AA
123012,PR哈高新,哈尔滨高新技术产业开发区基础设施开发建设有限公司,7,AAA
123013,PR赣和济,江西和济投资有限公司,7,AA-
123015,09滁交基,滁州市交通基础设施开发建设有限公司,7,A+
123016,10锡城投,无锡市城市投资发展有限公司,6,AA+
123017,14京投02,北京市基础设施投资有限公司,nan,AAA
123018,13海岛债,海南海航基础设施投资集团股份有限公司,5,AA
123019,PR阳纸业,山东世纪阳光纸业集团有限公司,7,AAA
123020,PR沿江债,扬州市江都沿江开发有限公司,6,AA
123022,14首创01,北京首都创业集团有限公司,3,AAA
123023,14京投01,北京市基础设施投资有限公司,5,AAA
123025,PR福鼎债,福鼎市城市建设投资有限公司,7,AA
123026,15中电续,国家电力投资集团有限公司,nan,AAA
123027,14首创02,北京首都创业集团有限公司,nan,AAA
123028,15宝信债,宝信国际融资租赁有限公司,2,AA-
123029,15义水债,义乌市水务建设集团有限公司,5,AA+
123030,15津融债,天津津融投资服务集团有限公司,7,AA+
123031,PR温城01,温州市城市建设发展集团有限公司,7,AA+
123032,16穗铁01,广州地铁集团有限公司,nan,AAA
123033,15丰汇01,丰汇租赁有限公司,3,AA-
123034,16神雾债,神雾科技集团股份有限公司,3,AA-
123035,16洲际01,洲际油气股份有限公司,2,AA-
123046,16宁水01,南京江宁水务集团有限公司,5,AA+
123047,16洲际02,洲际油气股份有限公司,2,AA-
123048,18昌控01,南昌市产业投资集团有限公司,5,AA+
124000,PR奉投资,宁波市奉化区投资有限公司,7,AA
124001,PR漯城投,漯河市城市建设投资有限公司,7,AA
124002,12蒙高路,内蒙古高等级公路建设开发有限责任公司,7,AA+
124003,12珠水务,珠海水务环境控股集团有限公司,6,AA+
124004,PR盐城南,盐城市城南新区开发建设投资有限公司,7,AA
124005,PR昆创债,昆山创业控股集团有限公司,7,AA+
124006,PR绍城投,绍兴市城市建设投资集团有限公司,7,AA
124007,12西电梯,西子电梯集团有限公司,6,AA+
124008,PR国奥停,国奥投资发展有限公司,6,AA
124009,PR渝惠农,重庆市南川区惠农投资有限公司,7,AA+
124010,PR鸡国资,鸡西市国有资产经营管理有限公司,7,AA+
124011,PR锡科技,无锡锡东科技投资控股有限公司,6,AAA
124012,PR高密01,高密市国有资产经营投资有限公司,7,AA+
124013,PR高密02,高密市国有资产经营投资有限公司,6,AA
124014,PR筑住投,贵阳市公共住宅投资建设(集团)有限公司,7,AA
124015,12筑工投,贵阳市工商产业投资集团有限公司,7,AA
124016,PR常德源,湖南常德市德源投资开发有限公司,6,AA
124017,PR伊国资,伊犁州国有资产投资经营有限责任公司,6,AA
124018,PR昌经投,昌邑市经济开发投资公司,8,AA
124019,PR湘昭投,湖南昭山经济建设投资有限公司,6,AA
124020,PR辽城经,辽阳城市资本经营有限公司,7,AA
124021,PR潍东兴,潍坊东兴建设发展有限公司,7,AA
124022,PR韶金叶,韶关市金叶发展公司,7,AA
124023,PR滁城投,滁州市城市建设投资有限公司,7,AA
124024,12青投资,青海省投资集团有限公司,10,AA
124025,PR池州债,池州建设投资集团有限公司,7,AA
124026,PR川广元,广元市投资控股(集团)有限公司,7,AA
124027,PR瑞国投,瑞安市国有资产投资集团有限公司,7,AA
124028,PR诸城投,诸城市经济开发投资公司,7,AA
124029,PR玉城投,玉林市城市建设投资有限公司,7,AA
124030,PR宁城投,南京市城市建设投资控股(集团)有限责任公司,6,AAA
124031,12豫铁投,河南省铁路建设投资集团有限公司,10,AA+
124032,PR宜建投,宜昌市城市建设投资开发有限公司,7,AA
124033,PR苏城投,苏州城市建设投资发展有限责任公司,7,AAA
124034,PR郑城投,郑州城建集团投资有限公司,7,AA+
124035,PR沭金源,沭阳金源资产经营有限公司,7,AA+
124036,PR张经开,江苏省张家港经济开发区实业总公司,7,AA
124037,PR渝江北,重庆宏融资本运营管理集团有限公司,7,AA
124038,12远洲控,浙江远洲控股有限公司,7,AA+
124039,PR渝江津,重庆市江津区华信资产经营(集团)有限公司,7,AA
124040,PR绍迪荡,绍兴高新技术产业开发区迪荡新城投资发展有限公司,6,AA
124041,PR宿水务,宿迁水务集团有限公司,7,AA+
124042,12鄂旅投,湖北省文化旅游投资集团有限公司,7,AA
124043,12深立业,深圳市立业集团有限公司,6,AA
124044,12联想债,联想控股股份有限公司,10,AAA
124045,PR嘉经开,嘉善经济技术开发区实业有限公司,7,AA+
124046,PR濮建投,濮阳市投资集团公司,7,AA
124047,PR黔宏升,黔西南州宏升资本营运有限责任公司,7,AA
124048,PR平国资,沈阳市和平区国有资产经营有限公司,7,AA
124049,PR营沿海,营口沿海开发建设有限公司,7,AA
124050,PR榆城投,榆林市城市投资经营集团有限公司,6,AA+
124051,PR庆高新,大庆高新国有资产运营有限公司,7,AA
124052,PR昆产投,昆明产业开发投资有限责任公司,7,AA+
124053,12营口港,营口港务集团有限公司,8,AA+
124054,PR株云龙,株洲市云龙发展投资控股集团有限公司,7,AA
124055,PR蓉高投,成都高新投资集团有限公司,7,AA+
124056,PR启国投,启东国有资产投资控股有限公司,10,AA
124057,PR汕城开,汕头市城市建设开发总公司,10,AA
124058,PR萍乡债,萍乡市城市建设投资发展公司,7,AA
124059,PR临城发,临沂城市发展集团有限公司,7,AA+
124060,PR驻投资,驻马店市投资有限公司,7,AA
124061,PR沛国资,沛县国有资产经营有限公司,7,AA
124062,PR冀顺德,河北顺德投资集团有限公司,7,AA
124063,12国网03,国家电网有限公司,7,AAA
124064,12国网04,国家电网有限公司,10,AAA
124065,PR津开01,天津经济技术开发区国有资产经营公司,7,AA+
124066,PR津开02,天津经济技术开发区国有资产经营有限公司,10,AA+
124070,PR新城投,新余市城市建设投资开发有限公司,7,AA
124071,PR鹰投融,鹰潭市投资公司,10,AA+
124072,12曲公路,曲靖市公路建设开发有限责任公司,7,AA
124073,PR吉华债,吉首华泰国有资产投资管理有限责任公司,7,AA
124074,PR张公经,张家港市直属公有资产经营有限公司,7,AA+
124075,PR淮建投,淮北市建投控股集团有限公司,6,AA+
124076,12金湖债,金湖县国有资产经营投资有限责任公司,6,AA
124077,PR榕建工,福州建工(集团)总公司,7,AA
124078,12云城建,云南省城市建设投资集团有限公司,6,AA
124079,PR保国资,保山市国有资产经营有限责任公司,7,AA
124080,PR苏海投,江苏苏海投资集团有限公司,7,AA+
124081,PR长先导,长沙先导投资控股集团有限公司,7,AA+
124082,PR青国信,青岛国信发展(集团)有限责任公司,10,AA+
124083,PR黄城投,黄冈市城市建设投资有限公司,7,AA
124084,12沪临港,上海临港经济发展(集团)有限公司,7,AA
124085,PR沪金投,上海金山城市建设投资有限公司,7,AA
124086,PR诸建投,诸暨市城市建设投资发展有限公司,7,AA+
124087,PR芜新马,芜湖新马投资有限公司,7,AA
124088,PR东台债,东台市城市建设投资发展有限公司,7,AA
124089,PR赣开债,赣州开发区建设投资(集团)有限公司,6,AA+
124090,PR遵国投,遵义市国有资产投融资经营管理有限责任公司,7,AA
124091,PR渝兴债,重庆市渝兴建设投资有限公司,7,AA
124092,12鄂华研,鄂尔多斯市华研投资集团有限责任公司,6,AA
124093,PR喀城投,喀什城建投资集团有限公司,7,AA
124094,12甬交投,宁波交通投资控股有限公司,10,AA+
124095,PR六开投,六盘水市开发投资有限公司,7,AA
124096,PR淮城资,淮安市城市资产经营有限公司,7,AA
124097,PR宝投资,宝鸡市投资(集团)有限公司,6,AA
124098,PR达投资,达州市投资有限公司,7,AA+
124099,PR德建投,德阳市建设投资有限公司,7,AA
124100,PR石国投,石狮市国有投资发展有限公司,7,AA
124101,12赣高速,江西省高速公路投资集团有限责任公司,5,AAA
124102,12滇祥航,云南祥鹏航空有限责任公司,7,AA
124103,PR同创债,滁州市同创建设投资有限责任公司,7,AA+
124104,PR巢城投,巢湖市城镇建设投资有限公司,7,AA
124105,12愉悦债,愉悦家纺有限公司,6,AA
124106,PR邯郸债,邯郸城市发展投资集团有限公司,7,AA
124107,PR洛城投,洛阳城市发展投资集团有限公司,7,AA
124108,PR吴经开,吴江经济技术开发区发展总公司,7,AA
124110,PR宁新开,南京新港开发总公司,7,AA
124111,PR长城建,长兴城市建设投资集团有限公司,7,AA+
124112,13豫盛润,河南盛润控股集团有限公司,6,AA
124113,12渝出版,重庆出版集团有限公司,7,AA
124114,PR大丰债,盐城市大丰区城市建设集团有限公司,7,AA
124116,PR渝北飞,重庆北飞实业有限公司,7,AA
124117,PR宜城投,安庆市城市建设投资发展(集团)有限公司,7,AA
124118,12香兴中,中山兴中集团有限公司,7,AA+
124119,PR环太湖,浙江湖州环太湖集团有限公司,7,AA+
124120,PR泉台商,泉州台商投资区开发建设有限责任公司,7,AA
124121,12盘江债,贵州盘江投资控股(集团)有限公司,7,AA+
124122,PR抚城投,抚州市市属国有资产投资控股集团有限公司,7,AA+
124123,PR南城投,南昌城市建设投资发展有限公司,7,AA+
124124,PR双鸭山,双鸭山市大地城市建设开发投资有限公司,7,AAA
124125,PR温经开,温州经济技术开发区国有资产经营有限公司,7,AA+
124126,PR柳城投,柳州市城市投资建设发展有限公司,10,AA
124127,PR黄国资,台州市黄岩区国有资产经营集团有限公司,6,AA
124128,PR萧经开,杭州萧山经济技术开发区国有资产经营有限公司,6,AA
124129,PR泉石建,泉州市泉港石化工业区建设发展有限公司,7,AA
124130,13陕东岭,东岭集团股份有限公司,10,AA
124131,PR安国资,安顺市国有资产管理有限公司,7,AA
124132,PR巩义债,巩义市国有资产投资经营有限公司,7,AA
124133,12宁宝源,宁夏宝丰能源集团股份有限公司,7,AA
124134,PR泉城投,泉州市城建国有资产投资有限公司,7,AA+
124135,13滇公投,云南省公路开发投资有限责任公司,6,AA+
124136,PR太城投,太仓市城市建设投资集团有限公司,7,AA
124137,13赣发投,赣州发展投资控股集团有限责任公司,7,AA
124138,PR长城投,长沙市城市建设投资开发集团有限公司,7,AA+
124139,PR通港闸,南通市港闸区国有资产经营有限公司,7,AA+
124140,PR沧建投,沧州市建设投资集团有限公司,7,AA+
124141,13浙吉利,浙江吉利控股集团有限公司,7,AA+
124142,PR渝三峡,重庆三峡产业投资有限公司,6,AA
124143,PR泰投资,泰安市泰山投资有限公司,7,AA+
124144,PR蓉城投,成都城建投资管理集团有限责任公司,7,AA+
124145,PR蓉兴城,成都兴城投资集团有限公司,7,AA+
124146,13海发控,海南省发展控股有限公司,7,AA+
124147,PR甬东投,宁波东部新城开发投资有限公司,7,AA
124148,PR金灌债,江苏金灌投资发展集团有限公司,6,AA+
124149,PR镇水利,镇江文化旅游产业集团有限责任公司,7,AA
124150,PR南发展,南充发展投资(控股)有限责任公司,7,AA
124151,PR长兴岛,大连长兴岛开发建设投资有限公司,7,AA
124152,13宁禄口,东部机场集团有限公司,10,AAA
124153,13国网01,国家电网有限公司,7,AAA
124154,13国网02,国家电网有限公司,15,AAA
124155,PR渭城投,渭南市城市投资集团有限公司,7,AA
124156,PR涪国资,重庆市涪陵国有资产投资经营集团有限公司,7,AA+
124158,PR锡东城,无锡锡东新城建设发展有限公司,7,AA
124159,PR绍城改,绍兴市城中村改造建设投资有限公司,7,AA+
124160,PR蓬莱阁,蓬莱市蓬莱阁旅游有限责任公司,8,AA+
124161,13瑞水泥,天瑞水泥集团有限公司,8,AA+
124162,PR济高新,济宁高新城建投资有限公司,7,AA
124163,13蓉文旅,成都文化旅游发展集团有限责任公司,7,AA
124164,PR建城投,建湖县城市建设投资有限公司,7,AA
124165,PR洪市政,南昌市政公用投资控股有限责任公司,7,AA+
124166,PR江滨投,江门市滨江建设投资有限公司,7,AA
124167,PR滇投债,昆明滇池投资有限责任公司,7,AA
124168,PR绍中城,绍兴县中心城建设投资开发有限公司,6,AA
124169,13华峰债,华峰集团有限公司,7,AA
124170,PR厦杏林,厦门市杏林建设开发有限公司,7,AA
124171,PR长投建,长治市投资建设开发有限公司,7,AA
124172,PR常城投,常德市城市建设投资集团有限公司,7,AA+
124173,13陕有色,陕西有色金属控股集团有限责任公司,6,AAA
124174,PR吉城债,吉林市城市建设控股集团有限公司,7,AA+
124175,PR湘高新,湘潭高新集团有限公司,7,AA
124176,PR武地铁,武汉地铁集团有限公司,7,AA+
124177,PR乌高新,乌鲁木齐高新投资发展集团有限公司,7,AA
124178,PR集城投,乌兰察布市集宁区城市建设投资开发有限责任公司,7,AA
124179,13广越秀,广州越秀集团有限公司,7,AAA
124180,PR綦东开,重庆市綦江区东部新城开发建设有限公司,7,AA
124181,PR余开投,余姚经济开发区建设投资发展有限公司,7,AA
124182,13精控债,精工控股集团有限公司,5,AA+
124183,PR津广成,天津广成投资集团有限公司,10,AA
124184,13京投债,北京市基础设施投资有限公司,10,AAA
124185,PR海宁债,海宁市资产经营公司,7,AA+
124187,PR泰矿债,山东泰丰控股集团有限公司,7,AA+
124188,PR邹城资,邹城市城市资产经营有限公司,6,AA
124189,13大旅游,大理州旅游产业开发集团有限责任公司,7,AA
124190,PR奉南城,上海奉贤南桥新城建设发展有限公司,7,AA
124191,PR杭高新,杭州高新技术产业开发区资产经营有限公司,7,AA
124192,PR邗城建,扬州市邗江城市建设发展有限公司,7,AA
124193,PR文城资,威海市文登区城市资产经营有限公司,7,AA
124194,PR滨海01,天津滨海新区建设投资集团有限公司,5,AAA
124195,PR滨海02,天津滨海新区建设投资集团有限公司,7,AAA
124196,PR烟城建,烟台市城市建设发展集团有限公司,7,AA+
124197,10朝资01,北京市朝阳区国有资本经营管理中心,6,AAA
124198,10朝资02,北京市朝阳区国有资本经营管理中心,7,AAA
124199,PR泰交债,泰州市交通产业集团有限公司,7,AA
124200,PR自高新,自贡市高新投资有限公司,7,AA+
124201,PR南高速,福建省南平市高速公路有限责任公司,7,AA
124202,PR平潭债,平潭综合实验区国有资产投资集团有限公司,7,AA
124203,PR浔富和,九江富和建设投资有限公司,6,AA
124204,PR津城投,天津城市基础设施建设投资集团有限公司,10,AAA
124205,PR余创债,杭州余杭创新投资有限公司,7,AA
124206,13祥源债,祥源控股集团有限责任公司,7,AA
124207,PR巴城投,巴彦淖尔市城市发展投资有限责任公司,7,AA
124208,13西投债,西安投资控股有限公司,10,AA
124209,PR三门峡,三门峡市财经投资公司,7,AA
124210,PR皋投债,如皋市交通产业集团有限公司,7,AA
124211,PR甘投债,甘肃省国有资产投资集团有限公司,7,AAA
124212,PR益高新,益阳高新产业发展投资集团有限公司,7,AA
124213,PR德清债,浙江省德清县交通投资集团有限公司,7,AA+
124214,PR河城投,河源市城市开发投资有限公司,7,AA+
124215,PR九国资,九江市国有资产经营有限公司,7,AA
124216,12新查矿,山东新查庄矿业有限责任公司,7,AA
124217,PR西高新,西安高新控股有限公司,6,AA+
124218,13三福船,泰州三福船舶工程有限公司,6,AA
124219,PR荣经开,荣成市经济开发投资有限公司,7,AA
124220,13晋能交,山西能源交通投资有限公司,7,AA+
124221,PR武地产,武汉地产开发投资集团有限公司,6,AA+
124222,13京粮食,北京粮食集团有限责任公司,6,AA
124223,PR微山矿,山东省微山湖矿业集团有限公司,7,AA+
124224,PR朝国资,北京市朝阳区国有资本经营管理中心,7,AAA
124225,PR阿城投,阿拉善盟基础设施建设投资经营有限责任公司,7,AA+
124226,PR闽兴杭,闽西兴杭国有资产投资经营有限公司,6,AA
124227,PR宁国01,南京市国有资产投资管理控股(集团)有限责任公司,7,AAA
124228,PR宁国02,南京市国有资产投资管理控股(集团)有限责任公司,10,AAA
124229,PR晋公投,晋中市公用基础设施投资控股(集团)有限公司,7,AA
124230,PR蓉兴锦,成都市兴锦城市建设投资有限责任公司,7,AA
124231,PR临海投,临海市基础设施投资有限公司,7,AA+
124232,PR苏海发,江苏海州湾发展集团有限公司,10,AA+
124234,PR鹏铁01,深圳市地铁集团有限公司,10,AAA
124235,PR清河投,淮安清河新区投资发展有限公司,7,AA
124236,PR马经开,马鞍山经济技术开发区建设投资有限公司,7,AA
124238,PR通辽投,通辽市城市投资集团有限公司,7,AA
124239,PR鄞城投,宁波市鄞州集团有限责任公司,7,AA
124240,PR合工投,合肥市工业投资控股有限公司,7,AA
124241,PR烟开发,烟台开发区国有资产经营管理有限公司,7,AA+
124242,PR营经开,营口经济技术开发区城市开发建设投资有限公司,7,AA
124243,PR常高新,常高新集团有限公司,7,AA
124244,PR番交投,广州市番禺交通建设投资有限公司,6,AA
124245,PR杭运河,杭州市运河综合保护开发建设集团有限责任公司,7,AA
124246,PR溧城发,溧阳市城市建设发展集团有限公司,7,AA
124247,13绍交投,绍兴市交通投资集团有限公司,7,AA
124248,13京歌华,北京歌华文化发展集团,7,AA
124249,PR大城投,大石桥市城市建设投资有限公司,7,AA
124250,PR宿建投,宿州市城市建设投资集团(控股)有限公司,7,AA
124251,13鲁信投,山东省鲁信投资控股集团有限公司,7,AA+
124252,13邯交通,邯郸市交通建设有限公司,8,AA+
124253,PR新乡投,新乡投资集团有限公司,7,AA
124254,PR常熟发,常熟市发展投资有限公司,7,AA
124255,PR浙新昌,浙江省新昌县投资发展集团有限公司,7,AA+
124256,13苏泊尔,苏泊尔集团有限公司,7,AA
124257,PR海浆纸,海南金海浆纸业有限公司,7,AA+
124258,13潞矿01,山西潞安矿业(集团)有限责任公司,10,AAA
124259,13潞矿02,山西潞安矿业(集团)有限责任公司,10,AAA
124260,PR遂发展,遂宁发展投资集团有限公司,7,AA
124261,PR鞍山投,鞍山市城市建设投资发展有限公司,7,AA+
124262,PR楚雄投,楚雄州开发投资有限公司,7,AA
124263,PR临国资,临沧市国有资产经营有限责任公司,7,AA
124264,PR晋城投,福建省晋江城市建设投资开发集团有限责任公司,7,AA
124265,PR红河路,红河州公路开发经营有限责任公司,7,AA
124266,PR哈水投,哈尔滨水务投资集团有限公司,7,AA+
124267,PR金坛投,常州市金坛区建设资产经营有限公司,7,AA
124268,PR渝南发,重庆市南发城建发展有限公司,7,AA
124269,PR渝大足,重庆大足国有资产经营管理集团有限公司,7,AA
124270,PR渝万盛,重庆市万盛经济技术开发区开发投资集团有限公司,7,AA
124271,PR金外滩,上海金外滩(集团)发展有限公司,7,AA
124272,PR绥芬河,绥芬河海融城市建设投资发展有限公司,7,AA
124273,13翔宇债,翔宇实业集团有限公司,7,AA
124274,13徽南翔,安徽省南翔贸易(集团)有限公司,6,AA+
124275,PR龙岗投,深圳市龙岗区投资管理有限公司,6,AA
124276,13津滨投,天津滨海发展投资控股有限公司,7,AA
124277,13大丰港,江苏大丰海港控股集团有限公司,7,AA+
124278,PR渝双桥,重庆市双桥经济技术开发区开发投资集团有限公司,7,AA
124279,PR海拉尔,海拉尔区城市基础设施投资开发置业有限责任公司,7,AA
124280,PR通经开,南通经济技术开发区控股集团有限公司,7,AA
124281,PR石地产,石家庄市地产集团有限公司,7,AA+
124283,13武新港,武汉新港建设投资开发集团有限公司,7,AA
124284,13琼洋浦,海南省洋浦开发建设控股有限公司,7,AA
124285,13同煤债,晋能控股煤业集团有限公司,15,AAA
124286,13海航债,海航集团有限公司,7,AA+
124287,13金特债,新疆金特钢铁股份有限公司,7,AA
124288,13光谷联,武汉光谷联合集团有限公司,6,AA+
124289,PR丽城投,丽水市城市建设投资有限责任公司,7,AA
124290,PR长轨交,长沙市轨道交通集团有限公司,10,AA+
124291,PR兖城投,济宁市兖州区惠民城建投资有限公司,8,AA
124292,PR溧城建,南京溧水城市建设集团有限公司,7,AA+
124293,PR农六师,新疆国恒投资发展集团有限公司,7,AA
124294,PR苏华靖,江苏华靖资产经营有限公司,7,AA
124295,13宁铁路,南京铁路建设投资有限责任公司,7,AA+
124296,盛江暂停,华盛江泉集团有限公司,7,AA
124297,PR桐乡投,桐乡市城市建设投资有限公司,7,AA+
124298,PR临汾投,临汾市投资集团有限公司,7,AA
124299,PR西经开,西宁经济技术开发区投资控股集团有限公司,7,AA
124300,13云投控,云南省投资控股集团有限公司,5,AA+
124301,PR日照债,日照市经济开发投资有限公司,7,AA
124302,12桂交投,广西交通投资集团有限公司,10,AA+
124303,PR咸荣盛,咸宁高新投资集团有限公司,7,AA+
124304,PR合川投,重庆市合川工业投资(集团)有限公司,7,AA
124305,PR瓦国资,瓦房店市国有资产经营管理中心,7,AA
124306,13鄂三宁,湖北三宁化工股份有限公司,6,AA+
124307,PR安经开,安庆经济技术开发区建设投资集团有限公司,7,AA+
124308,PR眉宏大,眉山市宏大建设投资有限责任公司,7,AA
124309,13弘燃气,信阳市弘昌管道燃气工程有限责任公司,7,AA
124310,PR洪水利,南昌水利投资发展有限公司,7,AA
124311,PR弘湘资,衡阳弘湘国有投资(控股)集团有限公司,7,AA
124312,PR景国资,景德镇市国资运营投资控股集团有限责任公司,7,AA
124313,PR苏家屯,沈阳市苏家屯区城乡建设投资有限公司,7,AA
124314,13筑铁路,贵阳铁路建设投资有限公司,7,AA
124315,13瓯交投,温州市交通发展集团有限公司,7,AA
124316,PR新郑投,新郑新区发展投资有限责任公司,6,AA
124317,PR华发债,珠海华发集团有限公司,6,AA+
124318,PR滨城投,滨州城建投资集团有限公司,7,AA
124319,PR昌国资,昌吉州国有资产投资经营集团有限公司,6,AA
124321,PR岳城投,岳阳市城市建设投资有限公司,7,AA
124322,PR南城发,南昌县城市建设投资发展有限公司,6,AA
124323,PR新天治,郴州市新天投资有限公司,7,AA+
124324,PR白银城,白银市城市发展投资(集团)有限公司,7,AA
124325,PR京生物,北京生物医药产业基地发展有限公司,7,AA+
124326,PR郑建投,郑州公共住宅建设投资有限公司,7,AA+
124327,13中电投,国家电力投资集团有限公司,10,AAA
124328,PR渝鸿业,重庆鸿业实业(集团)有限公司,7,AA+
124329,PR惠国投,惠安县国有资产投资经营有限公司,7,AA
124330,13龙工贸,龙岩投资发展集团有限公司,8,AA
124332,PR湘振湘,湘潭振湘国有资产经营投资有限公司,7,AA+
124333,PR铜城建,徐州市铜山区城市建设投资有限责任公司,7,AA+
124334,PR博国资,博尔塔拉蒙古自治州国有资产投资经营有限责任公司,7,AA
124335,PR海国资,北京市海淀区国有资本经营管理中心,7,AAA
124336,PR渝地债,重庆市地产集团有限公司,7,AAA
124337,PR铜建设,铜陵市建设投资控股有限责任公司,7,AA
124338,PR闽经开,南平武夷新区投资开发集团有限公司,7,AA+
124339,PR渝城投,重庆市城市建设投资(集团)有限公司,7,AAA
124340,PR张保债,张家港保税区张保实业有限公司,7,AA
124341,PR吐番资,吐鲁番地区国有资产投资经营有限责任公司,6,AA
124342,PR黔南资,黔南州国有资本营运有限责任公司,7,AA+
124343,PR阳江债,阳江市恒财城市投资控股有限公司,7,AA
124344,PR沪南房,上海南房(集团)有限公司,6,AA
124345,PR京煤债,北京京煤集团有限责任公司,7,AA+
124346,PR乳国资,乳山市城市国有资产经营有限公司,7,AA+
124347,13石建投,石家庄市建设投资集团有限责任公司,7,AAA
124348,PR京谷财,北京市谷财集团有限公司,7,AA
124349,PR福东海,江苏福如东海发展集团有限公司,7,AA
124350,13晋煤运,山西煤炭运销集团有限公司,10,AA+
124351,PR克州债,克孜勒苏柯尔克孜自治州国有资产投资经营有限责任公司,7,AA
124352,PR平凉债,平凉市投资发展公司,7,AA
124353,PR商洛01,商洛市城市建设投资开发有限公司,7,AA+
124354,PR商洛02,商洛市城市建设投资开发有限公司,6,AA+
124355,PR洼城投,大洼县城市建设投资有限公司,7,AA
124356,PR珠汇华,珠海汇华基础设施投资有限公司,7,AA+
124357,13津房开,天津房地产集团有限公司,7,AAA
124358,PR蚌城投,蚌埠市城市投资控股有限公司,7,AAA
124359,PR三明投,三明市城市建设投资集团有限公司,7,AA+
124360,PR成阿债,四川成阿发展实业有限公司,7,AA
124361,PR京科城,北京未来科技城发展集团有限公司,6,AAA
124362,PR钦滨海,钦州滨海新城资产管理有限公司,7,AA+
124363,PR郑投资,郑州发展投资集团有限公司,7,AA+
124364,PR临尧都,临汾市尧都区投资建设开发有限公司,7,AA
124365,PR昌润债,昌润投资控股集团有限公司,7,AA
124366,PR汇丰投,萍乡市汇丰投资有限公司,7,AA
124367,PR锡城发,无锡城市发展集团有限公司,7,AAA
124368,PR郑交投,郑州交通建设投资有限公司,7,AA+
124369,PR吴城投,吴忠市城乡建设投资开发有限公司,7,AA+
124370,PR虞新区,绍兴市上虞杭州湾滨海新城投资开发建设有限公司,7,AA
124371,PR北辰发,天津市北辰区建设开发有限公司,7,AA+
124372,09海投债,厦门海沧投资集团有限公司,7,AA
124373,PR平天湖,安徽省池州市平天湖建设工程有限公司,7,AA
124374,PR塔国资,塔城地区国有资产投资经营公司,6,AA
124375,13鄂供销,湖北省供销合作社社有资产经营管理公司,6,AA+
124376,PR渝物流,重庆西部现代物流产业园区开发建设有限责任公司,7,AA
124377,PR渝碚城,重庆市碚城建设开发有限责任公司,7,AA+
124378,PR湘九华,湘潭九华经济建设投资有限公司,7,AA
124379,PR许投资,许昌市投资总公司,7,AA
124380,PR曹妃甸,唐山曹妃甸发展投资集团有限公司,7,AA
124381,09衡城投,衡阳市城市建设投资有限公司,7,AA+
124382,10云建工,云南建工集团有限公司,6,AA
124383,10开元旅,开元旅业集团有限公司,6,AA
124384,PR雅发投,雅安发展投资有限责任公司,7,AA
124385,PR龙岩汇,龙岩市汇金发展集团有限公司,7,AA
124386,PR新沂债,新沂市城市投资发展有限公司,7,AA
124387,PR湛基投,湛江市基础设施建设投资集团有限公司,7,AA
124388,PR任城债,山东任城融鑫发展有限公司,7,AA
124389,PR资水务,资阳市水务投资有限责任公司,7,AA
124390,PR葫岛01,葫芦岛市投资集团有限公司,7,AA
124391,PR葫岛02,葫芦岛市投资集团有限公司,10,AA
124392,PR荆门投,荆门市城市建设投资有限公司,7,AA
124393,PR连顺兴,大连顺兴投资有限公司,7,AA
124394,PR永城投,永州市城市建设投资发展有限责任公司,7,AA
124395,PR堰城投,十堰国有资本投资运营集团有限公司,7,AA
124396,PR姜发展,泰州市姜堰城市建设投资发展有限公司,7,AA
124397,PR郫国投,成都市郫都区国有资产投资经营公司,7,AA+
124398,PR株城发,株洲市城市建设发展集团有限公司,7,AA
124399,PR郴高科,郴州市产业投资集团有限公司,7,AA
124400,PR渝双福,重庆市双福建设开发有限公司,7,AA
124401,13冀广网,中国广电河北网络股份有限公司,8,AA
124402,PR丹投01,丹阳投资集团有限公司,7,AA+
124403,PR丹投02,丹阳投资集团有限公司,6,AA+
124404,PR怀化工,怀化高新产业投资发展集团有限公司,7,AA
124405,PR宝工债,天津宝星工贸有限公司,7,AA
124406,PR荆经开,荆州开发区城市建设投资开发有限公司,7,AA+
124407,PR泰州债,泰州市城市建设投资集团有限公司,10,AA+
124408,PR宛城投,南阳投资集团有限公司,7,AA
124409,PR宿城投,宿迁市城市建设投资(集团)有限公司,7,AA+
124410,13国网03,国家电网有限公司,7,AAA
124411,13国网04,国家电网有限公司,15,AAA
124412,PR金利源,北京金利源国有资产经营管理中心,7,AA
124413,PR寿城投,寿光市城市建设投资开发有限公司,7,AA
124415,13鄂投01,湖北交通投资集团有限公司,10,AAA
124416,13鄂投02,湖北交通投资集团有限公司,15,AAA
124417,PR江高新,江门市高新技术工业园有限公司,7,AA
124418,13永利债,浙江永利实业集团有限公司,6,AA+
124419,PR乌兰察,乌兰察布市投资开发有限公司,7,AA
124420,PR盐国资,海盐县国有资产经营有限公司,7,AAA
124421,PR海新区,海宁市尖山新区开发有限公司,7,AA+
124422,PR崇明债,上海陈家镇建设发展有限公司,6,AA
124423,PR宜环科,中国宜兴环保科技工业园发展总公司,7,AA
124424,PR柳东城,广西柳州市东城投资开发集团有限公司,7,AA
124425,PR平国资,平度市国有资产经营管理有限公司,7,AA
124426,PR澄港城,江阴临港新城开发建设有限公司,7,AA+
124427,PR临河债,巴彦淖尔市临河区城市发展投资有限责任公司,7,AA+
124428,13粤垦债,广东省粤垦投资有限公司,6,AA
124429,PR亭公投,盐城市亭湖区公有资产投资经营有限公司,7,AA
124430,PR城阳债,青岛城阳开发投资有限公司,7,AAA
124431,PR普兰债,大连市普兰店区建设投资有限公司,7,AA
124432,PR襄建投,汉江国有资本投资集团有限公司,7,AA
124433,PR沪闵行,上海闵行城市建设投资开发有限公司,7,AA+
124434,PR渝豪江,重庆豪江建设开发有限公司,7,AA
124435,PR邯城投,邯郸城市发展投资集团有限公司,7,AA+
124436,13海旅业,海航旅游集团有限公司,5,AA
124437,PR津静海,天津市静海城市基础设施建设投资集团有限公司,7,AA
124438,PR冶城投,大冶市振恒城市发展投资有限公司,7,AA+
124439,PR六安01,六安城市建设投资有限公司,7,AA
124440,PR宁德投,宁德市国有资产投资经营有限公司,7,AA
124441,PR库车01,库车城市建设投资(集团)有限公司,7,AA+
124442,PR武威01,武威市经济发展投资(集团)有限公司,7,AA
124443,PR黔投01,贵州省凯里城镇建设投资有限公司,7,AA+
124444,PR六安02,六安城市建设投资有限公司,7,AA
124445,PR泰成兴,泰兴市成兴国有资产经营投资有限公司,7,AA
124446,PR即墨债,即墨市城市开发投资有限公司,6,AA+
124448,PR大理01,大理经济开发投资集团有限公司,7,AA
124449,PR常滨湖,常州滨湖建设发展集团有限公司,7,AA+
124450,PR周口01,周口市投资集团有限公司,7,AA
124451,PR濮建债,濮阳市投资集团公司,7,AA
124452,PR府谷债,府谷县国有资产运营有限责任公司,7,AA
124453,PR秦开01,秦皇岛开发区国有资产经营有限公司,7,AA
124454,PR武清01,天津市武清区国有资产经营投资公司,7,AA+
124455,PR越都债,诸暨市越都投资发展有限公司,7,AA
124456,13闽投债,福建省投资开发集团有限责任公司,8,AAA
124457,PR河池投,河池市城市投资建设发展有限公司,7,AA
124458,PR镇投01,镇江城市建设产业集团有限公司,7,AAA
124459,PR随州01,随州市城市投资集团有限公司,7,AA
124460,PR忻州01,忻州资产经营集团有限公司,7,AA
124461,PR清远债,清远市交通建设开发公司,7,AA
124462,PR海财01,海城市金财土地房屋投资有限公司,7,AA
124463,PR津住宅,天津住宅建设发展集团有限公司,7,AA
124464,PR天易01,湖南天易集团有限公司,7,AAA
124465,PR黄冈01,黄冈市城市建设投资有限公司,7,AA+
124466,PR邕城投,南宁市城市建设投资发展有限责任公司,7,AA+
124467,PR锦州01,锦州市城市建设投资发展(集团)有限公司,7,AA
124468,PR丰城01,盐城市大丰区城市建设集团有限公司,7,AA+
124469,PR格尔木,格尔木投资控股有限公司,7,AA
124470,PR赣开01,赣州开发区建设投资(集团)有限公司,6,AA+
124471,PR宁海01,宁海县城市建设投资开发有限公司,7,AA
124472,PR海西州,海西州国有资本投资运营(集团)有限公司,7,AA
124473,11桐庐投,桐庐县国有资产投资经营有限公司,5,AA+
124474,PR怀化01,怀化市城市建设投资有限公司,10,AA
124475,PR沈湖01,沈阳南湖科技开发集团公司,7,AA
124477,PR滨高新,滨州高新区开发投资有限公司,7,AAA
124478,PR仪城发,仪征市城市发展投资控股集团有限公司,7,AA
124479,PR丰投01,丰城市城市建设投资有限公司,7,AA+
124480,PR东台01,东台市城市建设投资发展集团有限公司,7,AA
124481,PR镇投02,镇江城市建设产业集团有限公司,7,AAA
124482,14京华远,北京市华远集团有限公司,5,AA
124483,09渝地产,重庆市地产集团有限公司,10,AA+
124485,14苏沿海,江苏省沿海开发集团有限公司,7,AAA
124486,PR锦开01,锦州华兴投资建设(集团)有限公司,7,AA
124487,PR邵城债,邵阳市城市建设投资经营集团有限公司,7,AA+
124488,PR吴兴南,湖州吴兴南太湖建设投资有限公司,7,AA
124489,PR融强01,大连融强投资有限公司,7,AA
124490,PR首开01,北京首都开发控股(集团)有限公司,7,AAA
124491,PR皋开债,如皋市经济贸易开发总公司,7,AAA
124492,PR江夏投,武汉市江夏城投集团有限公司,7,AA
124493,PR伊宁债,伊宁市国有资产投资经营(集团)有限责任公司,7,AA+
124494,PR迁安01,迁安市城市建设投资发展有限公司,7,AA
124495,14晟晏债,宁夏晟晏实业集团有限公司,7,AA
124496,PR丰城02,盐城市大丰区城市建设集团有限公司,7,AA+
124497,PR扬化工,扬州化工产业投资发展有限公司,7,AA
124498,14金资01,北京金融街资本运营中心,7,AAA
124499,PR沈湖02,沈阳南湖科技开发集团公司,7,AA
124500,PR鹏铁02,深圳市地铁集团有限公司,10,AAA
124501,PR皋沿江,如皋沿江开发投资有限公司,7,AA+
124502,PR宏财01,贵州宏财投资集团有限责任公司,7,AA
124504,PR鹰投债,鹰潭市投资公司,6,AA
124505,PR嘉市镇,嘉兴市南湖投资开发建设集团有限公司,7,AA
124507,PR潍滨城,潍坊滨城投资开发有限公司,7,AA
124508,PR滕州02,滕州市城市国有资产经营有限公司,7,AA
124509,PR湘潭新,湘潭高新集团有限公司,7,AA
124510,PR赣开02,赣州开发区建设投资(集团)有限公司,6,AA+
124511,PR赣开投,赣州开发区建设投资(集团)有限公司,7,AA+
124512,11三门投,三门县国有资产投资控股有限公司,6,AA
124513,PR铜旅游,铜仁旅游投资有限公司,7,AA
124514,PR六开债,六盘水市开发投资有限公司,7,AA+
124515,14云路桥,云南路桥股份有限公司,6,AA
124516,PR泉高新,福建泉州江南高新技术电子信息产业园区开发建设有限公司,7,AA
124517,PR怀化02,怀化市城市建设投资有限公司,10,AA
124518,PR忻州02,忻州资产经营集团有限公司,7,AA
124519,PR淮新01,淮安新城投资开发有限公司,7,AA
124520,PR14太资,太仓市资产经营集团有限公司,7,AA+
124521,PR泉港债,泉州市泉港石化工业区建设发展有限公司,7,AA
124522,PR连普湾,大连时泰城市建设发展有限公司,7,AA+
124523,PR开城投,开原市城乡建设投资有限公司,7,AA
124524,PR黔投02,贵州省凯里城镇建设投资有限公司,7,AA+
124525,PR毕开源,毕节市开源建设投资(集团)有限公司,7,AA
124526,PR邹国投,邹平县国有资产投资经营有限公司,7,AA+
124527,PR榆神债,榆神能源开发建设有限责任公司,7,AA
124528,PR粤云浮,云浮市新达城市建设投资公司,7,AA
124529,PR泉投建,泉州台商投资区开发建设有限责任公司,7,AA+
124530,PR海开01,海安县开发区经济技术开发总公司,7,AA+
124531,PR海开02,海安县开发区经济技术开发总公司,6,AA+
124532,14甘公01,甘肃省公路航空旅游投资集团有限公司,6,AA+
124533,PR酒经投,酒泉市经济开发投资(集团)有限责任公司,7,AA+
124534,PR渝中债,重庆渝中国有资产经营管理有限公司,7,AA
124535,PR眉山资,眉山市资产经营有限公司,7,AA
124536,PR莱开投,齐鲁财金(山东)经济发展有限公司,7,AA+
124537,PR伊财通,伊犁哈萨克自治州财通国有资产经营有限责任公司,7,AA
124538,PR麓城投,长沙市麓山城市建设投资有限责任公司,7,AA
124539,PR富阳01,富阳市城市建设投资集团有限公司,7,AA+
124540,PR汉车都,武汉车都集团有限公司,7,AA+
124541,PR文城投,文山城市建设投资(集团)有限公司,7,AA
124542,PR陆嘴01,上海陆家嘴(集团)有限公司,5,AAA
124543,PR临港控,天津临港投资控股有限公司,7,AA
124544,PR锦州02,锦州华兴投资建设(集团)有限公司,7,AA
124545,PR双水01,成都空港兴城建设管理有限公司,6,AA
124546,PR丰投02,丰城市城市建设投资有限公司,7,AA+
124547,PR海建债,海安县城建开发投资集团有限公司,7,AA+
124548,14裕峰债,石家庄市交通投资开发有限公司,7,AA+
124549,PR新滨江,泰州市新滨江开发有限责任公司,7,AA
124550,PR桃城投,仙桃市城市建设投资开发有限公司,7,AA+
124551,PR长兴经,浙江省长兴县经济技术开发总公司,7,AA
124552,PR如金鑫,如东县金鑫交通工程建设投资有限公司,7,AA
124553,PR佳城债,佳木斯市新时代城市基础设施建设投资(集团)有限公司,7,AA
124554,PR威楠科,陕西威楠高科(集团)实业有限责任公司,7,AA+
124555,PR余城集,杭州余杭城市建设集团有限公司,7,AA+
124556,PR余经开,杭州余杭经济开发建设有限公司,7,AA
124557,PR天易02,湖南天易集团有限公司,7,AAA
124558,14宏桥01,山东宏桥新型材料有限公司,7,AA
124559,PR冶城投,大冶市振恒城市发展投资有限公司,7,AA+
124560,PR大理02,大理经济开发投资集团有限公司,7,AA
124561,PR苏汾湖,苏州汾湖投资集团有限公司,7,AA
124562,PR富蕴资,新疆富蕴县国有资产投资经营有限责任公司,6,AA
124563,PR吉铁投,吉林市铁路投资开发有限公司,7,AAA
124564,PR兴安盟,兴安盟城市发展投资经营有限责任公司,7,AA+
124565,PR庆投02,大庆市城市建设投资开发有限公司,7,AA+
124566,PR潭两型,湘潭市两型社会建设投融资有限公司,7,AA
124567,PR扬开发,扬州经济技术开发区开发(集团)有限公司,7,AA
124568,14株国投,株洲市国有资产投资控股集团有限公司,7,AA
124569,PR嘉经投,嘉兴经济技术开发区投资发展集团有限责任公司,7,AA
124570,PR首开02,北京首都开发控股(集团)有限公司,7,AAA
124571,14高新投,湖南高新创业投资集团有限公司,7,AA
124572,PR遂川中,遂宁开达投资有限公司,7,AA
124573,PR龙岩城,龙岩城市发展集团有限公司,7,AA
124574,PR攀国01,攀枝花市国有投资(集团)有限责任公司,7,AA
124575,PR汕投资,汕头市投资控股集团有限公司,10,AA
124576,11滇铁投,云南省铁路投资有限公司,7,AA+
124577,PR甬广聚,宁波市海曙广聚资产经营有限公司,7,AA
124578,PR青莱西,青岛莱西市资产运营有限公司,7,AA
124579,09建发债,建发房地产集团有限公司,7,AAA
124580,PR淮开发,淮安开发控股有限公司,7,AA+
124581,PR黄冈02,黄冈市城市建设投资有限公司,7,AA+
124582,PR廊经开,廊坊开发区建设发展有限公司,7,AA
124583,PR津房信,天津市房地产信托集团有限公司,7,AA+
124584,14天能01,天能电池集团股份有限公司,5,AA+
124585,14南网债,中国南方电网有限责任公司,10,AAA
124586,PR陆嘴02,上海陆家嘴(集团)有限公司,5,AAA
124587,PR阜阳01,阜阳市建设投资控股集团有限公司,7,AA
124588,PR济宁债,济宁市城建投资有限责任公司,7,AA+
124589,PR海晋交,海门市交通产业集团有限公司,7,AA
124590,PR武清02,天津市武清区国有资产经营投资有限公司,7,AA+
124591,PR长土开,湖南湘江新区投资集团有限公司,7,AA+
124592,PR并国投,太原国有投资集团有限公司,7,AA+
124593,PR相城投,苏州市相城城市建设投资(集团)有限公司,7,AA+
124594,PR潍东方,潍坊市东方国有资产经营管理有限公司,7,AA
124595,PR涪陵债,重庆市涪陵区新城区开发(集团)有限公司,7,AA
124596,14长影债,长影集团有限责任公司,7,AA
124597,14海资01,海航资本集团有限公司,7,AA
124598,PR济城投,济南市城市建设投资有限公司,7,AA+
124600,PR贵水01,贵阳市水利交通发展投资(集团)有限公司,10,AA
124601,PR唐城债,唐山市城市建设投资集团有限公司,7,AA+
124602,14国网01,国家电网有限公司,5,AAA
124603,14国网02,国家电网有限公司,15,AAA
124604,PR富阳02,富阳市城市建设投资集团有限公司,7,AA+
124605,PR温高01,温州高新技术产业开发区投资建设开发有限公司,7,AA
124606,PR菏泽债,菏泽投资发展集团有限公司,7,AA+
124607,PR津环城,天津环城城市基础设施投资有限公司,7,AA+
124608,PR句容福,江苏句容福地生态科技有限公司,7,AA+
124609,PR常德投,常德市经济建设投资集团有限公司,7,AAA
124610,14云铁投,云南省铁路投资有限公司,5,AA+
124611,PR阜阳02,阜阳市建设投资控股集团有限公司,7,AA
124612,PR永城建,永州市零陵城建投资有限公司,7,AA+
124613,PR长星建,长沙县星城发展集团有限公司,8,AA
124614,14桂农垦,广西农垦集团有限责任公司,7,AA
124615,PR昆高新,昆山高新技术产业开发区资产经营有限公司,7,AA+
124616,14鄂交01,湖北交通投资集团有限公司,10,AAA
124617,14鄂交02,湖北交通投资集团有限公司,10,AAA
124618,14粤科债,广东省粤科金融集团有限公司,10,AA+
124619,PR中卫建,中卫市建设投资有限责任公司,7,AA+
124620,PR14渝黔,重庆市黔江区城市建设投资(集团)有限公司,7,AA
124621,PR宣国资,宣城市国有资产投资有限公司,7,AA
124622,PR钦临海,广西钦州临海工业投资集团有限公司,7,AA
124623,PR穗铁01,广州市地下铁道总公司,10,AAA
124624,PR盛经01,重庆市万盛经济技术开发区开发投资集团有限公司,7,AA
124625,11宁宝源,宁夏宝丰能源集团股份有限公司,6,AA+
124626,PR渝豪02,重庆豪江建设开发有限公司,7,AA
124627,PR青州债,青州市宏源公有资产经营有限公司,10,AA
124628,PR启东01,启东城投集团有限公司,7,AA
124629,PR苏金灌,江苏金灌投资发展集团有限公司,7,AA+
124630,14库城建,库尔勒城市建设(集团)有限责任公司,6,AA+
124631,PR漕开发,上海市漕河泾新兴技术开发区发展总公司,7,AA
124632,PR合桃园,合肥桃花工业园经济发展有限公司,7,AA+
124633,PR淄高新,淄博高新城市投资运营集团有限公司,7,AA
124634,PR牡国资,牡丹江市国有资产投资控股有限公司,7,AA
124635,PR滕州01,滕州市城市国有资产经营有限公司,7,AA
124636,PR防城港,防城港市港发控股集团有限公司,7,AA
124637,PR融强02,大连融强投资有限公司,7,AA
124638,PR信阳债,信阳华信投资集团有限责任公司,7,AA
124639,PR14沭阳,沭阳金源资产经营有限公司,7,AA+
124640,09吴国资,苏州市吴江东方国有资本投资经营有限公司,7,AA+
124641,PR江宁开,南京江宁经济技术开发集团有限公司,10,AA
124642,PR鸠建投,芜湖市鸠江建设投资有限公司,7,AA+
124643,14冀高开,河北省高速公路开发有限公司,7,AA
124644,PR沈国资,沈阳农业高新区国有资产经营有限公司,7,AA
124645,PR临沂债,临沂经济开发有限公司,7,AA
124646,PR宁经开,宁乡经济技术开发区建设投资有限公司,7,AA
124647,PR娄底债,娄底市城市建设投资集团有限公司,7,AA
124648,PR郴州债,郴州市发展投资集团有限公司,7,AA+
124649,PR14润城,邳州市润城资产经营集团有限公司,7,AA
124650,PR海财02,海城市金财土地房屋投资有限公司,7,AA
124651,14杨农发,杨凌现代农业开发集团有限公司,7,AA+
124652,PR益交投,益阳市交通发展投资有限责任公司,7,AA
124653,PR遂河投,遂宁市河东开发建设投资有限公司,7,AA
124654,PR庆经投,庆阳市经济发展投资有限公司,7,AA
124655,PR宁海02,宁海县城市建设投资开发有限公司,7,AA
124656,PR永国投,永安市国有资产投资经营有限责任公司,6,AA
124657,PR张经投,张家界市经济发展投资集团有限公司,7,AA
124658,PR14桂城,广西城建投资集团有限公司,7,AA
124659,PR平经开,平湖经济开发区投资(集团)有限公司,7,AA
124660,PR桐庐投,桐庐县国有资产投资经营有限公司,7,AA+
124661,PR赣四通,江西省四通路桥建设集团有限公司,7,AA
124662,14京投债,北京市基础设施投资有限公司,15,AAA
124663,PR威经开,威海经济技术开发区国有资产经营集团有限公司,7,AA
124664,PR秦开02,秦皇岛开发区国有资产经营有限公司,7,AA
124665,PR余交通,杭州余杭交通集团有限公司,7,AA
124666,PR莱山债,烟台市莱山区城市资源开发经营管理中心,7,AA
124667,14苏元禾,苏州元禾控股股份有限公司,7,AAA
124668,14滇公路,云南省公路开发投资有限责任公司,6,AA+
124670,PR蚌高新,蚌埠高新投资集团有限公司,7,AA
124671,PR湛新域,湛江经济技术开发区新域基础设施建设投资有限公司,7,AA
124672,PR徐开发,徐州经济技术开发区国有资产经营有限责任公司,7,AA
124673,PR火炬债,厦门火炬集团有限公司,7,AA
124674,PR泰中兴,泰兴市中兴国有资产经营投资有限公司,7,AA
124675,PR崇川债,南通市崇川城市建设投资有限公司,7,AA
124676,PR衢国资,衢州市国有资产经营有限公司,7,AA
124677,PR乌城建,乌海市城市建设投资集团有限责任公司,7,AA
124678,PR宁开控,宁波经济技术开发区控股有限公司,7,AA
124679,PR宜经开,江苏宜兴经济开发区投资发展有限公司,7,AA
124680,PR普兰02,大连市普兰店区建设投资有限公司,7,AA
124681,PR徐高新,徐州高新技术产业开发区国有资产经营有限公司,7,AA
124682,PR宝高新,宝鸡高新投资控股有限公司,7,AA+
124683,PR周口02,周口市投资集团有限公司,7,AA
124684,PR新城基,北京新城基业投资发展有限公司,7,AA
124685,PR临淄债,淄博市临淄区公有资产经营有限公司,7,AA
124686,PR昌平债,北京昌鑫建设投资有限公司,7,AA+
124687,PR南化债,南充经济开发区投资集团有限公司,7,AA
124688,PR潜城投,潜江市城市建设投资开发有限公司,7,AA
124689,PR雨城投,长沙市雨花城市建设投资集团有限公司,7,AA
124690,14中电建,中国电力建设集团有限公司,5,AAA
124691,PR宏财02,贵州宏财投资集团有限责任公司,7,AA
124692,PR嘉公路,上海嘉定公路建设发展有限公司,7,AA
124693,PR新凯迪,新疆凯迪投资有限责任公司,7,AA
124694,PR克投债,克拉玛依市城市建设投资发展有限责任公司,7,AA
124695,PR广元控,广元市投资控股(集团)有限公司,7,AA+
124696,PR东台02,东台市城市建设投资发展集团有限公司,7,AA
124697,PR马城投,江东控股集团有限责任公司,7,AA
124698,PR奉化债,宁波市奉化区投资集团有限公司,7,AA
124699,PR汇通债,林州红旗渠经济技术开发区汇通控股有限公司,6,AA
124700,PR内江投,内江投资控股集团有限公司,7,AA
124701,PR临开债,浙江杭州青山湖科技城投资集团有限公司,7,AA
124702,PR衡水投,衡阳市湘江水利投资开发有限公司,7,AA
124703,PR蓉隆博,成都隆博投资有限责任公司,7,AA
124704,PR武威02,武威市经济发展投资(集团)有限公司,7,AA
124705,PR库车02,库车城市建设投资(集团)有限公司,7,AA+
124706,PR巴国资,巴中市国有资本运营集团有限公司,7,AA
124707,PR渝江01,重庆两江新区开发投资集团有限公司,7,AAA
124709,PR安吉债,安吉县产业投资发展集团有限公司,7,AA
124710,PR兴展债,北京兴展投资控股有限公司,7,AA+
124711,PR象山债,象山县国有资产经营投资有限公司,7,AA
124712,PR并经开,太原经济技术开发总公司,7,AA
124713,PR黔铁投,贵州铁路投资集团有限责任公司,10,AA+
124715,PR四平债,四平市四通城市基础设施建设投资有限公司,7,AA
124716,PR宁国债,宁国市国有资产投资运营有限公司,7,AA
124717,PR姜鑫源,泰州市姜堰区鑫源建设有限公司,6,AA
124718,PR乌房债,乌鲁木齐房地产开发(集团)有限公司,7,AA
124719,PR鞍新02,鞍山高新技术产业投资有限公司,7,AA+
124720,14电投01,国家电力投资集团有限公司,15,AAA
124721,PR青海创,青岛海创开发建设投资有限公司,7,AA+
124722,PR包滨河,包头市滨河新区开发建设有限责任公司,7,AA+
124723,PR启东02,启东城投集团有限公司,7,AA
124724,PR富山居,杭州富阳开发区建设投资集团有限公司,7,AA
124725,PR曲开投,曲靖市开发投资有限责任公司,7,AA
124726,PR德高新,德阳经开区发展(控股)集团有限公司,7,AA
124727,PR渝保税,重庆保税港区开发管理集团有限公司,7,AA
124728,PR左旗债,阿拉善左旗城市建设投资开发有限公司,7,AA+
124729,PR兰新控,兰州新区投资控股有限公司,7,AA
124730,PR长交01,长兴交通投资集团有限公司,7,AA
124731,PR朝建投,朝阳市建设投资有限公司,7,AA
124732,PR渝高开,重庆高新城市建设集团有限公司,7,AA
124733,PR开发投,开封市发展投资有限公司,7,AA
124734,PR随州02,随州市城市投资集团有限公司,7,AA
124735,PR合建投,合肥市建设投资控股(集团)有限公司,10,AA+
124736,PR柳龙投,柳州市龙建投资发展有限责任公司,10,AA
124737,PR虞交公,常熟市交通公有资产经营有限公司,7,AA+
124738,PR安发投,安宁发展投资集团有限公司,7,AA+
124739,PR西塞山,湖州西塞山开发建设有限公司,7,AA
124740,PR青经开,城发投资集团有限公司,7,AA+
124741,PR辽鑫诚,盘锦鑫诚实业集团有限责任公司,7,AA
124742,PR贵水02,贵阳市水利交通发展投资(集团)有限公司,10,AA
124743,PR银城投,银川市城市建设投资控股有限公司,7,AA
124744,PR萧经开,杭州萧山经济技术开发区国有资产经营有限公司,7,AA
124745,PR武安债,武安市国有资产经营有限责任公司,7,AA
124746,PR贺城投,贺州市城市建设投资开发有限公司,7,AA
124747,PR太仓港,江苏省太仓港港口开发建设投资有限公司,7,AA
124748,PR铜示范,安徽省铜陵市承接产业转移示范园区建设投资有限责任公司,7,AA
124749,PR仁城投,仁怀市城市开发建设投资经营有限责任公司,7,AA
124750,PR宜春投,宜春市城市建设投资开发有限公司,7,AA
124751,PR徐高铁,徐州市交通控股集团有限公司,7,AA
124752,PR文金滩,文登金滩投资管理有限公司,7,AA+
124753,14海控01,海南省发展控股有限公司,7,AA+
124754,14荥城投,荥阳市城市投资开发有限责任公司,7,AA
124757,PR鄂城01,鄂州市城市建设投资有限公司,7,AA
124758,PR吉安债,吉安市城市建设投资开发有限公司,7,AA+
124759,PR威新区,威海市临港国有资产经营管理有限公司,7,AA+
124760,PR余城投,余姚市城市建设投资发展有限公司,7,AA
124761,14深业团,深业集团有限公司,7,AAA
124762,PR萍昌盛,江西省萍乡市昌盛城市投资有限公司,7,AA
124763,PR昆交发,昆山交通发展控股有限公司,7,AA
124764,PR蔡家湖,新疆五家渠蔡家湖国有资产投资经营有限公司,7,AA
124765,PR醴陵投,醴陵市渌江投资控股集团有限公司,7,AA
124766,PR景洪投,景洪市国有资产投资有限公司,7,AA
124767,PR郑二七,郑州二七国有资产经营有限公司,7,AA+
124768,PR云城投,云南省康旅控股集团有限公司,7,AA+
124769,PR合力01,哈尔滨合力投资控股有限公司,7,AA+
124770,PR合力02,哈尔滨合力投资控股有限公司,7,AA
124771,PR亳建投,建安投资控股集团有限公司,7,AA+
124772,PR当阳债,当阳市鑫源投资开发有限责任公司,7,AA
124773,PR温高02,温州高新技术产业开发区投资建设开发有限公司,7,AA
124774,14通辽债,通辽市城市投资集团有限公司,7,AA
124775,PR新余东,新余市城东建设投资总公司,7,AA
124776,PR绿地债,绿地控股集团有限公司,6,AAA
124777,PR茂交投,茂名市交通建设投资集团有限公司,7,AA
124778,PR蔡甸投,武汉市蔡甸城建投资开发有限公司,7,AA
124779,PR银开发,银川高新技术产业开发有限责任公司,8,AA
124781,PR渝江02,重庆两江新区开发投资集团有限公司,7,AAA
124782,PR遵国资,遵义市国有资产投融资经营管理有限责任公司,7,AA
124783,PR绍袍江,绍兴袍江工业区投资开发有限公司,7,AA
124784,PR池城投,池州城市经营投资有限公司,7,AA
124785,PR青宏源,青州市宏源公有资产经营有限公司,7,AA
124786,PR苏海集,江苏苏海投资集团有限公司,7,AA
124787,PR荣经债,荣成市经济开发投资有限公司,7,AA+
124788,PR宣北山,河北宣化北山工业园投资有限责任公司,7,AA
124789,PR海东投,青海海东投资有限责任公司,7,AA
124790,PR陶都债,江苏陶都城市发展投资有限公司,7,AA
124791,PR孝城投,孝感市城市建设投资公司,7,AA
124792,PR桓台债,桓台县金海公有资产经营有限公司,7,AA
124793,PR合新01,合肥高新建设投资集团公司,7,AA
124794,PR合新02,合肥高新建设投资集团公司,10,AA
124795,PR渝惠通,重庆市永川区惠通建设发展有限公司,7,AA
124796,PR襄高投,襄阳高新投资开发有限公司,7,AA
124797,14十二师,新疆生产建设兵团第十二师国有资产经营(集团)有限责任公司,7,AA
124799,PR京鑫融,北京京西鑫融投资管理有限公司,7,AA
124800,PR金城债,张家港市金城投资发展有限公司,7,AA+
124801,PR恩城投,恩施城市建设投资有限公司,7,AA
124802,PR保山债,保山市国有资产经营有限责任公司,7,AA
124803,PR津宁投,天津市宁河区兴宁建设投资集团有限公司,7,AA
124804,PR津南债,天津津南城市建设投资有限公司,7,AAA
124805,PR穗铁02,广州市地下铁道总公司,10,AAA
124806,PR渝园业,重庆园业实业(集团)有限公司,7,AA
124807,PR金国发,江苏金坛国发国际投资发展有限公司,7,AAA
124808,PR唐丰南,唐山市丰南建设投资有限公司,7,AA
124809,PR龙国投,成都经开国投集团有限公司,7,AA
124810,PR一师鑫,阿拉尔市新鑫国有资产经营有限责任公司,8,AA
124811,PR滇投02,昆明滇池投资有限责任公司,7,AA+
124812,PR长交02,长兴交通投资集团有限公司,7,AA
124813,PR井开债,吉安市井冈山开发区金庐陵经济发展有限公司,7,AA
124814,14郑投控,郑州投资控股有限公司,7,AA
124815,14天瑞02,天瑞集团股份有限公司,10,AA+
124816,PR顺德投,河北顺德投资集团有限公司,7,AA
124817,14北国资,北京市国有资产经营有限责任公司,10,AAA
124818,PR德源债,湖南常德市德源投资开发有限公司,7,AA+
124819,PR渝旅开,重庆市长寿生态旅业开发有限公司,7,AA
124820,PR济高债,济南高新控股集团有限公司,7,AA+
124821,PR百色投,广西百色开发投资集团有限公司,7,AA
124822,PR合滨投,合肥市滨湖新区建设投资有限公司,5,AA+
124823,PR池金桥,池州金桥投资集团有限公司,7,AA
124824,14金桥棚,连云港市工业投资集团有限公司,7,AA+
124827,PR普国资,舟山市普陀区国有资产投资经营有限公司,8,AA
124828,PR日经开,日照经济技术开发区国有资产经营管理有限公司,7,AA+
124829,PR孝高01,孝感市高创投资有限公司,7,AA
124830,14桂铁投,广西铁路投资(集团)有限公司,10,AA+
124831,PR崇建设,上海崇明建设投资发展有限公司,6,AA
124832,PR睢宁润,睢宁县润企投资有限公司,7,AA+
124833,PR如东泰,如东县东泰社会发展投资有限责任公司,7,AA+
124834,PR德城投,德州德达城市建设投资运营有限公司,7,AA+
124835,PR渝南债,重庆市渝南资产经营有限公司,7,AA
124836,PR大石桥,大石桥市城市建设投资有限公司,7,AA
124837,PR赤城投,赤峰市城市建设投资(集团)有限公司,7,AA
124839,PR滨新塘,天津滨海新塘建设发展有限公司,7,AA
124840,PR漳九龙,漳州市九龙江集团有限公司,7,AA
124842,PR神木债,神木市国有资本投资运营集团有限公司,7,AA+
124843,PR宏河债,山东宏河控股集团有限公司,7,AA+
124844,PR遵汇投,遵义市汇川区城市建设投资经营有限公司,7,AA
124845,PR晋开发,福建省晋江市工业园区开发建设有限公司,7,AA
124846,PR瘦西湖,扬州瘦西湖旅游发展集团有限公司,7,AA
124847,PR济源建,河南省济源市建设投资公司,7,AA
124848,PR元国资,赤峰市元宝山区国有资产经营有限公司,7,AA
124850,PR合川投,重庆市合川城市建设投资(集团)有限公司,7,AA
124851,PR梧东泰,梧州市东泰国有资产经营有限公司,7,AA
124852,PR冀渤海,河北渤海投资集团有限公司,6,AA
124853,PR淄博债,淄博市城市资产运营有限公司,7,AA+
124854,PR喀什深,喀什深喀投资发展有限公司,6,AA
124855,PR淮城投,淮南市城市建设投资有限责任公司,7,AA
124856,14常房债,常州公共住房建设投资发展有限公司,7,AA
124857,PR临桂新,桂林新城投资开发集团有限公司,7,AA
124858,PR黄海港,大连黄海港务有限公司,7,AA
124859,14柳产投,广西柳州市产业投资发展集团有限公司,7,AA
124860,PR汤建投,南京汤山建设投资发展有限公司,7,AA
124861,11冀渤海,河北渤海投资集团有限公司,6,AA
124862,PR台基投,台州市城市建设投资发展集团有限公司,7,AA+
124863,PR沂科技,临沂未来科技城开发建设集团有限公司,7,AA
124864,PR兴城建,兴化市城市建设投资有限公司,6,AA
124865,PR奎屯润,新疆润盛投资发展有限公司,6,AA
124866,PR南二建,江苏南通二建集团有限公司,7,AA
124867,09绍交投,绍兴市交通投资集团有限公司,7,AAA
124868,14冀融投,河北融投控股集团有限公司,7,AA+
124869,PR渝长寿,重庆长寿经济技术开发区开发投资集团有限公司,7,AA
124870,PR嵊投控,嵊州市投资控股有限公司,7,AA+
124871,14绿国资,新疆绿原国有资本投资运营有限公司,7,AA
124872,PR杭拱墅,杭州市拱墅区经济发展投资有限公司,7,AA
124873,PR盛经02,重庆市万盛经济技术开发区开发投资集团有限公司,7,AA
124874,PR哈密01,新疆维吾尔自治区哈密市国有资产投资经营有限公司,7,AA+
124875,PR哈密02,新疆维吾尔自治区哈密市国有资产投资经营有限公司,7,AA
124876,PR郑高新,郑州高新投资建设集团有限公司,7,AA
124877,PR莱国资,莱州市国有资产经营有限公司,7,AA
124878,PR苏高新,苏州苏高新集团有限公司,7,AAA
124879,PR淮新02,淮安新城投资开发有限公司,7,AA
124880,PR曲经开,曲靖经济技术开发区建设投资集团有限公司,7,AA+
124881,PR安经债,安顺虹阳国有资产投资营运有限责任公司,7,AA
124882,PR江北嘴,重庆市江北嘴中央商务区投资集团有限公司,7,AA+
124883,PR西微债,重庆西永微电子产业园区开发有限公司,7,AA+
124884,PR双水02,成都空港兴城建设管理有限公司,6,AA
124885,PR临城建,浙江国兴投资集团有限公司,7,AA
124886,PR长农建,长春现代农业产业建设有限公司,7,AA
124887,PR城南投,盐城市城南新区开发建设投资有限公司,7,AA
124888,PR邹城债,邹城市城市资产经营有限公司,7,AA
124889,PR定国资,舟山市定海区国有资产经营有限公司,7,AA
124890,14甘电投,甘肃省电力投资集团有限责任公司,10,AAA
124891,PR株高01,株洲高科集团有限公司,7,AA
124892,PR株高02,株洲高科集团有限公司,7,AA
124893,PR文登债,威海市文登区城市资产经营有限公司,7,AA
124894,14海资02,海航资本集团有限公司,7,AA
124895,PR筑经开,贵阳经济开发区城市建设投资(集团)有限公司,7,AA
124896,14北港债,广西北部湾国际港务集团有限公司,7,AA+
124897,PR津广投,天津广成投资集团有限公司,7,AA
124898,PR津水务,天津水务投资集团有限公司,7,AA
124899,PR穗铁03,广州市地下铁道总公司,10,AAA
124900,PR滨城区,滨州市滨城区经济开发投资有限公司,7,AA+
124901,PR虞城建,绍兴市上虞城市建设集团有限公司,7,AA
124902,14陕交建,陕西省交通建设集团公司,10,AA
124903,PR鹤投资,鹤壁投资集团有限公司,7,AA
124904,PR连旅泰,大连旅泰投资有限公司,7,AA
124905,PR登封债,登封市城市开发建设投资有限公司,6,AA+
124906,PR迁安02,迁安市城市建设投资发展有限公司,7,AA
124907,PR芜宜居,芜湖宜居投资(集团)有限公司,7,AA
124908,PR靖江港,靖江港口集团有限公司,7,AA
124909,14超威债,超威电源有限公司,6,AA
124910,PR石景山,北京市石景山区国有资产经营公司,7,AA
124911,PR北辰债,天津北辰科技园区管理有限公司,7,AA
124912,PR锦城02,锦州市城市建设投资发展(集团)有限公司,7,AA
124913,PR绍交投,绍兴县交通投资有限公司,7,AA
124914,PR慈建投,宁波慈溪建设集团有限公司,7,AA+
124915,14宏桥02,山东宏桥新型材料有限公司,7,AA
124916,PR新开元,成都新开元城市建设投资有限公司,7,AA
124917,PR沣西债,陕西省西咸新区沣西新城开发建设(集团)有限公司,7,AA
124918,PR沪南汇,上海南汇城乡建设开发投资总公司,7,AA+
124919,PR安城投,福安市城市建设投资集团有限公司,6,AA+
124920,PR龙海投,龙海市国有资产投资经营有限公司,7,AA+
124921,PR浏阳债,浏阳市城市建设集团有限公司,7,AA
124923,PR胶城投,青岛胶州城市发展投资有限公司,7,AA+
124924,PR白沙投,衡阳白沙洲开发建设投资有限公司,7,AA
124925,PR金湖资,金湖县国有资产经营投资有限责任公司,7,AA+
124926,PR阜宁债,阜宁县城市投资发展有限责任公司,7,AA
124927,PR玉溪投,玉溪市开发投资有限公司,7,AA
124928,PR九龙债,重庆九龙园高新产业集团有限公司,7,AA
124929,PR巴南01,重庆巴南经济园区建设实业有限公司,7,AA
124930,PR堰城债,十堰国有资本投资运营集团有限公司,7,AA
124931,09晋交投,山西省交通开发投资集团有限公司,10,AA
124932,PR阿克苏,阿克苏地区绿色实业开发有限公司,7,AA
124933,PR揭城投,揭阳市城市投资建设集团有限公司,7,AA
124934,PR渝港投,重庆市空港新城建设投资(集团)有限公司,7,AA
124935,14冀建投,河北建设投资集团有限责任公司,11,AAA
124936,PR天门债,天门市城市建设投资有限公司,7,AA
124937,PR湖中兴,湖州市城建投资集团有限公司,7,AA
124938,PR郴百福,郴州市百福投资集团有限公司,7,AA+
124939,PR蒙盛祥,内蒙古盛祥投资有限公司,7,AA+
124940,PR滁州债,滁州市城市投资控股集团有限公司,7,AA
124941,PR14钦滨,钦州市滨海新城投资集团有限公司,7,AA+
124942,PR南绿港,南宁绿港建设投资集团有限公司,7,AA
124943,PR兰国投,兰州国资投资(控股)建设集团有限公司,7,AA
124944,PR广建设,广元市园区建设投资有限公司,7,AA
124945,PR石狮投,石狮市国有投资发展有限公司,7,AA
124946,14保利集,中国保利集团有限公司,5,AAA
124947,PR西港债,西安国际陆港投资发展集团有限公司,7,AA+
124948,14金资02,北京金融街资本运营中心,7,AAA
124949,PR随建投,随州市城市建设综合开发投资有限公司,7,AA
124950,14登电债,登封电厂集团有限公司,6,AAA
124951,PR威中城,威海市中城公有资产经营有限公司,7,AA
124952,PR马高新,马鞍山慈湖高新技术产业开发区投资发展有限公司,7,AA
124953,09宁城建,南京市城市建设投资控股(集团)有限责任公司,10,AAA
124956,PR锑都债,娄底锑都投资发展有限公司,7,AA
124957,PR滨投债,常熟市滨江城市建设经营投资有限责任公司,7,AA
124958,PR九富和,九江富和建设投资有限公司,6,AA
124959,PR仁寿债,仁寿发展投资集团有限公司,7,AA
124960,PR胶发展,青岛胶州湾发展集团有限公司,7,AA+
124961,PR苏望涛,江苏望涛投资建设有限公司,6,AA
124962,PR武经开,天津武清经济技术开发区有限公司,7,AA
124963,PR广安经,广安经济技术开发区恒生投资开发有限公司,7,AA
124964,PR自高投,自贡市高新投资有限公司,7,AA
124965,PR济西投,济南西城投资开发集团有限公司,7,AA+
124966,14京国资,北京国有资本运营管理有限公司,15,AAA
124967,PR昌经债,昌邑市经济开发投资公司,7,AA+
124968,PR盐东投,盐城东方投资开发集团有限公司,7,AA
124969,PR醴陵资,醴陵市渌江投资控股集团有限公司,7,AA
124970,PR杭地铁,杭州市地铁集团有限责任公司,10,AAA
124971,PR宜国投,宜都市国通投资开发有限责任公司,7,AA
124972,PR安高债,陕西安康高新产业发展投资(集团)有限公司,7,AA
124973,PR宣建债,宣城经济技术开发区建设投资有限公司,7,AA
124974,PR泸纳债,四川纳兴实业集团有限公司,7,AA
124975,PR溧经开,南京溧水经济技术开发总公司,7,AA+
124976,PR张掖债,张掖市城市投资发展(集团)有限公司,7,AA
124977,14天瑞03,天瑞集团股份有限公司,7,AA+
124978,PR新密债,新密市财源投资集团有限公司,7,AA
124979,PR陂城投,武汉市黄陂区城建投资开发有限公司,7,AA+
124981,PR嘉峪关,嘉峪关市城市基础设施建设投资开发(集团)有限公司,7,AA+
124982,PR高安01,高安市城市建设投资有限责任公司,7,AA
124983,PR孝高02,孝感市高创投资有限公司,7,AA
124984,PR鄂城02,鄂州市城市建设投资有限公司,7,AA
124986,PR建开债,建湖县开发区建设投资有限公司,7,AA
124987,PR昆经开,昆明经济技术开发区投资开发(集团)有限公司,7,AA
124988,14闽投债,福建省投资开发集团有限责任公司,7,AAA
124989,14三星01,山东三星集团有限公司,7,AA
124999,13武续债,武汉地铁集团有限公司,5,AA+
127000,PR繁昌投,繁昌县建设投资有限公司,7,AA+
127001,14电投02,国家电力投资集团有限公司,15,AAA
127002,14天能02,天能电池集团股份有限公司,6,AA+
127003,PR德兴债,德兴市投资控股集团有限公司,7,AA
127004,PR溧昆仑,溧阳昆仑城建集团有限公司,7,AA
127005,PR乐清投,乐清市国有投资有限公司,7,AA
127006,PR蓬莱债,舟山群岛新区蓬莱国有资产投资集团有限公司,8,AA
127007,PR潭万楼,湘潭市万楼新城开发建设投资有限公司,7,AA
127008,PR龙岩01,福建省龙岩市经济技术开发区建设发展有限公司,7,AA
127009,PR龙岩02,福建省龙岩市经济技术开发区建设发展有限公司,7,AA
127010,PR海城投,海宁市城市发展投资集团有限公司,7,AA
127011,PR14鹰投,鹰潭市投资公司,7,AA
127013,PR乐山债,乐山国有资产投资运营(集团)有限公司,7,AA
127014,PR三门01,三门县国有资产投资控股有限公司,7,AA
127015,PR世园债,西安世园投资(集团)有限公司,7,AA
127016,14忠旺债,辽宁忠旺集团有限公司,6,AA+
127017,14粤高债,广东省高速公路有限公司,15,AAA
127018,PR新昌01,浙江省新昌县投资发展集团有限公司,7,AA+
127019,PR丹徒投,镇江市丹徒区建设投资有限公司,7,AA
127020,PR玉交01,玉环市交通投资集团有限公司,7,AA
127021,14京天恒,北京天恒置业集团有限公司,6,AA
127022,10句容福,江苏句容福地生态科技有限公司,7,AA
127023,PR集宁债,乌兰察布市集宁区城市建设投资开发有限责任公司,7,AA
127025,PR惠城投,惠安县城乡建设投资经营有限公司,7,AA+
127026,PR沪建债,上海城投(集团)有限公司,10,AAA
127027,PR晋城债,晋城市国有资本投资运营有限公司,7,AA
127028,14新供销,新疆供销投资(控股)集团有限责任公司,7,AA+
127029,PR岳阳债,岳阳惠临投资发展有限公司,7,AA+
127030,PR鹿城债,温州市鹿城区城市发展集团有限公司,7,AA
127031,PR鹤建投,黑龙江省鹤城建设投资发展有限公司,7,AA
127032,PR连交通,连云港市交通集团有限公司,7,AA
127033,PR即旅投,青岛市即墨区城市旅游开发投资有限公司,7,AA+
127034,PR永嘉债,永嘉投资集团有限公司,7,AA
127035,14春辉01,江苏春辉生态农林股份有限公司,6,AA
127037,PR双桥债,重庆市双桥经济技术开发区开发投资集团有限公司,7,AA
127038,PR吴经发,江苏省吴中经济技术发展集团有限公司,7,AA
127039,14西电债,西湖电子集团有限公司,5,AA+
127040,14春辉02,江苏春辉生态农林股份有限公司,6,AA
127041,PR中山交,中山市交通发展集团有限公司,7,AA
127042,PR来工投,广西来宾工业投资集团有限公司,7,AA
127044,PR河润业,河源市润业投资有限公司,7,AA
127045,PR长兴债,长兴城市建设投资集团有限公司,7,AA
127046,14海控02,海南省发展控股有限公司,7,AA+
127047,PR江油债,江油鸿飞投资(集团)有限公司,7,AA
127048,PR浏经开,浏阳经开区开发投资有限公司,7,AA
127049,PR绍柯开,绍兴柯桥经济开发区开发投资有限公司,7,AA
127050,PR松原债,松原市城市开发建设有限责任公司,7,AA+
127051,PR滕建债,山东滕建投资集团有限公司,7,AA
127052,14甘公02,甘肃省公路航空旅游投资集团有限公司,7,AA+
127053,15天瑞01,天瑞集团股份有限公司,6,AA+
127054,15黔物资,贵州现代物流产业(集团)有限责任公司,7,AA
127055,PR邳恒润,邳州市恒润城市投资有限公司,7,AA
127056,16朝国资,北京朝阳国有资本运营管理有限公司,7,AAA
127057,PR牟中债,郑州牟中发展投资有限公司,7,AA
127058,PR连融达,大连融达投资有限责任公司,7,AA+
127059,PR芜建债,芜湖市湾沚建设投资有限公司,7,AA
127060,PR遵义投,遵义市投资(集团)有限责任公司,7,AA
127061,PR黔西南,黔西南州工业投资(集团)有限公司,7,AA
127062,PR博兴债,山东省博兴县鑫达建设投资开发有限公司,7,AA+
127063,14中科01,中科招商投资管理集团股份有限公司,6,AA+
127064,14中科02,中科招商投资管理集团股份有限公司,7,AA+
127065,PR阜新01,阜新市城市基础设施建设投资有限责任公司,7,AA
127066,PR高安02,高安市城市建设投资有限责任公司,7,AA
127067,PR遵经债,遵义经济技术开发区投资建设有限公司,7,AA
127068,PR新昌02,浙江省新昌县投资发展集团有限公司,7,AA+
127069,PR准国投,内蒙古准格尔国有资本投资控股集团有限公司,7,AA+
127072,PR泾河债,陕西省西咸新区泾河新城开发建设(集团)有限公司,7,AA
127073,PR铁西债,沈阳市铁西区国有资产经营有限公司,7,AA+
127074,PR铜大江,铜陵大江投资控股有限公司,7,AA
127075,PR鸡西资,鸡西市国有资产经营管理有限公司,7,AA
127076,PR宁城建,宁乡县城市建设投资集团有限公司,7,AA
127077,PR本溪债,本溪市城市建设投资发展有限公司,7,AA
127078,PR盘山债,盘山县国有资产经营有限公司,7,AA
127079,PR郴高投,郴州市产业投资集团有限公司,7,AA
127080,PR达州01,达州发展(控股)有限责任公司,7,AA
127081,PR牟国资,烟台市牟平区国有资产经营公司,7,AA
127082,PR望经开,望城经开区投资建设集团有限公司,7,AA
127083,PR宜创债,宜春市创业投资有限公司,7,AA
127084,PR中区债,济宁市市中区城建投资有限公司,7,AA
127086,10乌城投,乌鲁木齐城市建设投资(集团)有限公司,7,AAA
127087,PR榕城01,福州市城乡建设发展总公司,7,AA+
127088,PR15汇丰,萍乡市汇丰投资有限公司,7,AA
127089,PR新郑01,新郑新区发展投资有限责任公司,6,AA+
127090,PR新郑02,新郑新区发展投资有限责任公司,6,AA
127091,PR梵净山,铜仁市梵净山投资有限公司,7,AA+
127092,PR淀山湖,上海淀山湖新城发展有限公司,6,AA
127093,15铜发债,铜陵市国有资本运营控股集团有限公司,7,AA
127094,PR盘经开,盘锦市双台子区经济开发投资有限公司,7,AA
127095,PR湘九债,湘潭九华经济建设投资有限公司,7,AA
127096,PR东方财,天津东方财信投资集团有限公司,7,AAA
127097,PR毕建投,毕节市建设投资有限公司,7,AA+
127098,PR营沿海,营口沿海开发建设有限公司,7,AA
127099,15天瑞02,天瑞集团股份有限公司,6,AA+
127100,PR新交投,新沂市交通投资有限公司,7,AA+
127101,PR吉华投,吉首华泰国有资产投资管理有限责任公司,7,AA
127102,PR襄矿债,山西襄矿集团有限公司,7,AA
127103,10顺义02,北京市顺义区国有资本经营管理中心,7,AAA
127104,PR涪交旅,重庆市涪陵交通旅游建设投资集团有限公司,7,AA
127105,PR咸荣投,咸宁高新投资集团有限公司,7,AA+
127108,PR常天宁,常州天宁建设发展集团有限公司,7,AA
127109,PR天盈债,四川天盈实业有限责任公司,7,AA
127110,PR兴城债,成都市兴城建实业发展有限责任公司,7,AA
127111,PR黔南投,黔南州投资有限公司,7,AA
127112,PR天诚01,内蒙古科尔沁城市建设投资集团有限公司,7,AA
127113,PR乌国投,乌鲁木齐国有资产投资有限公司,6,AA
127114,15乳国资,乳山市产业投资发展集团有限公司,7,AA+
127115,PR马建投,马鞍山经济技术开发区建设投资有限公司,7,AA
127116,PR淳新开,淳安县新安江生态开发集团有限公司,7,AA+
127117,PR娄开债,湖南省娄底经济技术开发投资建设有限公司,7,AA
127118,PR丰城投,丰城市城市建设投资有限公司,7,AA
127119,PR兴堰债,都江堰兴堰投资有限公司,7,AA
127120,PR巴南债,重庆巴南经济园区建设实业有限公司,7,AA
127121,15苏国信,江苏省国信集团有限公司,5,AAA
127122,10湘高速,湖南省高速公路建设开发总公司,10,AAA
127123,PR阜新02,阜新市城市基础设施建设投资有限责任公司,7,AA
127124,14中色03,中国有色矿业集团有限公司,10,AAA
127125,PR三门02,三门县国有资产投资控股有限公司,7,AA
127126,PR遂富源,遂宁市富源实业有限公司,7,AA
127127,PR渭城债,渭南市城市投资集团有限公司,7,AA
127128,PR沈大东,沈阳大东国有资产经营集团有限公司,7,AA
127129,PR苏通债,南通苏通控股集团有限公司,7,AA
127130,PR尧都债,临汾市尧都区投资建设开发有限公司,7,AA
127131,PR玉交02,玉环市交通投资集团有限公司,7,AA
127132,PR梅山债,宁波梅山岛开发投资有限公司,7,AA
127133,PR泗洪债,泗洪县宏源公有资产经营有限公司,7,AA+
127134,PR广安债,广安发展建设集团有限公司,7,AA
127135,PR阳高新,益阳高新产业发展投资集团有限公司,7,AA
127137,PR株今添,株洲市今添投资开发有限公司,7,AA
127138,PR柯岩债,绍兴柯岩建设投资有限公司,7,AA
127139,PR邛崃债,邛崃市建设投资集团有限公司,7,AA
127141,PR东南债,常熟东南资产经营投资有限公司,7,AA
127142,PR怀经开,怀化经济开发区开发建设投资有限公司,7,AA
127143,PR新泰债,新泰市统筹城乡发展集团有限公司,7,AA
127144,15黄河债,陕西黄河矿业(集团)有限责任公司,6,AA
127145,PR长轨01,长沙市轨道交通集团有限公司,10,AA+
127146,PR汴新债,开封新区基础设施建设投资有限公司,7,AA
127147,PR15郫国,成都市郫都区国有资产投资经营公司,7,AA
127148,PR九江置,九江市置地投资有限公司,7,AA
127149,15粤路桥,广东省路桥建设发展有限公司,15,AAA
127150,PR包科教,包头市科教实业发展有限公司,7,AA
127151,PR白工投,贵阳白云工业发展投资有限公司,7,AA
127152,PR渝铜梁,重庆市铜梁区金龙城市建设发展(集团)有限公司,7,AA
127153,PR吐国投,吐鲁番地区国有资产投资经营有限责任公司,7,AA
127155,PR宜兴债,宜兴市城建文旅集团有限公司,7,AA+
127156,15联峰债,江苏联峰实业有限公司,6,AA
127157,PR石城投,石狮市城市建设有限公司,7,AA
127158,PR东营资,东营市城市资产经营有限公司,7,AAA
127159,PR越投债,诸暨市越都投资发展有限公司,7,AA
127160,PR耒城投,耒阳市城市和农村建设投资有限公司,7,AA
127161,PR石国控,石家庄国控城市发展投资集团有限责任公司,7,AA+
127162,PR湘铁投,湖南铁路建设投资有限公司,10,AA+
127163,PR15海门,江苏海润城市发展集团有限公司,7,AA+
127164,PR庐江债,庐江县城市建设投资有限公司,7,AA+
127165,PR高国资,肇庆市高要区国有资产经营有限公司,7,AA
127166,PR洋口港,江苏洋口港建设发展集团有限公司,7,AA+
127167,PR阳江投,阳江市城市投资集团有限公司,7,AA
127168,PR绍城建,绍兴市城市建设投资集团有限公司,7,AA+
127169,PR鄂长江,长江产业投资集团有限公司,7,AA+
127170,PR渝水债,新余市渝水区城区建设投资开发有限公司,7,AA
127171,PR乌经开,乌鲁木齐经济技术开发区建设投资开发(集团)有限公司,7,AA
127172,PR滨中海,滨州市中海创业投资集团有限公司,7,AA+
127173,PR津铁投,天津铁路建设投资控股(集团)有限公司,10,AAA
127174,PR迁安投,迁安市兴源水务产业投资有限公司,7,AA
127175,15武铁01,武汉地铁集团有限公司,15,AAA
127176,PR武铁02,武汉地铁集团有限公司,7,AAA
127177,PR梅金叶,梅州市新金叶发展有限公司,7,AA
127178,15华南城,华南国际工业原料城深圳有限公司,6,AA+
127179,PR兴泸债,泸州市兴泸投资集团有限公司,10,AA
127180,PR郴新债,郴州市新天投资有限公司,7,AA+
127181,PR桂经投,桂林市经济建设投资集团有限公司,7,AA+
127182,PR阿信投,阿克苏信诚资产投资经营有限责任公司,7,AA
127183,PR淮城债,淮安市城市资产经营有限公司,7,AA+
127184,PR漳经发,漳州市经济发展集团有限公司,7,AA
127185,PR绍城债,绍兴市城中村改造建设投资有限公司,7,AA
127186,PR遵道桥,遵义道桥建设(集团)有限公司,8,AA
127187,PR宜城债,安庆市城市建设投资发展(集团)有限公司,7,AA
127188,PR江新债,江门市高新技术工业园有限公司,7,AA
127189,PR渝悦投,重庆悦来投资集团有限公司,7,AA
127190,PR大足债,重庆大足工业园区建设发展有限公司,7,AA
127191,PR济高02,济宁高新城建投资有限公司,7,AA
127192,PR沪闵城,上海闵行城市建设投资开发有限公司,7,AA+
127193,PR马花山,马鞍山市花山区城市发展投资集团有限责任公司,7,AA+
127194,PR天诚02,内蒙古科尔沁城市建设投资集团有限公司,7,AA
127195,16闽投02,福建省投资开发集团有限责任公司,8,AAA
127196,PR海海业,海丰县海业基础设施建设投资有限公司,7,AA+
127197,PR瓯海债,浙江瓯海城市建设投资集团有限公司,7,AA
127198,PR绍城北,绍兴市镜湖开发集团有限公司,7,AA
127199,15龙口债,龙口市城乡建设投资发展有限公司,7,AA
127200,PR津城债,天津环城城市基础设施投资有限公司,7,AA+
127201,PR丹开债,丹阳市开发区高新技术产业发展有限公司,7,AA
127202,PR呼伦债,呼伦贝尔市投资有限责任公司,7,AA
127203,15兴泰债,合肥兴泰金融控股(集团)有限公司,7,AA+
127205,PR巢城债,巢湖市城镇建设投资有限公司,7,AA+
127208,15国网01,国家电网有限公司,7,AAA
127209,15国网02,国家电网有限公司,15,AAA
127211,PR黄山债,黄山城投集团有限公司,7,AA
127212,PR黄城债,黄石市城市建设投资开发有限责任公司,7,AA
127213,PR枝江02,枝江市国有资产经营中心,7,AA
127214,15建发债,建发房地产集团有限公司,7,AAA
127215,PR兴荣控,重庆市兴荣控股集团有限公司,7,AA+
127216,PR蜀城投,成都市蜀州城市建设投资有限责任公司,7,AA
127217,10装备01,大连装备投资集团有限公司,6,AAA
127218,10装备02,大连装备投资集团有限公司,7,AAA
127219,PR九城投,九江市城市建设投资有限公司,7,AA
127220,PR邯建投,邯郸市建设投资集团有限公司,7,AA+
127221,PR赣城投,赣州城市开发投资集团有限责任公司,7,AA+
127222,PR建湖债,建湖县城市建设投资有限公司,7,AA
127223,PR大洼债,大洼县城市建设投资有限公司,7,AA
127225,PR鹰高新,鹰潭炬能投资集团有限公司,7,AA
127226,15海基债,海航基础产业集团有限公司,7,AA
127227,PR锡山债,江苏省锡山经济技术开发有限公司,7,AA
127228,PR邗建债,扬州市邗江城市建设发展有限公司,7,AA
127229,PR潍高新,山东高创建设投资集团有限公司,7,AA
127230,PR牡新区,牡丹江新区城市投资有限公司,7,AA
127231,15冀广01,中国广电河北网络股份有限公司,8,AA+
127232,PR长轨02,长沙市轨道交通集团有限公司,10,AA+
127234,15十师债,新疆北屯额河明珠国有资本投资有限公司,7,AA
127235,PR椒江01,台州市椒江区国有资本运营集团有限公司,7,AA
127236,PR吴江投,苏州市吴江城市投资发展集团有限公司,7,AA+
127237,PR喀城建,喀什城建投资集团有限公司,7,AA
127238,PR陕东岭,东岭集团股份有限公司,7,AA
127239,15东港债,东港市城市建设投资(集团)有限公司,7,AA
127240,15洪轨02,南昌轨道交通集团有限公司,15,AA+
127241,PR郑经开,郑州经开投资发展有限公司,7,AA
127242,PR当涂债,当涂县城乡建设投资有限责任公司,7,AA+
127243,15潍渤海,潍坊渤海水产综合开发有限公司,8,AA
127244,PR中关村,中关村发展集团股份有限公司,7,AAA
127245,PR荆高新,荆门高新技术产业开发有限责任公司,7,AA
127246,PR徐新盛,徐州市新盛投资控股集团有限公司,7,AA+
127248,PR京科债,北京未来科技城发展集团有限公司,7,AAA
127249,PR丽水债,丽水市文化旅游投资发展有限公司,7,AA
127250,PR闽漳龙,福建漳龙集团有限公司,7,AA+
127251,PR丰县债,丰县城市投资发展集团有限公司,7,AA
127252,PR通途债,长沙县通途公路建设投资有限公司,7,AA
127253,15粤电01,广东省能源集团有限公司,10,AAA
127255,PR平湖债,重庆市万州三峡平湖有限公司,7,AAA
127256,15温铁01,温州市铁路与轨道交通投资集团有限公司,nan,AA
127257,PR博投债,博尔塔拉蒙古自治州国有资产投资经营有限责任公司,7,AA
127258,15温铁02,温州市铁路与轨道交通投资集团有限公司,15,AA
127259,PR太科债,太仓市科教文化发展有限公司,7,AA
127261,PR般阳债,淄博般阳城市资产经营有限公司,7,AA
127262,PR连江债,福建省连江县国有资产投资运营有限公司,7,AA+
127263,PR15沭阳,沭阳金源资产经营有限公司,7,AA+
127264,15彬煤债,彬县煤炭有限责任公司,7,AA+
127267,PR邵武债,邵武市城建国有资产投资营运有限公司,7,AA
127268,PR汝州债,汝州市鑫源投资有限公司,6,AA
127269,PR武夷债,南平武夷新区投资开发集团有限公司,7,AA
127272,PR高邮债,高邮市建设投资发展集团有限公司,7,AA+
127273,PR黑山债,黑山通和资产经营有限公司,7,AA+
127274,PR铜城投,徐州市铜山区城市建设投资有限责任公司,7,AA
127275,PR一师债,阿拉尔市西北兴业城市建设投资有限公司,7,AA
127278,PR津地铁,天津市地下铁道集团有限公司,10,AAA
127279,PR浏新城,湖南金阳新城建设发展集团有限公司,7,AAA
127280,15魏桥债,山东魏桥铝电有限公司,7,AA+
127281,PR邳经发,邳州经开控股集团有限公司,7,AA
127282,PR贵路桥,贵州贵安建设集团有限公司,7,AAA
127283,PR大同建,大同市经济建设投资集团有限责任公司,7,AAA
127284,PR桐建债,桐城市建设投资发展有限责任公司,7,AA+
127285,15茂名港,茂名港集团有限公司,7,AA+
127286,PR沛城投,沛县城市投资开发有限公司,7,AA
127287,PR芜新投,芜湖新马投资有限公司,7,AA+
127288,PR通高新,南通高新控股集团有限公司,7,AA+
127289,PR河池债,河池市城市投资建设发展有限公司,7,AA
127290,PR伊国投,伊宁市国有资产投资经营(集团)有限责任公司,7,AA
127291,PR苍南债,苍南县国有资产投资集团有限公司,7,AA
127292,15国网03,国家电网有限公司,3,AAA
127293,15国网04,国家电网有限公司,5,AAA
127294,PR天心01,长沙天心城市建设投资开发集团有限公司,7,AAA
127295,PR泰虹桥,泰兴市虹桥园工业开发有限公司,7,AA
127296,15云能源,云南省能源投资集团有限公司,10,AAA
127298,PR任丘债,任丘市建设投资集团有限公司,7,AA+
127299,15蓬莱债,蓬莱市城市建设投资集团有限公司,7,AA+
127300,15国泰债,国泰租赁有限公司,7,AA
127301,PR武清投,天津市武清区国有资产经营投资有限公司,7,AAA
127302,PR桂城投,桂阳县城市建设投资有限公司,7,AA+
127303,PR秦汉债,陕西省西咸新区秦汉新城开发建设集团有限责任公司,7,AA
127304,PR蒙金隆,内蒙古金隆工业园区开发建设有限公司,7,AA+
127305,16穗港03,广州港集团有限公司,10,AAA
127308,PR巴中债,巴中市国有资本运营集团有限公司,7,AA
127309,PR赣陶债,景德镇陶文旅控股集团有限公司,7,AA
127310,PR海城改,海安城市动迁改造有限公司,7,AA+
127311,PR麒麟债,曲靖市麒麟区城乡建设投资(集团)有限公司,7,AA
127312,15海航债,海航集团有限公司,7,AA+
127313,PR东丽投,天津市东丽城市基础设施投资集团有限公司,7,AAA
127314,PR睢润企,睢宁县润企投资有限公司,7,AA
127315,15机场债,海航机场集团有限公司,7,AA
127316,PR洛城债,洛阳城市发展投资集团有限公司,7,AA+
127317,PR平崆旅,平凉文化旅游产业投资集团有限责任公司,7,AA+
127318,15闽投专,福建省投资开发集团有限责任公司,10,AAA
127319,PR日建债,日照市城市建设投资集团有限公司,7,AAA
127321,15湘产债,湘江产业投资有限责任公司,7,AA
127322,PR义城投,义乌市城市投资建设集团有限公司,7,AA+
127323,PR海资债,泰州市海陵资产经营有限公司,7,AA+
127324,PR达州02,达州发展(控股)有限责任公司,7,AA
127326,15国网05,国家电网有限公司,3,AAA
127327,15国网06,国家电网有限公司,5,AAA
127328,PR长轨03,长沙市轨道交通集团有限公司,10,AA+
127329,PR马高投,马鞍山慈湖高新技术产业开发区投资发展有限公司,7,AAA
127330,PR和济投,江西和济投资有限公司,7,AA
127331,PR威海投,威海蓝创建设投资有限公司,7,AA
127332,PR凤城债,凤城市现代产业园区开发建设投资有限公司,7,AA
127333,PR榕城02,福州市城乡建设发展总公司,7,AA+
127334,15锡创投,无锡创业投资集团有限公司,7,AA+
127335,PR昌乐债,昌乐县新城发展有限公司,7,AAA
127337,PR潜城债,潜江市城市建设投资开发有限公司,7,AA+
127338,PR宜高投,宜昌高新投资开发有限公司,7,AA
127339,PR金昌债,金昌市建设投资开发(集团)有限责任公司,7,AA
127340,15冀广02,中国广电河北网络股份有限公司,8,AA+
127342,PR内双创,内江建工集团有限责任公司,7,AA
127344,PR仁发债,仁寿发展投资集团有限公司,7,AA
127345,PR盐高新,盐城高新区投资集团有限公司,7,AAA
127347,15昆水务,昆明滇池水务股份有限公司,7,AA+
127348,PR响水债,响水县灌江控股集团有限公司,7,AA+
127349,PR邵东债,湖南邵东生态产业园开发建设投资有限责任公司,7,AA
127350,PR浙滨债,浙江滨海新区投资发展集团有限公司,7,AA+
127351,PR黔畅达,黔东南州交通旅游建设投资集团有限公司,7,AA
127352,16恒投01,广东恒健投资控股有限公司,10,AAA
127353,PR渝缙云,重庆缙云资产经营(集团)有限公司,7,AA+
127354,PR梅建投,梅州市梅县区伟业基础设施建设投资有限公司,7,AA
127355,PR凯投01,贵州省凯里城镇建设投资有限公司,7,AA
127356,PR常德债,常德市城市建设投资集团有限公司,7,AAA
127357,PR永经投,永州市经济建设投资发展集团有限责任公司,7,AAA
127358,PR平阳债,平阳县国资发展有限公司,7,AA
127359,16穗金控,广州金融控股集团有限公司,10,AAA
127360,PR兴义债,兴义市信恒城市建设投资有限公司,7,AA
127361,PR老边01,营口市老边区城市建设投资发展有限公司,7,AA
127362,16闽投01,福建省投资开发集团有限责任公司,8,AAA
127363,PR新沂投,新沂市城市投资发展集团有限公司,7,AA
127364,PR潼南债,重庆市潼南区城市建设投资(集团)有限公司,7,AA
127365,PR渝两江,重庆两江新区开发投资集团有限公司,5,AAA
127367,PR沪城建,上海城建(集团)有限公司,7,AAA
127368,PR衡阳债,衡阳市交通建设投资有限公司,7,AA
127370,16奥德01,奥德集团有限公司,7,AA+
127371,PR普兰店,大连市普兰店区建设投资有限公司,5,AAA
127372,PR大理债,大理海东开发投资集团有限公司,7,AA
127373,PR枝江01,枝江市国有资产经营中心,7,AA
127374,PR六盘水,六盘水市开发投资有限公司,7,AAA
127375,PR五家渠,新疆国恒投资发展集团有限公司,7,AAA
127377,PR黄冈债,黄冈市城市建设投资有限公司,7,AA
127378,PR禹州债,禹州市投资总公司,7,AA+
127379,PR泗阳债,泗阳县民康农村经济发展有限公司,7,AA+
127380,PR阿勒泰,阿勒泰地区国有资产投资经营有限公司,7,AA
127381,PR仪征发,仪征市城市发展投资控股集团有限公司,7,AA+
127382,16赣投债,江西省投资集团有限公司,10,AA+
127383,PR宁乡债,宁乡经济技术开发区建设投资有限公司,7,AAA
127384,PR开福01,长沙开福城市建设投资有限公司,7,AA+
127385,PR兴资债,资中县兴资投资开发集团有限责任公司,7,AA+
127386,PR丹投资,丹阳投资集团有限公司,7,AAA
127387,PR雨花债,长沙市雨花城市建设投资集团有限公司,7,AAA
127388,PR瓯专项,浙江瓯海城市建设投资集团有限公司,7,AA
127390,PR芙蓉债,长沙市芙蓉城市建设投资集团有限公司,7,AAA
127391,PR瓦沿海,瓦房店沿海项目开发有限公司,7,AAA
127392,PR平交投,平潭综合实验区交通投资集团有限公司,5,AAA
127395,PR吉城建,吉林市城市建设控股集团有限公司,7,AAA
127396,16陕旅债,陕西旅游集团有限公司,7,AA
127397,PR耒阳债,耒阳市国有资产投资经营集团有限公司,7,AA
127398,PR威海债,威海市城市开发投资有限公司,7,AAA
127399,16鲁信债,山东省鲁信投资控股集团有限公司,7,AAA
127400,16广晟01,广东省广晟控股集团有限公司,15,AAA
127401,PR铜建专,铜陵市建设投资控股有限责任公司,7,AA
127402,PR下城债,杭州市拱墅区城市建设投资发展集团有限公司,7,AA
127403,PR老边02,营口市老边区城市建设投资发展有限公司,7,AA
127404,16唐金债,唐山金融控股集团股份有限公司,7,AA
127405,PR盐都债,盐城市盐都区国有资产投资经营有限公司,7,AAA
127407,PR汇盛债,浙江汇盛投资集团有限公司,8,AA
127408,PR港经开,张家港经开区控股集团有限公司,7,AA
127409,PR渝产债,重庆市地产集团有限公司,7,AAA
127410,PR德投债,德兴市投资控股集团有限公司,7,AA
127412,PR鸠江债,芜湖市鸠江建设投资有限公司,7,AA+
127413,PR皋交投,如皋市交通产业集团有限公司,7,AAA
127414,PR邕高01,南宁高新产业建设开发集团有限公司,7,AA
127415,PR三明交,三明市交通建设发展集团有限公司,7,AAA
127416,PR贾汪债,徐州市贾汪城市建设投资有限公司,7,AAA
127417,16榕高新,福州高新区投资控股有限公司,7,AA
127418,PR启交通,启东交通投资集团有限公司,7,AA
127419,PR启国控,启东国有资产投资控股有限公司,7,AA+
127420,PR渝开债,重庆经开区开发建设有限公司,7,AAA
127424,PR惠开债,无锡惠开经济发展集团有限公司,7,AA
127425,16穗港01,广州港集团有限公司,10,AAA
127426,PR两江01,重庆两江新区开发投资集团有限公司,5,AAA
127427,PR渤海01,天津渤海国有资产经营管理有限公司,7,AAA
127428,PR渤海02,天津渤海国有资产经营管理有限公司,10,AAA
127429,G16京汽1,北京汽车股份有限公司,7,AAA
127430,PR淮资债,淮安市淮安区城市资产经营有限公司,7,AAA
127431,PR16洛新,洛阳城乡建设投资集团有限公司,7,AAA
127432,PR太新01,无锡市太湖新城发展集团有限公司,7,AAA
127433,PR海发债,江苏海州发展集团有限公司,7,AAA
127434,16晋煤01,晋能控股装备制造集团有限公司,5,AAA
127435,PR磁湖01,黄石磁湖高新科技发展有限公司,7,AAA
127437,PR扬城投,扬中市城市建设投资发展集团有限公司,7,AAA
127438,PR望城建,望城经开区投资建设集团有限公司,7,AAA
127439,PR樟树债,樟树市国有资产营运有限责任公司,7,AA+
127440,PR惠投01,南通市通州区惠通投资有限责任公司,7,AAA
127441,PR苏筑富,江苏筑富实业投资有限公司,7,AA+
127442,16广晟02,广东省广晟控股集团有限公司,15,AAA
127443,PR湘潭01,湘潭市城市建设投资经营有限责任公司,7,AAA
127445,PR两江02,重庆两江新区开发投资集团有限公司,5,AAA
127446,16穗城02,广州市城市建设投资集团有限公司,10,AAA
127447,PR宁地铁,南京地铁集团有限公司,7,AAA
127448,PR天心02,长沙天心城市建设投资开发集团有限公司,7,AAA
127449,PR太新02,无锡市太湖新城发展集团有限公司,7,AAA
127450,PR16晋城,福建省晋江城市建设投资开发集团有限责任公司,7,AAA
127451,G17龙湖1,重庆龙湖企业拓展有限公司,5,AAA
127452,PR硚口债,武汉市硚口国有资产经营有限公司,7,AAA
127453,PR建安01,建安投资控股集团有限公司,7,AAA
127454,PR南管廊,南昌市建设投资集团有限公司,10,AAA
127455,PR广陵债,扬州市广陵新城投资发展有限公司,7,AAA
127456,16穗港02,广州港集团有限公司,10,AAA
127457,PR广饶债,广饶县经济发展投资集团有限公司,7,AAA
127458,PR济市中,济宁市市中区城建投资有限公司,7,AAA
127459,16广晟03,广东省广晟控股集团有限公司,15,AAA
127461,G16国网1,国家电网有限公司,3,AAA
127462,G16国网2,国家电网有限公司,5,AAA
127463,PR溧经技,南京溧水经济技术开发集团有限公司,7,AAA
127464,16京投01,北京市基础设施投资有限公司,5,AAA
127465,PR德清投,德清县建设投资有限公司,7,AAA
127467,G17龙湖2,重庆龙湖企业拓展有限公司,7,AAA
127468,PR长经01,长沙经济技术开发集团有限公司,7,AAA
127469,17首房专,北京首钢房地产开发有限公司,10,AAA
127470,G17龙湖3,重庆龙湖企业拓展有限公司,7,AAA
127471,PR苏众安,江苏众安建设投资(集团)有限公司,7,AAA
127472,PR宿裕丰,宿迁裕丰产业投资发展管理集团有限公司,7,AAA
127473,PR慈溪债,慈溪市国有资产投资控股有限公司,7,AAA
127474,PR三明国,三明市投资发展集团有限公司,7,AAA
127475,PR宿经开,宿迁经济开发集团有限公司,7,AAA
127476,PR众邦债,黄石市众邦城市住房投资有限公司,7,AAA
127477,PR邳润债,邳州市润城资产经营集团有限公司,7,AAA
127478,PR新交通,新沂市交通投资有限公司,7,AAA
127479,PR瀚瑞01,江苏瀚瑞投资控股有限公司,7,AAA
127480,PR陂城债,武汉市黄陂区城建投资开发有限公司,7,AAA
127481,17京投01,北京市基础设施投资有限公司,5,AAA
127482,PR产建1,浏阳现代制造产业建设投资开发有限公司,7,AAA
127483,PR宝城投,宝鸡市投资(集团)有限公司,7,AAA
127484,17乌城投,乌鲁木齐城市建设投资(集团)有限公司,4,AAA
127485,PR枞阳债,枞阳县投资发展有限公司,7,AAA
127486,PR威高新,威海高新城市建设发展有限公司,7,AAA
127488,PR惠通投,南通市通州区惠通投资有限责任公司,7,AAA
127489,PR六交投,六盘水市交通投资开发有限责任公司,7,AAA
127490,PR延新投,延安市新区投资开发建设有限公司,7,AAA
127491,PR灌东债,盐城市灌东经济开发投资有限公司,7,AAA
127492,PR海盐债,海盐县国有资产经营有限公司,7,AAA
127493,PR郑通01,郑州通航建设发展有限公司,7,AAA
127494,PR泰高港,泰州市高港高新区开发建设有限责任公司,7,AAA
127495,G17京汽1,北京汽车股份有限公司,7,AAA
127496,PR毕节01,毕节市建设投资有限公司,7,AAA
127497,PR永兴01,永兴银都投资发展集团有限公司,7,AA
127499,PR秦投01,四川秦巴新城投资集团有限公司,7,AA
127500,PR青投01,青州市城市建设投资开发有限公司,7,AA
127501,PR望铜官,长沙望源开发建设有限公司,10,AAA
127502,PR宿迁01,宿迁市城市建设投资(集团)有限公司,7,AA+
127503,PR即旅债,青岛市即墨区城市旅游开发投资有限公司,7,AA+
127504,PR沛国经,沛县国有资产经营有限公司,7,AA
127505,PR榕经开,福州开发区国有资产营运有限公司,7,AAA
127506,PR扬经开,扬州经济技术开发区开发(集团)有限公司,7,AAA
127507,PR永州投,永州市城市发展集团有限责任公司,7,AAA
127508,PR蚌经投,蚌埠经济开发区投资集团有限公司,7,AA
127509,PR邮发02,高邮市经济发展总公司,7,AAA
127510,PR诸经开,诸城市经开投资发展有限公司,7,AAA
127512,PR民科债,温州东部新城建设投资集团有限公司,7,AA
127513,PR广国投,广德市国有资产投资经营有限公司,7,AAA
127514,PR白云01,贵阳白云城市建设投资集团有限公司,7,AA
127515,PR鼎力债,常德鼎力投资开发有限公司,7,AA
127516,PR诸资01,诸暨市国有资产经营有限公司,7,AA+
127517,PR荆投债,荆州市城市建设投资开发有限公司,7,AA
127518,PR嵊州债,嵊州市投资控股有限公司,7,AAA
127519,PR桂阳投,桂阳县城市建设投资有限公司,7,AA+
127520,PR伟驰01,伟驰控股集团有限公司,7,AA
127521,PR邮发01,高邮市经济发展总公司,7,AA+
127522,17厦轨01,厦门轨道建设发展集团有限公司,9,AAA
127523,PR启创债,启东创新投资集团有限公司,7,AAA
127524,PR诸资02,诸暨市国有资产经营有限公司,7,AA+
127525,PR兴宁债,兴宁市永业基础设施建设投资有限公司,7,AAA
127526,PR襄经债,襄阳东津国有资本投资集团有限公司,7,AA
127527,PR攀投债,贵州六盘水攀登开发投资贸易有限公司,7,AA
127528,PR新天债,郴州市新天投资有限公司,7,AA
127529,PR秦投02,四川秦巴新城投资集团有限公司,7,AA
127531,PR浠凤01,浠水县凤翥投资开发有限公司,7,AA+
127532,PR红投债,红河州开发投资控股集团有限公司,7,AAA
127533,PR惠华02,岳阳惠华城市投资发展集团有限公司,7,AA+
127534,PR衡滨江,衡阳市滨江新区投资有限公司,7,AAA
127535,PR古蔺专,古蔺县国有资产经营有限责任公司,7,AA+
127536,PR黔投,黔南州投资有限公司,7,AA
127537,PR咸宁债,咸宁市城市建设投资开发有限公司,10,AA
127539,PR雨山01,马鞍山市雨山区城市发展投资集团有限责任公司,7,AAA
127540,G17龙源2,龙源电力集团股份有限公司,7,AAA
127541,PR新津02,成都市新津县国有资产投资经营有限责任公司,7,AA
127542,PR铜建01,铜陵市建设投资控股有限责任公司,7,AA
127544,PR张家界,张家界市经济发展投资集团有限公司,10,AA
127545,PR毕节02,毕节市建设投资有限公司,7,AAA
127546,PR含浦债,湖南智谷投资发展集团有限公司,7,AA+
127547,PR宿新债,宿州市新区建设投资集团有限公司,7,AAA
127548,PR安皖江,安庆皖江高科技投资发展有限公司,7,AA
127549,PR泗专项,泗阳县民康农村经济发展有限公司,7,AA
127550,PR包头01,包头市保障性住房发展建设投资有限公司,7,AAA
127551,PR湖滨01,宿迁市湖滨新城投资开发有限公司,7,AA
127552,PR黄岩01,台州市黄岩国有资本投资运营集团有限公司,7,AA
127553,PR金投01,重庆市金潼工业建设投资有限公司,7,AA
127554,PR开投债,江苏开源投资集团有限公司,7,AA
127555,PR柔刚02,遂宁柔刚投资集团有限公司,7,AA
127556,PR靖新债,靖江市滨江新城投资开发有限公司,7,AAA
127557,17广铁01,广州地铁集团有限公司,10,AAA
127558,PR蒲城债,蒲城县投资发展有限公司,7,AA+
127559,17粤海01,广东粤海控股集团有限公司,10,AAA
127560,17厦轨02,厦门轨道建设发展集团有限公司,9,AAA
127561,PR宁国投,宁国市国有资产投资运营有限公司,7,AA+
127562,PR株湘江,株洲市湘江投资集团有限公司,7,AA
127563,PR怀建投,怀化国际陆港经济开发区开发建设投资有限公司,7,AAA
127564,PR鄱阳债,鄱阳投资发展集团有限公司,7,AA+
127565,PR淮水债,淮安市投资控股集团有限公司,7,AAA
127566,PR永兴02,永兴银都投资发展集团有限公司,7,AA
127568,PR萍昌债,江西省萍乡市昌盛城市投资有限公司,7,AA+
127569,PR宁开02,江苏高淳经济开发区开发集团有限公司,7,AA+
127570,PR产建2,浏阳现代制造产业建设投资开发有限公司,7,AA+
127571,PR淄创01,淄博高新城市投资运营集团有限公司,7,AAA
127572,PR包头02,包头市保障性住房发展建设投资有限公司,7,AAA
127573,PR秭归01,秭归县楚元控股集团有限责任公司,10,AA+
127574,17宜城投,宜昌市城市建设投资开发有限公司,10,AA+
127576,PR铜建02,铜陵市建设投资控股有限责任公司,7,AA
127577,PR濮阳债,濮阳市投资集团公司,7,AAA
127578,PR启城投,启东城投集团有限公司,7,AAA
127579,PR信泰债,毕节市信泰投资有限公司,7,AA
127580,17石桥01,大石桥市城市建设投资有限公司,7,AA
127581,PR运通债,南通运通港务发展有限公司,7,AAA
127582,PR渌湘投,株洲渌湘投资发展集团有限公司,7,AA+
127584,PR湘管廊,湘乡市城市建设投资开发有限公司,7,AA
127585,PR宝开01,宝应县开发投资有限公司,7,AAA
127587,PR新东观,贵州新东观城市建设投资有限责任公司,7,AA
127588,PR柯城02,绍兴市柯桥区城建投资开发集团有限公司,7,AA
127589,G17武铁1,武汉地铁集团有限公司,15,AAA
127590,PR威经发,威海经济技术开发区国有资产经营集团有限公司,7,AA
127591,PR吴国太,苏州吴中国太发展有限公司,10,AA
127592,PR资兴02,资兴市成诚投资有限公司,7,AA+
127593,PR金洲投,长沙金洲新城开发建设投资有限公司,7,AA
127594,PR17泾河,陕西省西咸新区泾河新城开发建设(集团)有限公司,7,AA
127595,PR兴蜀债,成都兴蜀投资开发有限责任公司,7,AA+
127596,PR湖滨02,宿迁市湖滨新城投资开发有限公司,7,AA
127597,PR舜发债,临武县舜发城乡发展投资有限公司,7,AA+
127598,PR平停车,平阳县国资发展有限公司,10,AA
127599,PR青投02,青州市城市建设投资开发有限公司,7,AA
127601,PR义乌专,义乌市城市投资建设集团有限公司,7,AA+
127602,PR广安鑫,广安鑫鸿投资控股有限公司,7,AA+
127603,PR开元02,贵州凯里开元城市投资开发有限责任公司,7,AA
127604,PR老河口,老河口城市建设投资集团有限公司,7,AA
127606,PR百东01,广西百色试验区发展集团有限公司,7,AA
127607,PR苏科债,江苏省溧阳高新区控股集团有限公司,7,AAA
127608,PR运城债,运城市城市建设投资开发集团有限公司,7,AA
127610,PR邵阳01,邵阳市城市建设投资经营集团有限公司,7,AA
127611,PR渝丰都,重庆丰都城乡建设集团有限公司,7,AA+
127612,PR彭山01,眉山市彭山发展控股集团有限公司,7,AAA
127613,PR淮南01,淮南市城市建设投资有限责任公司,7,AAA
127614,PR新经开,新沂经济开发区建设发展有限公司,7,AA
127615,PR夷陵01,湖北夷陵经济发展集团有限公司,7,AA
127616,G17发展1,广州发展集团股份有限公司,5,AAA
127617,PR汴投1,开封市发展投资集团有限公司,10,AA
127618,PR南陵债,南陵县建设投资有限责任公司,7,AAA
127620,PR阜宁投,阜宁县城市发展投资集团有限公司,7,AAA
127621,PR新宇01,毕节市七星关区新宇建设投资有限公司,7,AA
127622,PR吉首02,吉首华泰国有资产投资管理有限责任公司,7,AA+
127623,17桂金债,广西金融投资集团有限公司,7,AA+
127624,PR17滨江,重庆市江津区滨江新城开发建设集团有限公司,7,AA
127625,PR盈地债,重庆盈地实业(集团)有限公司,7,AA
127626,PR随专02,随州市城市投资集团有限公司,7,AA
127627,PR安丘债,安丘市华安国有资产经营有限公司,7,AA
127628,PR城建01,苏州市吴中城区建设发展有限公司,7,AA
127629,PR黄岩02,台州市黄岩国有资本投资运营集团有限公司,7,AA
127631,PR当经债,安徽当涂经济开发区建设投资有限责任公司,7,AAA
127632,PR怀城投,安徽省怀宁县城乡建设投资发展有限责任公司,7,AAA
127633,PR高建投,高密市城市建设投资集团有限公司,7,AA+
127634,PR安投债,安顺市城市建设投资有限责任公司,7,AA
127635,PR沅陵01,沅陵辰州投资集团有限公司,7,AA+
127636,PR淮安债,淮安新城投资开发集团有限公司,7,AAA
127637,PR蒙城债,蒙城县城市发展投资控股集团有限公司,7,AAA
127638,PR武隆01,重庆市武隆区建设投资(集团)有限公司,7,AA+
127639,PR柳龙建,柳州市龙建投资发展有限责任公司,10,AA
127641,PR汇丰债,萍乡市汇丰投资有限公司,7,AAA
127643,PR遵湘江,遵义市湘江投资(集团)有限公司,7,AA
127644,PR新津债,新津新城发展集团有限公司,7,AA
127645,PR雨山02,马鞍山市雨山区城市发展投资集团有限责任公司,7,AAA
127646,PR资城02,资兴市城市建设投资有限责任公司,7,AA+
127648,PR江北债,南京江北新城投资发展有限公司,7,AA+
127649,PR句容01,句容市城市建设投资有限责任公司,7,AA
127650,PR白云02,贵阳白云城市建设投资集团有限公司,7,AA
127651,PR17邳经,邳州经开控股集团有限公司,7,AA
127652,PR锡东债,无锡锡东科技投资控股有限公司,7,AA+
127653,PR泸汇兴,泸州汇兴投资集团有限公司,7,AA+
127654,PR温高新,温州高新技术产业开发区投资建设开发有限公司,7,AA
127655,PR恒驰01,连云港恒驰实业有限公司,7,AA
127656,PR食科债,无锡食品科技园发展有限公司,7,AAA
127657,PR莒南01,莒南县城市建设投资集团有限公司,7,AA
127658,PR扬化工,扬州新材料投资集团有限公司,7,AA
127659,PR绵宏达,绵阳宏达资产投资经营(集团)有限公司,7,AA+
127660,PR武胜债,武胜城市投资有限公司,7,AA+
127661,PR旅投01,遵义交旅投资(集团)有限公司,10,AA
127664,PR珲春01,珲春市城市投资开发有限公司,7,AA+
127666,PR昆银桥,昆山银桥控股集团有限公司,7,AA+
127667,PR宝开02,宝应县开发投资有限公司,7,AAA
127669,PR郑蒲01,马鞍山郑蒲港新区建设投资有限公司,7,AAA
127670,PR郑通02,郑州通航建设发展有限公司,7,AAA
127671,PR秀洲债,嘉兴市嘉秀发展投资控股集团有限公司,7,AAA
127672,PR双福债,重庆市双福建设开发有限公司,7,AA+
127673,PR播投02,遵义市播州区城市建设投资经营(集团)有限公司,7,AA
127674,PR恒驰02,连云港恒驰实业有限公司,7,AA
127675,PR黄梅02,黄梅县城市投资发展集团有限公司,7,AA+
127676,PR隆发债,隆昌发展建设集团有限责任公司,7,AA+
127677,PR都江堰,都江堰新城建设投资有限责任公司,7,AA
127678,PR含山债,含山县城市建设投资有限公司,7,AAA
127679,PR黄梅01,黄梅县城市投资发展集团有限公司,7,AA+
127680,PR南谯债,滁州市南谯区国有资产运营有限公司,7,AAA
127681,PR安交投,安顺市交通建设投资有限责任公司,7,AA
127682,PR淮产债,淮南市产业发展(集团)有限公司,7,AAA
127683,PR润企债,睢宁县润企投资有限公司,7,AA
127685,PR哈密债,新疆维吾尔自治区哈密市国有资产投资经营有限公司,7,AA
127686,G17扬城1,扬中市城市建设投资发展集团有限公司,10,AAA
127687,PR芦溪债,芦溪县城市建设投资发展有限公司,7,AA+
127688,PR南漳02,南漳县建设投资集团有限公司,7,AA+
127689,PR抚投债,抚州市市属国有资产投资控股集团有限公司,7,AA
127690,PRG丹徒1,镇江市丹徒区建设投资有限公司,7,AAA
127691,PR金坛01,常州市金坛区交通产业集团有限公司,7,AA
127692,PR寿县债,寿县寿州项目投资有限公司,7,AAA
127694,PR临朐债,临朐沂山实业有限公司,7,AAA
127695,PR乐行债,安徽乐行城市建设集团有限公司,7,AAA
127696,PR威中债,威海市中城公有资产经营有限公司,7,AA
127697,PR句容02,句容市城市建设投资有限责任公司,7,AA
127698,PR孝感债,孝感市城市建设投资公司,10,AA
127699,PR襄城债,襄城县灵武城市开发建设有限公司,7,AA+
127700,PR普定01,普定县夜郎国有资产投资营运有限责任公司,7,AA+
127701,PR凤阳债,凤阳县经济发展投资有限公司,7,AAA
127702,PR六枝特,六枝特区水务有限责任公司,7,AA
127703,PR汕尾债,汕尾市投资控股有限公司,7,AAA
127705,PR石柱01,石柱土家族自治县鸿盛经济发展有限公司,7,AA+
127706,PR云岩债,贵阳云岩贵中土地开发基本建设投资管理集团有限公司,7,AA
127707,PR天台债,浙江省天台县国有资产经营有限公司,7,AA+
127708,PR钟山开,贵州钟山开发投资(集团)有限责任公司,10,AA
127709,PR红果01,贵州省红果经济开发区开发有限责任公司,7,AA
127710,PR乐清01,乐清市国有投资有限公司,7,AA
127713,17青交01,青海交通投资有限公司,10,AA+
127714,PR定远债,定远县城乡发展投资集团有限公司,7,AA+
127715,PR射阳债,射阳城市建设发展集团有限公司,7,AA
127717,PR湖织债,湖州新型城市投资发展集团有限公司,7,AA
127718,PR17森特,湖南森特实业投资有限公司,7,AA
127720,PR沅陵02,沅陵辰州投资集团有限公司,7,AA+
127721,PR太和债,太和县国有资产投资控股集团有限公司,7,AAA
127722,PR红安债,红安县城市发展投资集团有限公司,7,AA+
127724,PR南高新,南京江北新区产业投资集团有限公司,7,AA+
127725,PR郎溪债,安徽郎川控股集团有限公司,7,AAA
127726,PR湖口债,江西省湖口县石钟投资开发有限公司,7,AA+
127727,PR石桥02,大石桥市城市建设投资有限公司,7,AA
127729,PR金坛02,常州市金坛区交通产业集团有限公司,7,AA
127733,PR桃源01,桃源县经济开发区开发投资有限公司,7,AA+
127734,PR襄阳债,襄阳市住房投资有限公司,7,AA+
127735,PR射洪01,射洪市国有资产经营管理集团有限公司,7,AAA
127736,PR桐建01,桐城市建设投资发展有限责任公司,7,AA+
127737,PR鹤岗债,鹤岗市城市建设投资开发有限责任公司,7,AA+
127738,17青交02,青海交通投资有限公司,10,AA+
127739,PR西平债,西平县产业集聚区投融资有限公司,7,AA+
127740,PR宿迁02,宿迁市城市建设投资(集团)有限公司,7,AA+
127742,PR嘉陵01,南充市嘉陵发展投资有限公司,7,AA+
127743,PR融盛债,金华融盛投资发展集团有限公司,7,AA+
127744,PR武隆02,重庆市武隆区建设投资(集团)有限公司,7,AA+
127745,PR凤城河,泰州凤城河建设发展有限公司,7,AA
127746,PR潜山债,潜山市潜润投资控股集团有限公司,7,AAA
127747,PR营北债,营口北海新区城区开发建设投资有限公司,7,AA
127748,PR城建债,苏州市吴中城区建设发展有限公司,7,AA
127749,PR兴义01,兴义市信恒城市建设投资有限公司,7,AA
127751,PR泾县债,泾县国有资产投资运营有限公司,7,AAA
127752,PR红果债,贵州省红果经济开发区开发有限责任公司,7,AA
127753,PR吉水01,江西吉湖发展集团有限公司,7,AA+
127754,PR渝中01,重庆渝中国有资产经营管理有限公司,7,AA
127756,PR秭归02,秭归县楚元控股集团有限责任公司,10,AA+
127757,PR铜梁债,重庆市铜梁区金龙城市建设发展(集团)有限公司,7,AA
127758,PR肥西债,肥西县城乡建设投资(集团)有限公司,7,AAA
127759,PR嘉禾债,嘉禾铸都发展集团有限公司,7,AA+
127760,PR京山债,京山市京诚投资开发集团有限公司,7,AAA
127761,PR普定02,普定县夜郎国有资产投资营运有限责任公司,7,AA+
127762,PR郑蒲02,马鞍山郑蒲港新区建设投资有限公司,7,AAA
127763,PR淮南02,淮南市城市建设投资有限责任公司,7,AA
127764,PRG城南1,盐城市城南新区开发建设投资有限公司,7,AAA
127765,PR哈城投,哈尔滨市城市建设投资集团有限公司,7,AA+
127767,PR钱投债,杭州市钱江新城投资集团有限公司,7,AAA
127768,PR白工01,贵阳白云工业发展投资有限公司,7,AA
127769,18粤海01,广东粤海控股集团有限公司,10,AAA
127770,PR18东宝,荆门市东宝区城乡建设投资有限公司,7,AAA
127771,PR邵赛01,邵阳赛双清建设投资经营集团有限公司,7,AA+
127772,PR临邑01,临邑县城市开发投资有限公司,7,AA+
127773,PR文停01,威海市文登区城市资产经营有限公司,10,AA
127774,PR西发债,青岛海发国有资本投资运营集团有限公司,7,AA+
127775,PR洋口01,江苏洋口港建设发展集团有限公司,7,AAA
127776,PR舟城01,舟山海城建设投资集团有限公司,7,AA+
127777,PR新城01,济宁市新城发展投资有限责任公司,7,AA+
127778,PR万盛01,重庆市万盛经济技术开发区开发投资集团有限公司,7,AAA
127779,PR巢城建,巢湖市城镇建设投资有限公司,7,AAA
127780,PR吉水02,江西吉湖发展集团有限公司,7,AA+
127781,18歙县债,歙县城市建设投资开发有限公司,7,AAA
127782,G18金控1,陕西金融控股集团有限公司,7,AAA
127783,18芜新债,芜湖新马投资有限公司,7,AAA
127784,PR泸工债,泸州产业发展投资集团有限公司,7,AA+
127785,PR榕停01,福州城市建设投资集团有限公司,10,AAA
127786,PR伟债01,伟驰控股集团有限公司,7,AA
127787,PR来安债,来安县城市基础设施开发有限公司,7,AAA
127788,G18武铁1,武汉地铁集团有限公司,15,AAA
127789,PR陶都01,江苏陶都城市发展投资有限公司,7,AAA
127791,PR温岭01,温岭市国有资产投资集团有限公司,7,AA+
127792,G18龙源1,龙源电力集团股份有限公司,7,AAA
127793,PR草堂债,西安高新区草堂科技产业基地发展有限公司,7,AAA
127794,PR荣成开,荣成市经济开发投资有限公司,7,AAA
127796,PR秀湖债,嘉兴市秀湖发展投资集团有限公司,7,AA
127797,PR庐城债,庐江县城市建设投资有限公司,7,AAA
127798,PRG嘉湘1,嘉兴市湘家荡发展投资集团有限公司,7,AA+
127799,PR韶高新,韶山高新建设投资有限公司,7,AA+
127800,PR谷城01,谷城县建设投资经营有限公司,7,AA+
127801,PR泗阳01,泗阳县佳鼎实业有限公司,7,AA+
127802,PR芜湖01,芜湖宜居投资集团有限公司,10,AA+
127803,PR绵安01,绵阳安州投资控股集团有限公司,7,AA+
127804,PR黔南,黔南州投资有限公司,7,AA
127805,PR益阳01,益阳市城市建设投资运营集团有限责任公司,7,AAA
127806,PRG安吉1,安吉县城市建设投资集团有限公司,7,AA+
127807,PR于都债,于都县振兴投资开发有限公司,7,AAA
127808,PRG黄山1,黄山城投集团有限公司,7,AA
127809,PR彭山,眉山市彭山发展控股集团有限公司,7,AAA
127810,G18广业1,广东省环保集团有限公司,7,AAA
127811,PR唐金债,唐山控股发展集团股份有限公司,7,AA
127812,PR万盛02,重庆市万盛经济技术开发区开发投资集团有限公司,7,AAA
127813,PR都堰01,都江堰新城建设投资有限责任公司,7,AA
127814,PR永修01,永修县城市建设投资开发有限公司,7,AA
127815,PR泗县债,泗县城市建设投资有限公司,7,AAA
127817,PR弋阳01,弋阳县城市建设投资开发有限公司,7,AAA
127818,PR乳山债,乳山市城市国有资产经营有限公司,7,AAA
127819,18常德源,常德市德源投资集团有限公司,7,AA+
127820,PR鄂交投,湖北交通投资集团有限公司,7,AAA
127822,PR蓉园01,成都花园水城城乡建设投资有限责任公司,7,AA
127823,PR城北01,长沙市城北投资有限公司,7,AAA
127824,PR产投01,南京江北新区产业投资集团有限公司,7,AA+
127825,PR嘉陵债,南充市嘉陵发展投资有限公司,7,AAA
127827,PR定远18,定远县城乡发展投资集团有限公司,7,AAA
127828,PR青平度,平度市国有资产经营管理有限公司,7,AAA
127829,PR常鼎01,常德市鼎城江南新城建设投资开发有限公司,7,AAA
127830,18珠江债,广州珠江实业集团有限公司,15,AAA
127831,PR西高02,西安高新控股有限公司,7,AAA
127832,PR桐建02,桐城市建设投资发展有限责任公司,7,AA+
127833,PR宿高01,宿迁高新开发投资有限公司,7,AAA
127834,PR射洪02,射洪市国有资产经营管理集团有限公司,7,AAA
127835,PR南溪01,宜宾市南溪区财源国有资产经营有限责任公司,7,AAA
127836,PR金交投,淮安市金湖交通投资有限公司,7,AAA
127837,18京投02,北京市基础设施投资有限公司,15,AAA
127838,18京投01,北京市基础设施投资有限公司,10,AAA
127839,G18树业,树业环保科技股份有限公司,4,AAA
127840,G18广业2,广东省环保集团有限公司,7,AAA
127841,PR武义01,浙江武义城市建设投资集团有限公司,7,AA
127842,PRG安吉2,安吉县城市建设投资集团有限公司,7,AA+
127843,PR新宇02,毕节市七星关区新宇建设投资有限公司,7,AA
127844,PR东坡01,眉山市东坡发展投资有限公司,7,AA
127845,G18武铁2,武汉地铁集团有限公司,7,AAA
127846,PR洋口02,江苏洋口港建设发展集团有限公司,7,AAA
127847,PR浔开01,浙江湖州南浔经济建设开发有限公司,7,AA
127848,18厦轨01,厦门轨道建设发展集团有限公司,9,AAA
127849,PR宏鼎债,沂源宏鼎资产经营有限公司,7,AAA
127850,PR良渚债,杭州良渚文化城集团有限公司,7,AA+
127851,PR永修02,永修县城市建设投资开发有限公司,7,AA
127852,PR溧停车,南京溧水城市建设集团有限公司,7,AAA
127853,PR孟投01,孟州市投资开发有限公司,7,AAA
127854,PR尖山01,海宁市尖山新区开发有限公司,7,AA+
127855,PR南黄海,江苏海奕控股集团有限公司,7,AAA
127856,PR安发01,安宁发展投资集团有限公司,7,AA
127857,PR桃源债,桃源县经济开发区开发投资有限公司,7,AAA
127858,PR当涂投,当涂县城乡建设投资有限责任公司,7,AAA
127859,H18华汽1,华晨汽车集团控股有限公司,5,AAA
127860,H18华汽2,华晨汽车集团控股有限公司,5,AAA
127861,PR天易投,湖南天易融通创业投资有限公司,7,AAA
127862,PR兴义02,兴义市信恒城市建设投资有限公司,7,AA
127863,18苏交04,江苏交通控股有限公司,5,AAA
127864,PR威蓝债,威海蓝创建设投资有限公司,7,AA
127865,PR南康01,赣州市南康区城市建设发展集团有限公司,7,AA
127866,PR舟蓬01,舟山群岛新区蓬莱国有资产投资集团有限公司,8,AA
127867,PR崇左债,广西崇左市城市建设投资发展集团有限公司,7,AA
127868,PR酉桃花,酉阳县桃花源文化旅游集团有限公司,7,AA
127870,PR桂东01,防城港市文旅集团有限公司,7,AA
127871,PR沛经01,沛县经济开发区发展有限公司,7,AAA
127872,PR宿高02,宿迁高新开发投资有限公司,7,AAA
127873,PR章贡债,赣州市章贡区建设投资集团有限公司,7,AA
127874,PR舟城02,舟山海城建设投资集团有限公司,7,AA+
127875,PR都新城,都江堰新城建设投资有限责任公司,7,AA
127876,PR乌铁01,乌鲁木齐经济技术开发区高铁枢纽综合投资(集团)有限公司,7,AA
127877,PR天融02,湖南天易融通创业投资有限公司,7,AAA
127878,PR即旅投,青岛市即墨区城市旅游开发投资有限公司,7,AA+
127879,PR城北02,长沙市城北投资有限公司,7,AA+
127880,PR南康02,赣州市南康区城市建设发展集团有限公司,7,AA
127881,PR成金01,成都交子公园金融商务区投资开发有限责任公司,7,AAA
127882,PR射洪03,射洪市国有资产经营管理集团有限公司,7,AAA
127884,PR水高科,贵州水城经济开发区高科开发投资有限公司,7,AA
127885,PR乌兴01,乌苏市兴融建设投资集团有限责任公司,7,AAA
127886,PR什邡债,什邡市国有投资控股集团有限公司,7,AA+
127887,PR射洪04,射洪市国有资产经营管理集团有限公司,7,AAA
127888,PR弥勒01,弥勒市农业投资开发有限责任公司,7,AAA
127889,G18余旅,杭州临平旅游开发有限公司,7,AAA
127890,PR云阳01,重庆江来实业集团有限公司,7,AAA
127891,18邮政债,中国邮政集团有限公司,5,AAA
127892,18瓯专债,温州市瓯江口开发建设投资集团有限公司,7,AA
127893,H18华汽3,华晨汽车集团控股有限公司,5,AAA
127894,PR弋阳02,弋阳县城市建设投资开发有限公司,7,AAA
127895,PR彭泽01,彭泽县城市建设投资有限公司,7,AAA
127897,PR凤建01,泰州凤城河建设发展有限公司,7,AAA
127898,PR华通01,青岛华通国有资本投资运营集团有限公司,7,AA+
127899,PR漳城投,福建漳州城投集团有限公司,7,AA+
129903,12贴现国债03,中华人民共和国财政部,0.75,nan
129904,98中信⑺,中国国际信托投资公司,7,AAA
129905,98石油债,中国石油天然气股份有限公司,8,AAA
133528,23湔江非公开短债D1,成都湔江投资集团有限公司,1,nan
136000,15浙国资,浙江省国有资本运营有限公司,5,AAA
136001,15福能债,福建省能源集团有限责任公司,5,AAA
136002,15赣粤02,江西赣粤高速公路股份有限公司,7,AAA
136003,15如意债,山东如意科技集团有限公司,5,AA
136004,14武控02,武汉三镇实业控股股份有限公司,5,AA+
136005,15海投01,山东海洋集团有限公司,5,AA+
136006,15鲁星01,山东三星集团有限公司,5,AA
136007,15鲁焦02,中融新大集团有限公司,3,AA
136008,15协鑫债,保利协鑫(苏州)新能源有限公司,5,AA
136009,15红星01,红星美凯龙控股集团有限公司,5,AA
136010,15中骏01,厦门中骏集团有限公司,5,AA
136011,14瀚华02,瀚华金控股份有限公司,4,AA+
136012,15梅花02,梅花生物科技集团股份有限公司,4,AA
136014,15福投债,福建省投资开发集团有限责任公司,8,AAA
136016,15赛轮债,赛轮集团股份有限公司,3,AA
136017,15名城01,上海大名城企业股份有限公司,5,AA
136019,15龙湖04,重庆龙湖企业拓展有限公司,7,AAA
136021,15新城01,新城控股集团股份有限公司,5,AA+
136023,15当代债,武汉当代科技产业集团股份有限公司,5,AA
136024,15沪城开,上海城开(集团)有限公司,7,AA
136025,15黔路01,贵州省公路工程集团有限公司,3,AA
136026,15蒙阜丰,内蒙古阜丰生物科技有限公司,3,AA+
136027,15三福02,泰州三福重工集团有限公司,5,AA
136028,15花园01,汕头花园集团有限公司,5,AA
136029,15华宝债,华宝投资有限公司,3,AAA
136030,15吉利01,浙江吉利控股集团有限公司,6,AAA
136031,15常发投,常熟市发展投资有限公司,5,AA+
136032,15红美01,红星美凯龙家居集团股份有限公司,5,AA+
136033,15东旭02,东旭集团有限公司,5,AA
136034,15沪国资,上海国有资产经营有限公司,5,AAA
136035,15远东一,远东国际融资租赁有限公司,5,AAA
136036,15苏元禾,苏州元禾控股股份有限公司,5,AA+
136037,15旭辉02,旭辉集团股份有限公司,5,AA
136038,15兴杭01,闽西兴杭国有资产投资经营有限公司,5,AA+
136039,15石化01,中国石油化工股份有限公司,3,AAA
136040,15石化02,中国石油化工股份有限公司,5,AAA
136041,15渝信01,同方国信投资控股有限公司,3,AAA
136042,15渝信02,同方国信投资控股有限公司,7,AAA
136043,15华凌01,新疆华凌工贸(集团)有限公司,5,AA
136044,15通运01,南通汽运实业集团有限公司,7,AA
136045,15复地01,复地(集团)股份有限公司,5,AA+
136046,15中海01,中海企业发展集团有限公司,6,AAA
136049,15中海02,中海企业发展集团有限公司,7,AAA
136050,15景德01,景德镇市国资运营投资控股集团有限责任公司,7,AA
136051,15五矿03,中国五矿股份有限公司,7,AAA
136052,15五矿04,中国五矿股份有限公司,10,AAA
136053,15南航01,中国南方航空股份有限公司,5,AAA
136055,14国贸02,中国国际贸易中心股份有限公司,3,AA+
136056,15玉皇01,山东玉皇化工有限公司,3,AA
136057,15华发01,珠海华发实业股份有限公司,5,AA
136058,15宜集债,宜华企业(集团)有限公司,5,AA
136059,15纳通01,北京纳通科技集团有限公司,2,AA
136060,15纳通02,北京纳通科技集团有限公司,3,AA
136062,15大连港,大连港集团有限公司,5,AAA
136063,15中骏02,厦门中骏集团有限公司,5,AA
136064,13铁龙02,中铁铁龙集装箱物流股份有限公司,3,AA+
136065,15晋电01,山西国际电力集团有限公司,10,AAA
136066,15西王01,西王集团有限公司,7,AA+
136067,15洪市政,南昌市政公用集团有限公司,7,AA+
136068,15哈投02,哈尔滨投资集团有限责任公司,5,AA+
136069,15双欣债,内蒙古双欣能源化工有限公司,5,AA
136070,15必康债,陕西必康制药集团控股有限公司,5,AA
136071,15开元01,海通开元投资有限公司,5,AA+
136072,15开元02,海通开元投资有限公司,3,AA+
136073,15云能02,云南省能源投资集团有限公司,5,AAA
136074,15合作债,河北省新合作控股集团有限公司,5,AA
136075,15桂铁投,广西铁路投资集团有限公司,10,AAA
136076,15瑞贝卡,河南瑞贝卡发制品股份有限公司,5,AA
136077,15中天01,中天钢铁集团有限公司,3,AA
136078,15禹洲01,厦门禹洲鸿图地产开发有限公司,5,AA
136079,15中航债,中国航空技术国际控股有限公司,5,AAA
136080,15北汽01,北京汽车投资有限公司,5,AAA
136081,15广汇01,广汇能源股份有限公司,5,AA+
136082,15浙交01,浙江省交通投资集团有限公司,5,AAA
136083,15浙交02,浙江省交通投资集团有限公司,10,AAA
136084,15金源01,世纪金源投资集团有限公司,5,AA+
136085,15金茂投,上海金茂投资管理集团有限公司,5,AAA
136086,15金源02,世纪金源投资集团有限公司,7,AA+
136087,15保利01,保利发展控股集团股份有限公司,5,AAA
136088,15保利02,保利发展控股集团股份有限公司,7,AAA
136089,15绿地01,绿地控股集团有限公司,5,AAA
136090,15绿地02,绿地控股集团有限公司,5,AAA
136091,15华集01,华泰集团有限公司,5,AA
136092,15连云港,江苏连云港港口股份有限公司,5,AA
136093,15华信债,上海华信国际集团有限公司,5,AA+
136094,15晋电02,山西国际电力集团有限公司,10,AAA
136095,15锡交01,无锡市交通产业集团有限公司,5,AA+
136096,16复星01,上海复星高科技(集团)有限公司,5,AAA
136097,15鲁高01,山东高速集团有限公司,5,AAA
136098,15义市01,义乌市市场发展集团有限公司,5,AA+
136099,15绍交01,绍兴市交通投资集团有限公司,5,AA+
136100,16凯乐债,湖北凯乐科技股份有限公司,3,AA
136101,15合景01,广州合景控股集团有限公司,6,AA+
136102,15合景02,广州合景控股集团有限公司,7,AA+
136103,15滇路01,云南省公路开发投资有限责任公司,5,AA+
136104,15市北债,上海市北高新股份有限公司,5,AA
136105,15三友01,唐山三友化工股份有限公司,5,AA
136106,15三友02,唐山三友化工股份有限公司,7,AA
136107,15穗工债,广州高新区投资集团有限公司,5,AA
136108,14粤运02,广东粤运交通股份有限公司,5,AAA
136109,PR康达债,重庆康达环保产业(集团)有限公司,7,AA
136110,14昊华02,北京昊华能源股份有限公司,7,AA+
136111,15中环01,上海中环投资开发(集团)有限公司,5,AA
136112,15华集02,华泰集团有限公司,5,AA
136113,15新燃01,新奥(中国)燃气投资有限公司,5,AAA
136114,15花园02,汕头花园集团有限公司,5,AA
136116,15天富债,新疆天富集团有限责任公司,5,AA
136117,PR苏伟驰,伟驰控股集团有限公司,5,AA
136118,15融信01,融信(福建)投资集团有限公司,5,AA
136119,15国创01,国创高科实业集团有限公司,5,AA
136120,15鲁能债,鲁能集团有限公司,5,AA+
136121,15南山02,南山集团有限公司,5,AA+
136122,15天域债,天域生态园林股份有限公司,3,AA
136123,15中合01,中合中小企业融资担保股份有限公司,7,AAA
136124,16新奥债,新奥天然气股份有限公司,5,AA
136125,15洛娃01,洛娃科技实业集团有限公司,5,AA
136126,15鑫苑01,鑫苑(中国)置业有限公司,5,AA
136127,15中江01,中国江苏国际经济技术合作集团有限公司,5,AA
136128,15宇通01,郑州宇通集团有限公司,5,AA+
136129,15圣牧01,内蒙古圣牧高科牧业有限公司,5,AA
136130,16葛洲01,中国葛洲坝集团股份有限公司,5,AAA
136131,15陕投债,陕西省产业投资有限公司,5,AA
136132,15邢钢债,邢台钢铁有限责任公司,5,AA
136133,16国电01,中国国电集团有限公司,3,AAA
136134,16番雅债,广州番禺雅居乐房地产开发有限公司,5,AA+
136135,16联泰01,广东省联泰集团有限公司,6,AA
136136,16茂业01,深圳茂业商厦有限公司,3,AA
136137,16茂业02,深圳茂业商厦有限公司,5,AA
136138,16常高新,常高新集团有限公司,5,AA+
136139,16国美01,国美电器有限公司,6,AA+
136140,16富力01,广州富力地产股份有限公司,5,AA+
136141,16邦信01,邦信资产管理有限公司,6,AAA
136142,16中铁01,中国铁建房地产集团有限公司,5,AA+
136143,16万达01,大连万达商业管理集团股份有限公司,5,AAA
136144,16远东一,远东国际融资租赁有限公司,5,AAA
136145,16金辉01,金辉集团股份有限公司,5,AA
136147,16中粮01,中粮置业投资有限公司,5,AA+
136148,16宏桥01,山东宏桥新型材料有限公司,5,AA+
136149,16宏桥02,山东宏桥新型材料有限公司,5,AA+
136150,16桐昆01,浙江桐昆控股集团有限公司,3,AA+
136151,16保利01,保利发展控股集团股份有限公司,5,AAA
136152,16保利02,保利发展控股集团股份有限公司,7,AAA
136153,16珠投01,广东珠江投资股份有限公司,5,AA+
136154,16西王01,西王集团有限公司,5,AA+
136155,16电建01,中国电建地产集团有限公司,5,AA+
136156,16同益债,同益实业集团有限公司,5,AA
136157,16重水01,重庆市水利投资(集团)有限公司,5,AA+
136158,16融信01,融信(福建)投资集团有限公司,5,AA
136159,16沪国资,上海国有资产经营有限公司,5,AAA
136160,16东旭01,东旭集团有限公司,5,AA
136161,16渝交投,重庆城市交通开发投资(集团)有限公司,5,AAA
136162,16中静01,中静新华资产管理有限公司,6,AA
136163,16青国信,青岛国信发展(集团)有限责任公司,10,AAA
136164,16中油01,中国石油天然气股份有限公司,5,AAA
136165,16中油02,中国石油天然气股份有限公司,10,AAA
136166,16广新01,广东省广新控股集团有限公司,5,AA+
136167,16华夏债,华夏幸福基业股份有限公司,7,AA+
136168,16建发01,厦门建发集团有限公司,7,AAA
136169,16狮桥债,狮桥融资租赁(中国)有限公司,5,AA
136170,16景瑞01,景瑞地产(集团)有限公司,5,AA
136172,16亿阳01,亿阳集团股份有限公司,4,AA
136173,16龙源01,龙源电力集团股份有限公司,5,AAA
136174,16工艺01,中国工艺集团有限公司,5,AA+
136175,16搜候债,北京望京搜候房地产有限公司,3,AAA
136176,16绿地01,绿地控股集团有限公司,5,AAA
136177,16电气债,上海电气(集团)总公司,3,AAA
136178,16兆泰01,北京兆泰集团股份有限公司,5,AA
136179,16绿地02,绿地控股集团有限公司,5,AAA
136180,16国汽01,国机汽车股份有限公司,5,AA+
136181,16万通01,广西万通房地产有限公司,5,AA
136182,16玉皇01,山东玉皇化工有限公司,3,AA
136183,16新华债,新华联控股有限公司,5,AA+
136184,16上港01,上海国际港务集团股份有限公司,5,AAA
136185,16国发01,苏州国际发展集团有限公司,5,AA+
136186,16苏新债,苏州新区高新技术产业股份有限公司,5,AA
136187,16景德01,景德镇市国资运营投资控股集团有限责任公司,7,AA
136188,16富力03,广州富力地产股份有限公司,5,AA+
136189,16新业01,新疆新业国有资产经营(集团)有限责任公司,7,AA+
136190,16正才02,杭州正才控股集团有限公司,3,AA+
136191,16靖江港,靖江港口集团有限公司,5,AA
136192,16信威01,北京信威通信技术股份有限公司,5,AA
136193,16广越01,广州越秀集团有限公司,7,AAA
136194,16广越02,广州越秀集团有限公司,10,AAA
136195,16龙湖01,重庆龙湖企业拓展有限公司,5,AAA
136196,16龙湖02,重庆龙湖企业拓展有限公司,8,AAA
136197,16鑫苑01,鑫苑(中国)置业有限公司,5,AA
136198,16上药01,上海医药集团股份有限公司,3,AAA
136199,16铁工01,中国中铁股份有限公司,5,AAA
136200,16铁工02,中国中铁股份有限公司,10,AAA
136201,16香江01,香江集团有限公司,5,AA
136202,16宏桥03,山东宏桥新型材料有限公司,5,AA+
136203,16国创01,国创高科实业集团有限公司,5,AA
136204,16丹港01,丹东港集团有限公司,5,AA
136205,16龙盛01,浙江龙盛集团股份有限公司,5,AA+
136206,16龙盛02,浙江龙盛集团股份有限公司,5,AA+
136207,16武金01,武汉金融控股(集团)有限公司,5,AA+
136208,16广新02,广东省广新控股集团有限公司,5,AA+
136209,16国美02,国美电器有限公司,6,AA+
136210,16力帆债,力帆实业(集团)股份有限公司,5,AA
136211,16恒力01,恒力集团有限公司,5,AA
136212,16中交债,中交置业有限公司,5,AA
136213,16晋建发,山西园区建设发展集团有限公司,5,AA+
136214,14上实02,上海实业发展股份有限公司,5,AA
136217,16新有色,新疆有色金属工业(集团)有限责任公司,5,AAA
136218,16华凌01,新疆华凌工贸(集团)有限公司,5,AA
136219,16中大债,物产中大集团股份有限公司,5,AAA
136220,16新投01,新疆投资发展(集团)有限责任公司,5,AA+
136221,16天铝01,新疆生产建设兵团农八师天山铝业有限公司,5,AA
136222,16疏浚01,中交疏浚(集团)股份有限公司,5,AAA
136223,16卓越01,深圳卓越世纪城房地产开发有限公司,5,AA
136224,16新业02,新疆新业国有资产经营(集团)有限责任公司,7,AA+
136225,16月星01,月星集团有限公司,5,AA
136226,16锡公01,无锡市市政公用产业集团有限公司,7,AAA
136227,16住总01,北京住总集团有限责任公司,5,AA
136228,16国电02,中国国电集团有限公司,3,AAA
136229,16珠投03,广东珠江投资股份有限公司,5,AA+
136230,16宏桥05,山东宏桥新型材料有限公司,5,AA+
136231,16金茂01,山东金茂纺织化工集团有限公司,5,AA
136232,16漳九龙,漳州市九龙江集团有限公司,7,AA+
136233,16保利03,保利发展控股集团股份有限公司,5,AAA
136234,16保利04,保利发展控股集团股份有限公司,10,AAA
136235,16晋然01,山西天然气有限公司,5,AA+
136236,16复药01,上海复星医药(集团)股份有限公司,5,AAA
136237,16纳通01,北京纳通科技集团有限公司,3,AA
136238,16兴发01,宜昌兴发集团有限责任公司,5,AA
136239,16国联01,无锡市国联发展(集团)有限公司,5,AAA
136240,16北部湾,广西北部湾国际港务集团有限公司,5,AA+
136241,16中牧债01,中牧实业股份有限公司,5,AA+
136242,16中车G1,中国中车集团有限公司,5,AAA
136243,16中车G2,中国中车集团有限公司,10,AAA
136244,16华夏02,华夏幸福基业股份有限公司,5,AA+
136245,16海投01,山东海洋集团有限公司,5,AA+
136246,16津投01,天津城市基础设施建设投资集团有限公司,10,AAA
136247,16华综01,珠海华发综合发展有限公司,5,AA+
136248,16外运01,中国外运股份有限公司,5,AAA
136249,16海怡01,广州番禺海怡房地产开发有限公司,5,AA
136250,16瑞茂01,瑞茂通供应链管理股份有限公司,3,AA
136251,16信地01,信达地产股份有限公司,5,AA
136252,16亿阳03,亿阳集团股份有限公司,5,AA
136253,16中油03,中国石油天然气股份有限公司,5,AAA
136254,16中油04,中国石油天然气股份有限公司,10,AAA
136255,PR泰阳债,山东泰阳实业有限公司,5,AA+
136256,16南航01,中国南方航空股份有限公司,3,AAA
136257,16新投02,新疆投资发展(集团)有限责任公司,5,AA+
136259,16龙湖03,重庆龙湖企业拓展有限公司,6,AAA
136260,16龙湖04,重庆龙湖企业拓展有限公司,10,AAA
136261,16长园01,长园集团股份有限公司,3,AA
136262,16建元01,苏州新建元控股集团有限公司,5,AA+
136263,16建元02,苏州新建元控股集团有限公司,5,AA+
136264,16隆基01,隆基绿能科技股份有限公司,5,AA
136265,16正奇01,正奇金融控股股份有限公司,3,AA
136266,16鑫苑02,鑫苑(中国)置业有限公司,5,AA
136267,16广越03,广州越秀集团有限公司,7,AAA
136268,16广越04,广州越秀集团有限公司,10,AAA
136269,16伊品债,宁夏伊品生物科技股份有限公司,5,AA
136270,16南网01,中国南方电网有限责任公司,5,AAA
136271,16天富01,新疆天富能源股份有限公司,5,AA
136272,16国控01,国药控股股份有限公司,5,AAA
136273,16亿达01,亿达发展有限公司,5,AA
136274,16海亮01,海亮集团有限公司,3,AA+
136275,16海正债,浙江海正药业股份有限公司,5,AA+
136276,16南山01,南山集团有限公司,5,AA+
136277,16华地01,江苏华地国际控股集团有限公司,3,AA
136278,16紫江01,上海紫江(集团)有限公司,5,AA+
136279,16渤水产,潍坊渤海水产综合开发有限公司,7,AA
136280,16北汽01,北京汽车投资有限公司,5,AAA
136281,16华综02,珠海华发综合发展有限公司,5,AA+
136282,16华峰01,华峰集团有限公司,5,AA
136283,16浙交01,浙江省交通投资集团有限公司,5,AAA
136284,16浙交02,浙江省交通投资集团有限公司,10,AAA
136285,16金隅01,北京金隅股份有限公司,5,AA+
136286,16金隅02,北京金隅股份有限公司,7,AA+
136287,16首开01,北京首都开发控股(集团)有限公司,5,AA+
136288,16建发02,厦门建发集团有限公司,7,AAA
136289,16珠江01,广州珠江实业集团有限公司,5,AA+
136290,16航民01,浙江航民实业集团有限公司,5,AA
136291,16力帆02,力帆实业(集团)股份有限公司,4,AA
136292,16中星01,上海中星(集团)有限公司,5,AA+
136293,16兆泰02,北京兆泰集团股份有限公司,5,AA
136294,16信地02,信达地产股份有限公司,5,AA
136295,16川电01,四川省水电投资经营集团有限公司,5,AA+
136296,16珠投04,广东珠江投资股份有限公司,5,AA+
136297,16两江01,重庆两江新区开发投资集团有限公司,3,AAA
136298,16青港01,青岛港国际股份有限公司,5,AAA
136299,16翠微01,北京翠微大厦股份有限公司,5,AAA
136300,16联泰02,广东省联泰集团有限公司,6,AA
136301,16龙盛03,浙江龙盛集团股份有限公司,5,AA+
136302,16龙盛04,浙江龙盛集团股份有限公司,5,AA+
136303,16世茂G1,上海世茂股份有限公司,3,AA+
136304,16紫金01,紫金矿业集团股份有限公司,5,AAA
136305,16紫金02,紫金矿业集团股份有限公司,5,AAA
136306,16复地01,复地(集团)股份有限公司,3,AA+
136307,16协信03,重庆协信远创实业有限公司,5,AA
136308,16皖经01,安徽省外经建设(集团)有限公司,5,AA+
136309,16云投01,云南省投资控股集团有限公司,5,AAA
136310,16当代01,武汉当代科技产业集团股份有限公司,5,AA+
136311,16中化01,中国中化股份有限公司,5,AAA
136312,16皖投01,安徽省投资集团控股有限公司,5,AAA
136313,16西高科,西安高科(集团)公司,7,AA+
136314,16汇丰01,山东汇丰石化集团有限公司,5,AA
136315,16远东三,远东国际融资租赁有限公司,5,AAA
136316,16福能债,福建省能源集团有限责任公司,5,AAA
136317,15智慧01,远东智慧能源股份有限公司,5,AA
136318,16中油05,中国石油天然气股份有限公司,5,AAA
136319,16中油06,中国石油天然气股份有限公司,10,AAA
136320,16宇通01,郑州宇通集团有限公司,5,AA+
136321,16金泰债,北京金泰集团有限公司,3,AA+
136322,16宇通02,郑州宇通集团有限公司,7,AA+
136323,16越交01,越秀交通基建有限公司,5,AAA
136324,16越交02,越秀交通基建有限公司,7,AAA
136325,16金地01,金地(集团)股份有限公司,6,AAA
136326,16金地02,金地(集团)股份有限公司,8,AAA
136327,16特房01,厦门经济特区房地产开发集团有限公司,5,AA+
136328,16忠旺01,辽宁忠旺集团有限公司,5,AA+
136329,16国美03,国美电器有限公司,6,AA+
136330,16扬城控,扬州市城建国有资产控股(集团)有限责任公司,5,AA+
136331,16金辉02,金辉集团股份有限公司,5,AA
136332,16泰豪01,泰豪科技股份有限公司,5,AA
136334,16银宝01,江苏银宝控股集团有限公司,5,AA+
136335,16北汽集,北京汽车集团有限公司,7,AAA
136336,16宏泰债,湖北省宏泰国有资本投资运营集团有限公司,5,AA+
136337,16乌房01,乌鲁木齐房地产开发(集团)有限公司,5,AA
136338,16漳诏01,福建省漳州高速公路有限公司,5,AA
136339,16滇路01,云南省公路开发投资有限责任公司,5,AAA
136340,16鲁星01,山东三星集团有限公司,5,AA
136341,16洋河01,江苏洋河集团有限公司,10,AAA
136342,16浦集01,上海浦东发展(集团)有限公司,7,AAA
136343,16泸工债,泸州市工业投资集团有限公司,5,AA
136344,16广电01,广州无线电集团有限公司,5,AAA
136345,16天建01,广州市天建房地产开发有限公司,6,AAA
136346,16天建02,广州市天建房地产开发有限公司,10,AAA
136347,16永利债,浙江永利实业集团有限公司,5,AA
136348,16国机债,中国机械工业集团有限公司,5,AAA
136349,16华虹01,启东市华虹电子有限公司,5,AA
136350,16海怡02,广州番禺海怡房地产开发有限公司,3,AA
136351,16永泰01,永泰能源股份有限公司,3,AA+
136352,16中天01,中天钢铁集团有限公司,3,AA
136353,16象屿债,厦门象屿集团有限公司,7,AA+
136354,16鲁商01,山东省商业集团有限公司,7,AA+
136355,16大华01,大华(集团)有限公司,5,AA+
136356,16宁远高,宁夏远高实业集团有限公司,5,AA
136357,16亚泰01,吉林亚泰(集团)股份有限公司,5,AA
136358,16川电02,四川省水电投资经营集团有限公司,5,AA+
136360,16富力04,广州富力地产股份有限公司,9.45,AAA
136361,16富力05,广州富力地产股份有限公司,7,AAA
136362,16珠管01,广东珠江投资管理集团有限公司,5,AA
136363,16复星02,上海复星高科技(集团)有限公司,5,AAA
136364,16十二师,新疆生产建设兵团第十二师国有资产经营(集团)有限责任公司,7,AA
136365,16桂铁债,广西铁路投资集团有限公司,10,AAA
136366,16当代02,武汉当代科技产业集团股份有限公司,5,AA+
136369,16山鹰债,安徽山鹰纸业股份有限公司,7,AA
136370,16宁开控,宁波经济技术开发区控股有限公司,5,AA
136371,16众品01,河南众品食业股份有限公司,3,AA
136372,16光大01,中国光大集团股份公司,5,AAA
136374,16建业01,建业住宅集团(中国)有限公司,5,AA
136375,16恒健01,广东恒健投资控股有限公司,5,AAA
136376,16中希01,中国希格玛有限公司,3,AA
136377,16泰玻债,泰山玻璃纤维有限公司,5,AA
136378,16华泰01,华泰汽车集团有限公司,5,AA
136379,16精控01,精工控股集团有限公司,5,AA+
136380,16新湖01,新湖中宝股份有限公司,5,AA+
136382,16津投02,天津城市基础设施建设投资集团有限公司,3,AAA
136383,16南港01,南京新港开发总公司,5,AA+
136384,16三花01,三花控股集团有限公司,5,AA+
136385,16九华债,安徽九华山文化旅游集团有限公司,5,AA
136386,16财信债,湖南财信投资控股有限责任公司,5,AA+
136387,16福投01,福建省投资开发集团有限责任公司,8,AA
136388,16亿阳04,亿阳集团股份有限公司,5,AA
136389,16鲁商02,山东省商业集团有限公司,5,AA+
136390,16人福债,人福医药集团股份公司,3,AA+
136391,16圆融01,厦门金圆投资集团有限公司,3,AAA
136392,16财鑫债,常德财鑫融资担保有限公司,5,AA+
136393,16武金02,武汉金融控股(集团)有限公司,5,AA+
136394,16武商贸,武汉商贸国有控股集团有限公司,5,AA
136396,16粤港01,广州港股份有限公司,5,AAA
136397,16北水01,北控水务(中国)投资有限公司,5,AAA
136398,16华融德,华融融德资产管理有限公司,5,AA+
136399,16桂农01,广西农垦集团有限责任公司,3,AA+
136400,16金辉03,金辉集团股份有限公司,5,AA
136401,16华润01,华润电力投资有限公司,7,AAA
136402,16红星01,红星美凯龙控股集团有限公司,5,AA+
136403,16红星02,红星美凯龙控股集团有限公司,7,AA+
136404,16外高01,上海外高桥集团股份有限公司,5,AAA
136405,14亿利02,亿利洁能股份有限公司,5,AA
136406,16正才03,杭州正才控股集团有限公司,5,AA+
136407,16正才04,杭州正才控股集团有限公司,3,AA+
136408,16路桥01,厦门路桥建设集团有限公司,5,AAA
136409,16融科01,融科智地房地产股份有限公司,5,AAA
136410,16融科02,融科智地房地产股份有限公司,7,AAA
136411,16小商01,浙江中国小商品城集团股份有限公司,3,AA+
136412,16房信01,天津市房地产信托集团有限公司,5,AA+
136414,16绵投债,绵阳市投资控股(集团)有限公司,5,AA+
136415,16华建01,华建国际实业深圳有限公司,5,AA+
136416,16南山03,南山集团有限公司,5,AA+
136417,16万达02,大连万达商业管理集团股份有限公司,5,AAA
136418,16信威02,北京信威通信技术股份有限公司,5,AA
136419,16国华01,北京国华置业有限公司,5,AA
136420,16中电01,中国电子信息产业集团有限公司,5,AAA
136421,16春秋01,春秋航空股份有限公司,5,AA+
136422,16宝丰01,宁夏宝丰能源集团股份有限公司,5,AA
136424,16南翔02,安徽省南翔贸易(集团)有限公司,3,AA
136425,16苏农01,苏州市农业发展集团有限公司,5,AA
136426,16电投01,国家电力投资集团有限公司,3,AAA
136427,16葛洲02,中国葛洲坝集团股份有限公司,5,AAA
136429,16福华02,四川省乐山市福华通达农药科技有限公司,3,AA
136430,16浙五金,浙江金汇五金产业有限公司,5,AA
136431,16广安01,北京广安控股集团有限公司,5,AA
136432,16协信05,重庆协信远创实业有限公司,5,AA
136433,16晟晏债,宁夏晟晏实业集团有限公司,5,AA
136434,16葛洲03,中国葛洲坝集团股份有限公司,5,AAA
136435,16广汇G1,广汇汽车服务有限责任公司,3,AA
136436,16远洋01,远洋控股集团(中国)有限公司,5,AAA
136439,16永泰02,永泰能源股份有限公司,3,AA+
136440,16渝开投,重庆城市交通开发投资(集团)有限公司,5,AAA
136441,15智慧02,远东智慧能源股份有限公司,5,AA
136443,16蓉金01,成都交子金融控股集团有限公司,5,AAA
136445,G16嘉化1,浙江嘉化能源化工股份有限公司,5,AA
136446,16电投02,国家电力投资集团有限公司,3,AAA
136447,16复星03,上海复星高科技(集团)有限公司,5,AAA
136448,16万达03,大连万达商业管理集团股份有限公司,5,AAA
136449,16油服01,中海油田服务股份有限公司,3,AAA
136450,16油服02,中海油田服务股份有限公司,10,AAA
136451,16远洲01,远洲集团股份有限公司,5,AA
136452,16南航02,中国南方航空股份有限公司,5,AAA
136453,16中工01,中铝国际工程股份有限公司,3,AA+
136454,PR吴交01,苏州市吴江交通投资集团有限公司,7,AA+
136457,16希望01,四川新希望房地产开发有限公司,5,AAA
136458,16圣牧01,内蒙古圣牧高科牧业有限公司,5,AA
136459,16上港02,上海国际港务集团股份有限公司,5,AAA
136460,16市政01,天津市政投资有限公司,5,AAA
136461,16东辰01,东辰控股集团有限公司,3,AA
136462,16漕河泾,上海市漕河泾新兴技术开发区发展总公司,7,AA+
136463,16香城建,中山城市建设集团有限公司,5,AA
136464,16路桥02,厦门路桥建设集团有限公司,5,AAA
136465,16国投01,国家开发投资集团有限公司,7,AAA
136466,16长园02,长园集团股份有限公司,3,AA
136467,16东南01,浙江大东南集团有限公司,3,AA
136468,16瑞茂02,瑞茂通供应链管理股份有限公司,3,AA
136469,16联通01,中国联合网络通信有限公司,3,AAA
136470,16联通02,中国联合网络通信有限公司,5,AAA
136471,16杨农债,杨凌现代农业开发集团有限公司,7,AA
136472,16青港02,青岛港国际股份有限公司,5,AAA
136473,16中化债,中化国际控股股份有限公司,5,AAA
136474,16万达04,大连万达商业管理集团股份有限公司,5,AAA
136475,16华宇01,重庆华宇集团有限公司,5,AA
136476,16天海债,海航科技股份有限公司,3,AA
136477,16北控01,北京控股集团有限公司,3,AAA
136478,16北控02,北京控股集团有限公司,10,AAA
136479,16华能01,华能国际电力股份有限公司,5,AAA
136480,16华能02,华能国际电力股份有限公司,10,AAA
136481,16海建01,海天建设集团有限公司,3,AA
136482,16华福G1,华福证券有限责任公司,5,AA+
136483,16光大02,中国光大集团股份公司,5,AAA
136484,16香江02,香江集团有限公司,4,AA
136485,16协鑫01,协鑫智慧能源股份有限公司,3,AA
136486,16长城01,中融双创(北京)科技集团有限公司,3,BB
136487,16月星02,月星集团有限公司,5,AA
136488,16南港02,南京新港开发总公司,5,AA+
136489,16正集01,正泰集团股份有限公司,3,AA+
136490,16红美01,红星美凯龙家居集团股份有限公司,5,AA+
136491,16红美02,红星美凯龙家居集团股份有限公司,7,AA+
136492,16禾嘉债,易见供应链管理股份有限公司,3,AA
136493,16成渝01,四川成渝高速公路股份有限公司,5,AAA
136494,16滇博01,云南世博旅游控股集团有限公司,5,AA
136495,16粤高01,广东省高速公路有限公司,15,AAA
136496,16苏华成,苏州工业园区华成房地产开发有限公司,5,AA
136497,16西王02,西王集团有限公司,5,AA+
136498,PR河西01,南京市河西新城区国有资产经营控股(集团)有限责任公司,5,AAA
136499,16洪市政,南昌市政公用集团有限公司,7,AA+
136500,16兴泰债,合肥兴泰金融控股(集团)有限公司,3,AA+
136502,16穗控01,广州金融控股集团有限公司,5,AAA
136503,16兴杭债,闽西兴杭国有资产投资经营有限公司,5,AA+
136504,16中关01,中关村发展集团股份有限公司,5,AAA
136505,16广汇G2,广汇汽车服务有限责任公司,3,AA
136506,16洛娃01,洛娃科技实业集团有限公司,5,AA
136507,16奥克斯,宁波奥克斯置业有限公司,5,AA
136508,16广电02,广州无线电集团有限公司,5,AAA
136509,16三胞02,三胞集团有限公司,5,AA
136510,16华电01,中国华电集团有限公司,3,AAA
136511,16云金01,云南黄金矿业集团股份有限公司,5,AA
136512,16广安02,北京广安控股集团有限公司,7,AA
136513,16电投03,国家电力投资集团有限公司,3,AAA
136514,16远东五,远东国际融资租赁有限公司,5,AAA
136515,16疏浚02,中交疏浚(集团)股份有限公司,5,AAA
136516,16疏浚03,中交疏浚(集团)股份有限公司,5,AAA
136517,16云投02,云南省投资控股集团有限公司,5,AAA
136518,16鲁高01,山东高速集团有限公司,5,AAA
136519,16陆嘴01,上海陆家嘴(集团)有限公司,5,AAA
136520,16永泰03,永泰能源股份有限公司,3,AA+
136521,16鸿坤01,北京鸿坤伟业房地产开发有限公司,5,AAA
136522,16首股债,北京首创生态环保集团股份有限公司,5,AAA
136523,16广新03,广东省广新控股集团有限公司,5,AA+
136524,16联想01,联想控股股份有限公司,5,AAA
136525,16联想02,联想控股股份有限公司,10,AAA
136526,16亿阳05,亿阳集团股份有限公司,5,AA
136527,16两江02,重庆两江新区开发投资集团有限公司,3,AAA
136528,16世茂G2,上海世茂股份有限公司,3,AA+
136529,16中车G3,中国中车集团有限公司,5,AAA
136530,16深燃01,深圳市燃气集团股份有限公司,5,AAA
136531,13牡丹02,黑牡丹(集团)股份有限公司,5,AA
136532,16粤桥01,广东省路桥建设发展有限公司,15,AAA
136533,G16能新1,华能新能源股份有限公司,5,AAA
136534,16晟晏02,宁夏晟晏实业集团有限公司,5,AA
136535,16万达05,大连万达商业管理集团股份有限公司,5,AAA
136536,16国汽02,国机汽车股份有限公司,5,AA+
136537,16GLP01,普洛斯中国控股有限公司,3,AAA
136538,16GLP02,普洛斯中国控股有限公司,5,AAA
136539,16上港03,上海国际港务集团股份有限公司,5,AAA
136540,16协信06,重庆协信远创实业有限公司,5,AA
136541,16希望02,四川新希望房地产开发有限公司,5,AAA
136542,16云工01,云南省工业投资控股集团有限责任公司,5,AA+
136543,16龙湖05,重庆龙湖企业拓展有限公司,5,AAA
136544,16联通03,中国联合网络通信有限公司,3,AAA
136545,16皖经02,安徽省外经建设(集团)有限公司,5,AA+
136546,16龙湖06,重庆龙湖企业拓展有限公司,7,AAA
136547,16国发02,苏州国际发展集团有限公司,3,AAA
136548,16正源01,正源房地产开发有限公司,5,AA
136549,16紫金03,紫金矿业集团股份有限公司,5,AAA
136550,16紫金04,紫金矿业集团股份有限公司,5,AAA
136551,16融侨01,融侨集团股份有限公司,5,AA
136552,16圆融02,厦门金圆投资集团有限公司,5,AAA
136553,16联投01,湖北省联合发展投资集团有限公司,7,AAA
136554,16中金01,中国国际金融股份有限公司,5,AAA
136555,16中金02,中国国际金融股份有限公司,7,AAA
136556,16鸿坤02,北京鸿坤伟业房地产开发有限公司,5,AAA
136557,16国寿投,国寿投资保险资产管理有限公司,7,AAA
136558,16华电02,中国华电集团有限公司,5,AAA
136559,16华电03,中国华电集团有限公司,5,AAA
136560,16齐成01,山东齐成石油化工有限公司,5,AA
136561,16老百姓,老百姓大药房连锁股份有限公司,5,AA
136562,16能建01,中国能源建设集团有限公司,5,AAA
136563,16福投02,福建省投资开发集团有限责任公司,8,AAA
136564,16东旭02,东旭集团有限公司,5,AA+
136565,16海亮02,海亮集团有限公司,3,AA+
136566,16福耀01,福耀玻璃工业集团股份有限公司,3,AAA
136567,16凯华01,凯华地产(中国)集团有限公司,5,AA+
136568,16张江01,上海张江高科技园区开发股份有限公司,5,AAA
136569,16海亮03,海亮集团有限公司,5,AA+
136570,16中江债,中国江苏国际经济技术合作集团有限公司,5,AA
136571,16正源02,正源房地产开发有限公司,5,AA
136572,16现代01,现代牧业(集团)有限公司,3,AA
136573,16港投债,东港投资发展集团有限公司,5,AA
136574,PR河西02,南京市河西新城区国有资产经营控股(集团)有限责任公司,5,AAA
136575,16光控01,中国光大控股有限公司,5,AAA
136576,16光控02,中国光大控股有限公司,5,AAA
136577,16鲁能01,鲁能集团有限公司,5,AA+
136578,16小商02,浙江中国小商品城集团股份有限公司,3,AA+
136579,16华泰02,华泰汽车集团有限公司,5,AA
136580,16万达06,大连万达商业管理集团股份有限公司,5,AAA
136581,16外高02,上海外高桥集团股份有限公司,5,AAA
136582,16国联02,无锡市国联发展(集团)有限公司,5,AAA
136583,16北新集,北新建材集团有限公司,5,AA
136584,16铁牛债,铁牛集团有限公司,3,AA
136585,16广汇G3,广汇汽车服务有限责任公司,3,AA
136586,16中合01,中合中小企业融资担保股份有限公司,6,AAA
136587,16水务01,北控水务集团有限公司,5,AAA
136588,16水务02,北控水务集团有限公司,7,AAA
136589,16融侨02,融侨集团股份有限公司,5,AA
136590,16海伟01,河北海伟交通设施集团有限公司,3,AA
136591,16西经发,西安经发集团有限责任公司,5,AA
136592,16鄂稻01,湖北稻花香酒业股份有限公司,5,AA
136593,16新华01,上海新华发行集团有限公司,5,AA+
136594,16同仁堂,北京同仁堂科技发展股份有限公司,5,AA+
136595,16南港03,南京新港开发总公司,5,AA+
136596,16南港04,南京新港开发有限公司,7,AA+
136597,16石大01,青岛中石大控股有限公司,5,AA
136598,16首旅01,北京首都旅游集团有限责任公司,7,AAA
136599,16首旅02,北京首都旅游集团有限责任公司,10,AAA
136600,16穗建01,广州市城市建设开发有限公司,3,AAA
136601,16穗建02,广州市城市建设开发有限公司,5,AAA
136602,16泰豪02,泰豪科技股份有限公司,5,AA
136603,16义市01,义乌市市场发展集团有限公司,5,AA+
136604,16兴发02,宜昌兴发集团有限责任公司,5,AA
136605,G16北控1,北控水务集团有限公司,8,AAA
136606,16信投G2,中信建投证券股份有限公司,5,AAA
136607,16宁安01,南京安居建设集团有限责任公司,5,AAA
136608,16广新04,广东省广新控股集团有限公司,5,AA+
136609,16舟交01,舟山交通投资集团有限公司,5,AA+
136610,16信威03,北京信威通信技术股份有限公司,5,AA
136611,16电投04,国家电力投资集团有限公司,5,AAA
136612,16不动产,平安不动产有限公司,7,AAA
136613,16西王03,西王集团有限公司,5,AA+
136614,16碱业01,唐山三友碱业(集团)有限公司,5,AA
136615,16碱业02,唐山三友碱业(集团)有限公司,7,AA
136616,16上实01,上实环境水务股份有限公司,5,AA
136617,16正集02,正泰集团股份有限公司,5,AA+
136619,16中静02,中静新华资产管理有限公司,6,AA
136620,16锡交01,无锡市交通产业集团有限公司,5,AA+
136621,16粤高02,广东省高速公路有限公司,15,AAA
136622,16国君G3,国泰君安证券股份有限公司,5,AAA
136623,16国君G4,国泰君安证券股份有限公司,5,AAA
136624,16融创07,融创房地产集团有限公司,9.32,AAA
136625,G16节能1,中国节能环保集团有限公司,5,AAA
136626,G16节能2,中国节能环保集团有限公司,7,AAA
136627,16精控02,精工控股集团有限公司,5,AA+
136628,16杭汽01,杭州汽轮动力集团有限公司,10,AA+
136629,16兵装01,中国兵器装备集团有限公司,5,AAA
136630,16兵装02,中国兵器装备集团有限公司,7,AAA
136631,16南瑞01,南京南瑞集团有限公司,3,AAA
136632,16亚洲浆,宁波亚洲浆纸业有限公司,5,AA+
136633,16融创06,融创房地产集团有限公司,5,AAA
136634,16黔高速,贵州高速公路集团有限公司,7,AA+
136635,16津投03,天津城市基础设施建设投资集团有限公司,10,AAA
136636,16供销01,中国供销集团有限公司,3,AAA
136637,16巨化01,巨化集团有限公司,3,AA+
136638,PR海资01,海宁市资产经营公司,7,AA+
136639,16皖投02,安徽省投资集团控股有限公司,5,AAA
136640,16海亮04,海亮集团有限公司,3,AA+
136641,16海亮05,海亮集团有限公司,5,AA+
136642,16国航01,中国国际航空股份有限公司,3,AAA
136643,16华宇02,重庆华宇集团有限公司,5,AA
136644,16天地01,天地科技股份有限公司,5,AA+
136645,16百隆01,百隆东方股份有限公司,5,AA
136646,16中海01,中海企业发展集团有限公司,10,AAA
136647,16华新01,华新水泥股份有限公司,5,AA+
136648,16佳源01,佳源创盛控股集团有限公司,5,AA
136649,16佳源02,佳源创盛控股集团有限公司,3,AA
136650,16普天01,中国普天信息产业股份有限公司,6,AAA
136651,16普天02,中国普天信息产业股份有限公司,10,AAA
136652,16洪政02,南昌市政公用集团有限公司,7,AA+
136653,16清控01,清华控股有限公司,5,AAA
136654,16外运03,中国外运股份有限公司,5,AAA
136655,14银河G3,中国银河证券股份有限公司,3,AAA
136656,14银河G4,中国银河证券股份有限公司,5,AAA
136657,16旅业01,海航旅游集团有限公司,3,AA
136660,16天铝03,新疆生产建设兵团农八师天山铝业有限公司,5,AA
136661,16六建01,福建六建集团有限公司,3,AA
136662,16友阿01,湖南友谊阿波罗控股股份有限公司,5,AA
136663,16友阿02,湖南友谊阿波罗控股股份有限公司,5,AA
136664,16云工02,云南省工业投资控股集团有限责任公司,5,AA+
136665,16鲁万通,山东万通石油化工集团有限公司,5,AA
136666,16外高03,上海外高桥集团股份有限公司,5,AAA
136667,16海矿01,海南矿业股份有限公司,5,AA
136668,16重水02,重庆市水利投资(集团)有限公司,5,AA+
136669,16南山04,南山集团有限公司,5,AA+
136670,16南山05,南山集团有限公司,5,AA+
136671,16中车01,中国中车股份有限公司,5,AAA
136672,16京技投,北京亦庄投资控股有限公司,2,AAA
136673,16齐成02,山东齐成石油化工有限公司,5,AA
136674,16正才05,杭州正才控股集团有限公司,5,AA+
136675,16正才06,杭州正才控股集团有限公司,3,AA+
136676,16天风02,天风证券股份有限公司,5,AA+
136677,16名城G1,上海大名城企业股份有限公司,5,AA
136678,16穗建03,广州市城市建设开发有限公司,6,AAA
136679,16穗建04,广州市城市建设开发有限公司,5,AAA
136680,16川电03,四川省水电投资经营集团有限公司,5,AA+
136681,16晋交03,山西能源交通投资有限公司,5,AA+
136682,G16三峡1,中国长江三峡集团有限公司,3,AAA
136683,G16三峡2,中国长江三峡集团有限公司,10,AAA
136684,16丰盛03,南京建工产业集团有限公司,5,AA
136685,16海投债,厦门海沧投资集团有限公司,5,AA+
136686,16环球01,中国环球租赁有限公司,5,AA+
136687,16中泰01,中泰证券股份有限公司,3,AAA
136688,16鸿商01,鸿商产业控股集团有限公司,5,AA+
136689,16绿水01,广西绿城水务股份有限公司,5,AA+
136690,16恒安01,恒安(中国)投资有限公司,5,AAA
136692,16鲁能02,鲁能集团有限公司,7,AA+
136693,16晋然02,山西天然气有限公司,5,AA+
136694,16铁峰01,大同煤矿集团铁峰煤业有限公司,5,AAA
136695,16长城02,中融双创(北京)科技集团有限公司,3,BB
136696,16路劲01,北京路劲隽御房地产开发有限公司,5,AA
136697,16中天02,中天钢铁集团有限公司,3,AA
136698,16申信01,上海华信国际集团有限公司,5,AA+
136699,16皖经03,安徽省外经建设(集团)有限公司,5,AA+
136700,16蓝光01,四川蓝光发展股份有限公司,5,AA
136701,16椒江债,台州市椒江区国有资本运营集团有限公司,5,AA+
136702,16华润02,华润电力投资有限公司,3,AAA
136703,16宁资01,宁德市国有资产投资经营有限公司,7,AA
136704,16六建02,福建六建集团有限公司,3,AA
136705,16协信08,重庆协信远创实业有限公司,5,AA
136706,16当代03,武汉当代科技产业集团股份有限公司,5,AA+
136707,16邢钢01,邢台钢铁有限责任公司,5,AA
136708,16通运01,南通汽运实业集团有限公司,5,AA
136709,16粤桥02,广东省路桥建设发展有限公司,15,AAA
136710,16福新01,华电福新能源有限公司,5,AAA
136711,16国君G5,国泰君安证券股份有限公司,5,AAA
136712,16港务01,厦门港务控股集团有限公司,7,AAA
136713,16康恩贝,浙江康恩贝制药股份有限公司,5,AA+
136714,G16节能3,中国节能环保集团有限公司,7,AAA
136715,G16节能4,中国节能环保集团有限公司,10,AAA
136716,16旅业03,海航旅游集团有限公司,3,AA
136718,16浙证债,浙商证券股份有限公司,5,AA+
136719,16珠江02,广州珠江实业集团有限公司,5,AA+
136720,16西王04,西王集团有限公司,5,AA+
136721,16石化01,中国石油化工集团有限公司,5,AAA
136722,16石化02,中国石油化工集团有限公司,7,AAA
136723,16石化03,中国石油化工集团有限公司,10,AAA
136724,16鲁公债,山东公用控股有限公司,5,AA
136725,16中材01,中国建材股份有限公司,5,AAA
136726,16中材02,中国建材股份有限公司,7,AAA
136727,16平海01,广东惠州平海发电厂有限公司,5,AA+
136728,16忠旺03,辽宁忠旺集团有限公司,5,AA+
136729,16九牧01,九牧王股份有限公司,3,AA
136730,G16唐新2,中国大唐集团新能源股份有限公司,5,AAA
136731,16刚集01,刚泰集团有限公司,3,AA
136732,16穗建05,广州市城市建设开发有限公司,5,AAA
136733,16穗建06,广州市城市建设开发有限公司,7,AAA
136734,16大唐01,中国大唐集团有限公司,6,AAA
136735,16大唐02,中国大唐集团有限公司,10,AAA
136736,16鸿商02,鸿商产业控股集团有限公司,5,AA+
136737,16协鑫债,保利协鑫(苏州)新能源有限公司,5,AA+
136738,16通用01,中国通用技术(集团)控股有限责任公司,5,AAA
136739,16通用02,中国通用技术(集团)控股有限责任公司,5,AAA
136740,16渝钢01,重庆钢铁集团矿业有限公司,5,AA+
136741,16重机债,重庆机电股份有限公司,5,AA+
136742,16众品02,河南众品食业股份有限公司,3,AA
136743,16齐成03,山东齐成石油化工有限公司,5,AA
136744,16祥源债,祥源控股集团有限责任公司,5,AA
136745,16南港05,南京新港开发总公司,5,AA+
136746,16南港06,南京新港开发有限公司,7,AA+
136747,16南港07,南京新港开发有限公司,10,AA+
136748,16长峰01,上海长峰(集团)有限公司,5,AA+
136749,G16博天,博天环境集团股份有限公司,5,AAA
136750,16荣盛01,浙江荣盛控股集团有限公司,5,AA
136751,16佳源06,佳源创盛控股集团有限公司,3,AA
136752,16佳源07,佳源创盛控股集团有限公司,5,AA
136753,16大华02,大华(集团)有限公司,5,AA+
136754,16兵装03,中国兵器装备集团有限公司,5,AAA
136755,16兵装04,中国兵器装备集团有限公司,7,AAA
136756,16兵装05,中国兵器装备集团有限公司,10,AAA
136757,16凯华02,凯华地产(中国)集团有限公司,5,AA+
136758,16凯华03,凯华地产(中国)集团有限公司,5,AA+
136759,16三胞05,三胞集团有限公司,5,AA
136760,16中工Y1,中铝国际工程股份有限公司,nan,AAA
136762,16长电01,中国长江电力股份有限公司,10,AAA
136763,16张江02,上海张江高科技园区开发股份有限公司,5,AAA
136764,16蓝光02,四川蓝光发展股份有限公司,5,AA
136765,16陕燃01,陕西燃气集团有限公司,7,AA+
136766,16油服03,中海油田服务股份有限公司,5,AAA
136767,16油服04,中海油田服务股份有限公司,7,AAA
136768,16苏海01,江苏省海外企业集团有限公司,5,AA+
136769,16欣捷01,欣捷投资控股集团有限公司,3,AA
136770,16华资01,中国华电集团资本控股有限公司,5,AA+
136771,16沪宁01,上海大宁资产经营(集团)有限公司,7,AA+
136772,16聚信一,聚信国际租赁股份有限公司,3,AA
136773,16清控02,清华控股有限公司,5,AAA
136774,16中船01,中国船舶工业集团有限公司,5,AAA
136775,16中船02,中国船舶工业集团有限公司,7,AAA
136776,16国航02,中国国际航空股份有限公司,5,AAA
136777,G16唐新3,中国大唐集团新能源股份有限公司,5,AAA
136778,16融强债,大连融强投资有限公司,5,AA
136779,16腾越01,广东腾越建筑工程有限公司,4,AAA
136780,16腾越02,腾越建筑科技集团有限公司,7,AAA
136781,16湘财02,湘财证券股份有限公司,3,AA+
136782,16宁建材,宁夏建材集团股份有限公司,3,AA
136783,16金发01,金发科技股份有限公司,5,AA+
136784,16旅业05,海航旅游集团有限公司,3,AA
136786,16华泰03,华泰汽车集团有限公司,5,AA
136787,16天目湖,江苏天目湖(集团)有限公司,5,AA
136788,16京运01,北京京运通科技股份有限公司,5,AA
136789,16东航01,中国东方航空股份有限公司,10,AAA
136790,16东航02,中国东方航空股份有限公司,10,AAA
136791,16丰盛04,南京建工产业集团有限公司,5,AA
136792,16中筑01,江苏中南建筑产业集团有限责任公司,5,AA
136793,16国投电,国投电力控股股份有限公司,5,AAA
136794,16华阳01,中国华阳经贸集团有限公司,5,AA
136796,16中航01,中国航空集团有限公司,3,AAA
136797,16瀚蓝01,瀚蓝环境股份有限公司,5,AA+
136798,16环球02,中国环球租赁有限公司,5,AA+
136799,16中金03,中国国际金融股份有限公司,5,AAA
136800,16中金04,中国国际金融股份有限公司,7,AAA
136801,16津创01,天津创业环保集团股份有限公司,5,AA+
136802,16中燃G1,中国燃气控股有限公司,5,AAA
136803,16南三01,江苏南通三建集团股份有限公司,5,AA
136804,16越交03,越秀交通基建有限公司,5,AAA
136805,16七师01,第七师国有资产经营(集团)有限公司,5,AA
136806,16越交04,越秀交通基建有限公司,7,AAA
136807,16方圆01,东营方圆有色金属有限公司,3,AA
136808,16永达01,上海永达投资控股集团有限公司,5,AA
136809,16常城01,常熟市城市经营投资有限公司,5,AA+
136810,16福新02,华电福新能源有限公司,5,AAA
136811,16福新03,华电福新能源有限公司,7,AAA
136812,16国泰01,国泰租赁有限公司,5,AA
136813,16中电02,中国电子信息产业集团有限公司,5,AAA
136814,16京运02,北京京运通科技股份有限公司,5,AA
136815,16杭汽02,杭州汽轮动力集团有限公司,6,AA+
136816,16伟星01,伟星集团有限公司,5,AA
136817,16刚集02,刚泰集团有限公司,3,AA
136818,16新华02,上海新华发行集团有限公司,4,AA+
136819,16川发01,四川发展(控股)有限责任公司,10,AAA
136820,16纳通02,北京纳通科技集团有限公司,3,AA
136821,16中安消,中安科股份有限公司,3,AA
136822,16南山06,南山集团有限公司,5,AA+
136823,16南山07,南山集团有限公司,5,AA+
136824,16滇路02,云南省公路开发投资有限责任公司,5,AAA
136825,16滇路03,云南省公路开发投资有限责任公司,5,AAA
136826,16国网01,国家电网有限公司,3,AAA
136827,16国网02,国家电网有限公司,5,AAA
136830,16中信G1,中信证券股份有限公司,3,AAA
136831,16中信G2,中信证券股份有限公司,5,AAA
136832,16正大债,正大(中国)投资有限公司,5,AA
136833,G17三峡1,中国长江三峡集团有限公司,3,AAA
136835,16紫金债,南京紫金资产管理有限公司,5,AAA
136836,16鲁信01,山东省鲁信投资控股集团有限公司,10,AAA
136837,16穗发01,广州产业投资控股集团有限公司,5,AAA
136838,16国投控,国投电力控股股份有限公司,5,AAA
136839,16港务02,厦门港务控股集团有限公司,7,AAA
136840,16华福G2,华福证券有限责任公司,5,AA+
136842,16银鹰01,山东银鹰化纤有限公司,5,AA
136843,17苏新01,苏州苏高新集团有限公司,5,AA+
136845,16环球03,中国环球租赁有限公司,5,AA+
136846,16深燃02,深圳市燃气集团股份有限公司,5,AAA
136847,16玉皇03,山东玉皇化工有限公司,5,AA
136849,16华能债,中国华能集团有限公司,10,AAA
136850,16宝丰02,宁夏宝丰能源集团股份有限公司,5,AA
136851,16华泰G1,华泰证券股份有限公司,3,AAA
136852,16华泰G2,华泰证券股份有限公司,5,AAA
136853,16洪业02,洪业化工集团股份有限公司,6.34,AA
136854,16鲁再担,山东省再担保集团股份有限公司,5,AA+
136855,16光控03,中国光大控股有限公司,6,AAA
136856,16光控04,中国光大控股有限公司,7,AAA
136857,16重汽01,中国重型汽车集团有限公司,5,AA+
136859,PR鲁通02,山东万通石油化工集团有限公司,5,AA
136860,16乌资01,乌鲁木齐国有资产经营(集团)有限公司,7,AA
136861,16恒健02,广东恒健投资控股有限公司,5,AAA
136863,16丹港02,丹东港集团有限公司,5,AA
136864,16华虹02,启东市华虹电子有限公司,5,AA
136865,16新燃01,新奥(中国)燃气投资有限公司,3,AAA
136866,16汇丰02,山东汇丰石化集团有限公司,5,AA
136867,16歌山01,歌山控股集团有限公司,3,AA
136868,16开元01,开元旅业集团有限公司,3,AA
136869,16广核01,中国广核集团有限公司,10,AAA
136870,16中关02,中关村发展集团股份有限公司,5,AAA
136871,16玉皇04,山东玉皇化工有限公司,5,AA
136872,16豫投债,河南投资集团有限公司,5,AAA
136875,16华晨01,华晨电力股份公司,3,AA+
136877,16合盛01,合盛硅业股份有限公司,5,AA
136879,16国电资,国电资本控股有限公司,3,AAA
136880,16恒信01,湖北恒信德龙实业有限公司,5,AA
136881,17甬开投,宁波开发投资集团有限公司,5,AAA
136882,16科发01,绵阳科技城发展投资(集团)有限公司,5,AA
136883,16金工01,江苏省金陵建工集团有限公司,5,AA
136884,16联讯01,粤开证券股份有限公司,3,AA
136885,起航06优,招商证券资产管理有限公司,1,nan
136886,16南翔03,安徽省南翔贸易(集团)有限公司,5,AA
136887,17沪资01,上海国际集团资产管理有限公司,5,AAA
136888,17中材01,中国中材股份有限公司,5,AAA
136889,17华阳01,中国华阳经贸集团有限公司,5,AA
136892,17北汽01,北京汽车投资有限公司,7,AAA
136893,17泰达债,天津泰达投资控股有限公司,5,AAA
136894,17黄河01,陕西黄河矿业(集团)有限责任公司,5,AA
136895,17中信G1,中信证券股份有限公司,3,AAA
136896,17中信G2,中信证券股份有限公司,5,AAA
136897,17绿原01,新疆绿原国有资本投资运营有限公司,5,AA
136898,17蚌投01,蚌埠投资集团有限公司,5,AA
136901,18海航Y5,海南航空控股股份有限公司,nan,AAA
136902,18铁工Y6,中国中铁股份有限公司,nan,AAA
136903,18铁工Y7,中国中铁股份有限公司,nan,AAA
136904,熙悦6A2,招商证券资产管理有限公司,2.08,AAA
136905,18津保Y1,天津保税区投资控股集团有限公司,nan,AAA
136906,熙悦6A4,招商证券资产管理有限公司,2.83,AAA
136907,18建三Y1,中建三局集团有限公司,nan,AAA
136908,链融55A1,中信证券股份有限公司,0.96,nan
136909,国链34A1,国信证券股份有限公司,0.96,nan
136910,18航租Y1,中航国际融资租赁有限公司,nan,AAA
136911,惠和13A,国信证券股份有限公司,0.98,nan
136912,18路建Y1,中交路桥建设有限公司,nan,AAA
136913,G18京Y3,北京市基础设施投资有限公司,nan,AAA
136914,G18京Y4,北京市基础设施投资有限公司,nan,AAA
136915,18中大Y1,物产中大集团股份有限公司,nan,AAA
136916,18中公Y2,中交一公局集团有限公司,nan,AAA
136917,18蒙电Y1,内蒙古蒙电华能热电股份有限公司,nan,AAA
136918,18蒙电Y2,内蒙古蒙电华能热电股份有限公司,nan,AAA
136919,18三峡Y1,重庆三峡融资担保集团股份有限公司,nan,AAA
136921,18铁工Y3,中国中铁股份有限公司,nan,AAA
136922,18铁工Y4,中国中铁股份有限公司,nan,AAA
136923,18特变Y3,特变电工股份有限公司,nan,AAA
136924,18铁工Y1,中国中铁股份有限公司,nan,AAA
136925,18铁工Y2,中国中铁股份有限公司,nan,AAA
136926,18方程Y1,中建方程投资发展集团有限公司,nan,AAA
136928,18联投Y1,湖北省联合发展投资集团有限公司,nan,AAA
136929,恒煦05A1,中信证券股份有限公司,0.98,nan
136930,徐保1A1,国金证券股份有限公司,1,AAA
136931,18滇建Y2,云南省建设投资控股集团有限公司,nan,AAA
136932,18中化Y5,中国中化股份有限公司,nan,AAA
136933,18中化Y6,中国中化股份有限公司,nan,AAA
136934,18海航Y4,海南航空控股股份有限公司,nan,AAA
136935,G18XHY1,新华水力发电有限公司,nan,AAA
136936,18CHNG3Y,中国华能集团有限公司,nan,AAA
136937,18CHNG4Y,中国华能集团有限公司,nan,AAA
136938,18CHNG1Y,中国华能集团有限公司,nan,AAA
136939,18CHNG2Y,中国华能集团有限公司,nan,AAA
136941,金旅1A2,平安证券股份有限公司,1.44,nan
136942,18青城Y2,青岛城市建设投资(集团)有限责任公司,nan,AAA
136943,18大唐Y5,中国大唐集团有限公司,nan,AAA
136944,18大唐Y4,中国大唐集团有限公司,nan,AAA
136945,18大唐Y3,中国大唐集团有限公司,nan,AAA
136946,18海航Y3,海南航空控股股份有限公司,nan,AAA
136947,18建材Y5,中国建材股份有限公司,nan,AAA
136948,18建材Y6,中国建材股份有限公司,nan,AAA
136949,18中化Y3,中国中化股份有限公司,nan,AAA
136950,18中化Y4,中国中化股份有限公司,nan,AAA
136951,18紫金Y1,紫金矿业集团股份有限公司,nan,AAA
136952,18中公Y1,中交一公局集团有限公司,nan,AAA
136953,18风电Y1,中广核风电有限公司,nan,AAA
136954,18风电Y2,中广核风电有限公司,nan,AAA
136955,18沪建Y3,上海建工集团股份有限公司,nan,AAA
136956,18海航Y2,海南航空控股股份有限公司,nan,AAA
136957,18大唐Y1,中国大唐集团有限公司,nan,AAA
136959,18中交Y1,中交第一航务工程局有限公司,nan,AAA
136960,18海航Y1,海南航空控股股份有限公司,nan,AAA
136961,18中化Y1,中国中化股份有限公司,nan,AAA
136962,18中化Y2,中国中化股份有限公司,nan,AAA
136963,G18京Y1,北京市基础设施投资有限公司,nan,AAA
136965,18新金Y2,新疆金融投资(集团)有限责任公司,nan,AAA
136966,18建集Y2,厦门建发集团有限公司,nan,AAA
136967,潮鸣2优,银河金汇证券资产管理有限公司,0.96,nan
136968,18新际Y5,新兴际华集团有限公司,nan,AAA
136969,22融惠1A,平安证券股份有限公司,0.96,AAA
136970,17沪建Y1,上海建工集团股份有限公司,nan,AAA
136972,17中冶Y3,中国冶金科工股份有限公司,nan,AAA
136974,17中工Y1,中铝国际工程股份有限公司,nan,AAA
136976,17苏建01,江苏省建工集团有限公司,5,AA
136977,17中材02,中国中材股份有限公司,5,AAA
136978,17迪信01,北京迪信通商贸股份有限公司,3,AA
136979,17鑫海01,山东鑫海科技股份有限公司,5,AA
136980,17申证01,申万宏源证券有限公司,5,AAA
136981,17申证02,申万宏源证券有限公司,7,AAA
136982,17金红01,金红叶纸业集团有限公司,2,AA
136983,17晋电01,山西国际电力集团有限公司,5,AA+
136984,17银鹰01,山东银鹰化纤有限公司,5,AA
136985,17黄金债,赤峰吉隆黄金矿业股份有限公司,5,AA+
136986,17中山01,中山证券有限责任公司,3,AA
136987,17中冶Y1,中国冶金科工股份有限公司,nan,AAA
136989,17锡投Y1,无锡产业发展集团有限公司,nan,AAA
136991,G16北Y1,北控水务(中国)投资有限公司,nan,AAA
136992,16葛洲Y3,中国葛洲坝集团股份有限公司,5,AAA
136993,16葛洲Y4,中国葛洲坝集团股份有限公司,3,AAA
136994,16葛洲Y1,中国葛洲坝集团股份有限公司,nan,AAA
136995,16葛洲Y2,中国葛洲坝集团股份有限公司,nan,AAA
136996,16电投Y1,国家电力投资集团有限公司,nan,AAA
136997,16铁建Y1,中国铁建股份有限公司,nan,AAA
136998,16金茂Y1,上海金茂投资管理集团有限公司,nan,AAA
136999,16浙交Y1,浙江省交通投资集团有限公司,5,AAA
137500,22格力K1,珠海格力集团有限公司,3,nan
137501,20中荣1A,第一创业证券股份有限公司,1,nan
137502,22西南01,西南证券股份有限公司,3,AAA
137503,20瑞链04,工银瑞信投资管理有限公司,0.98,AAA
137504,国链27A1,国信证券股份有限公司,0.98,AAA
137505,南祺02优,中信证券股份有限公司,0.88,nan
137506,22津投15,天津城市基础设施建设投资集团有限公司,2,AAA
137507,20睿成04,工银瑞信投资管理有限公司,0.98,nan
137510,22产融03,中航工业产融控股股份有限公司,3,AAA
137512,20捷美2A,申港证券股份有限公司,0.96,nan
137513,22华福G3,华福证券有限责任公司,3,AAA
137514,22华福G4,华福证券股份有限公司,5,AAA
137516,GK苏投01,江苏高科技投资集团有限公司,5,nan
137517,22宁证01,南京证券股份有限公司,1.1,AAA
137520,22京发02,京投发展股份有限公司,3,AAA
137523,中宏3优1,华泰证券(上海)资产管理有限公司,1.22,nan
137525,G22HXY2,华电新能源集团股份有限公司,nan,AAA
137526,龙高1A1,平安证券股份有限公司,1,nan
137527,22安租17,平安国际融资租赁有限公司,4,nan
137528,国链28A1,国信证券股份有限公司,0.97,AAA
137529,滨江1优,中信证券股份有限公司,0.98,nan
137530,22吴发G2,江苏省吴中经济技术发展集团有限公司,3,nan
137531,20合生A,长城证券股份有限公司,0.98,nan
137533,臻林01A1,华融证券股份有限公司,1.41,nan
137534,臻林01A2,华融证券股份有限公司,1.41,nan
137535,22能建01,中国能源建设股份有限公司,3,nan
137536,链融37A1,中信证券股份有限公司,0.98,nan
137537,逸锟16A1,平安证券股份有限公司,1,AAA
137538,22中财G4,中国中金财富证券有限公司,5,AAA
137539,20星顺05,华创证券有限责任公司,0.99,nan
137540,鹏举07优,平安证券股份有限公司,1,nan
137541,22华证01,华宝证券股份有限公司,3,AA+
137544,20乐雅3A,平安证券股份有限公司,0.96,nan
137545,22华新02,华新建材集团股份有限公司,5,nan
137547,22东证01,东方证券股份有限公司,3,AAA
137548,惠安12A1,深圳平安汇通投资管理有限公司,0.91,AAA
137549,惠安12A2,深圳平安汇通投资管理有限公司,2.16,AAA
137550,惠安12A3,深圳平安汇通投资管理有限公司,2.99,AAA
137552,声信01优,中山证券有限责任公司,1,AAA
137553,22金港03,张家港保税区金港资产经营集团有限公司,3,nan
137554,22金港04,张家港保税区金港资产经营集团有限公司,5,nan
137555,22海通04,海通证券股份有限公司,3,AAA
137556,22吴城G3,苏州市吴中城市建设投资集团有限公司,3,nan
137557,旭日09A,长城证券股份有限公司,1,nan
137558,22丰港02,江苏盐城港大丰港开发集团有限公司,5,nan
137559,中梁1优,长城证券股份有限公司,0.96,nan
137560,22环保Y2,北京首创生态环保集团股份有限公司,nan,AAA
137561,22成交02,成都交通投资集团有限公司,10,AAA
137562,光联03优,上海光大证券资产管理有限公司,0.99,nan
137563,21路劲A,华金证券股份有限公司,11.84,nan
137564,21路劲B,华金证券股份有限公司,11.84,nan
137565,22鲁高04,山东高速集团有限公司,10,AAA
137566,融茂优A,南方资本管理有限公司,12,AAA
137567,融茂优B,南方资本管理有限公司,12,AAA
137568,22津投16,天津城市基础设施建设投资集团有限公司,2,AAA
137569,21合信07,招商证券资产管理有限公司,0.98,nan
137570,玄武2优,华鑫证券有限责任公司,1,nan
137571,22鲁资07,山东省国有资产投资控股有限公司,3,nan
137573,桂语8A1,平安证券股份有限公司,0.96,nan
137574,GC核融02,中核融资租赁有限公司,5,AAA
137577,惠安13A3,深圳平安汇通投资管理有限公司,3.04,nan
137578,22狮桥02,狮桥融资租赁(中国)有限公司,2,AA+
137579,广开01优,粤开证券股份有限公司,2.93,nan
137581,元熹7优1,南方资本管理有限公司,0.98,nan
137582,22津投18,天津城市基础设施建设投资集团有限公司,2,AAA
137584,狮桥28A2,中信证券股份有限公司,1.96,AA+
137585,狮桥28C,中信证券股份有限公司,2.96,nan
137586,永熙优34,南方资本管理有限公司,0.96,AAA
137587,链融38A1,中信证券股份有限公司,0.96,nan
137588,海诺2优1,平安证券股份有限公司,0.98,nan
137589,22穗投02,广州产业投资控股集团有限公司,3,AAA
137590,荟享051A,中信证券股份有限公司,1,nan
137592,荟享051C,中信证券股份有限公司,1,nan
137594,澜悦02A2,华融证券股份有限公司,1.15,nan
137596,22宁德02,宁德市国有资产投资经营集团有限公司,5,nan
137597,天著优11,中信建投证券股份有限公司,1,nan
137598,22安控03,厦门安居控股集团有限公司,3,nan
137599,美满01A,五矿证券有限公司,1,nan
137600,美满01B,五矿证券有限公司,1,nan
137601,22建发Y4,厦门建发股份有限公司,nan,AAA
137602,睿思03A,长城证券股份有限公司,0.96,nan
137603,22上建Y1,上海基础设施建设发展(集团)有限公司,nan,AA+
137605,22浦土01,上海浦东土地控股(集团)有限公司,5,AAA
137606,旭日10A,长城证券股份有限公司,0.99,nan
137607,22甬城04,宁波城建投资集团有限公司,10,AAA
137609,21业达1B,兴证证券资产管理有限公司,3.74,nan
137611,致远11优,平安证券股份有限公司,1,nan
137612,22平煤债,平顶山天安煤业股份有限公司,5,AAA
137613,武城镇01,华融证券股份有限公司,0.05,nan
137614,武城镇02,华融证券股份有限公司,1.01,nan
137615,武城镇03,国新证券股份有限公司,1.99,nan
137616,22信地03,信达地产股份有限公司,5,AA+
137618,度小满2B,南方资本管理有限公司,1.93,nan
137620,度小满2D,南方资本管理有限公司,1.93,nan
137621,22皋通G3,如皋市交通产业集团有限公司,5,nan
137622,荟享054A,中信证券股份有限公司,1,nan
137623,荟享054B,中信证券股份有限公司,1,nan
137626,紫薇1A1,平安证券股份有限公司,1,nan
137627,22三投03,三门峡市投资集团有限公司,3,nan
137632,永熙优35,南方资本管理有限公司,0.94,AAA
137633,21重药A,招商财富资产管理有限公司,1.8,AAA
137634,21重药B,招商财富资产管理有限公司,1.8,AA+
137635,21重药次,招商财富资产管理有限公司,1.8,nan
137636,睿思04A,长城证券股份有限公司,0.94,nan
137637,22龙盛01,浙江龙盛集团股份有限公司,2,AAA
137639,惠安14A2,深圳平安汇通投资管理有限公司,2.25,AAA
137641,22宜兴02,宜兴市城市发展投资有限公司,7,nan
137642,CM03优,招商证券资产管理有限公司,1,nan
137644,21新源1A,五矿证券有限公司,1.96,nan
137646,22苏金K1,苏州金合盛控股有限公司,5,AAA
137647,21弘基1A,中信建投证券股份有限公司,0.92,nan
137650,22银河G3,中国银河证券股份有限公司,5,AAA
137651,21瑞链05,工银瑞信投资管理有限公司,0.98,AAA
137652,佳尾2A2,中山证券有限责任公司,1.05,AAA
137653,佳尾2B2,中山证券有限责任公司,1.05,AA+
137654,22招证G4,招商证券股份有限公司,3,AAA
137655,仟金顶1A,平安证券股份有限公司,1,nan
137656,22平证06,平安证券股份有限公司,3,AAA
137657,中铁8优A,中国国际金融股份有限公司,1,nan
137659,22广越03,广州越秀集团股份有限公司,5,AAA
137660,21大悦优,工银瑞信投资管理有限公司,2,AAA
137661,22环球04,中国环球租赁有限公司,5,nan
137662,21合信08,招商证券资产管理有限公司,0.99,nan
137663,辉润02A,长城证券股份有限公司,1,nan
137664,22芜建02,芜湖市投资控股集团有限公司,3,nan
137665,东桥1优,广发证券资产管理(广东)有限公司,0.48,nan
137666,22华泰G2,华泰证券股份有限公司,2,AAA
137668,22远东八,远东国际融资租赁有限公司,4,AAA
137669,瑞新24A1,平安证券股份有限公司,0.92,nan
137670,瑞新25A1,平安证券股份有限公司,0.92,nan
137671,20乐雅4A,平安证券股份有限公司,0.84,nan
137672,22淮建投,淮北市建投控股集团有限公司,5,AA+
137673,21融惠2A,平安证券股份有限公司,0.99,nan
137674,22杭旅01,杭州市商贸旅游集团有限公司,3,AAA
137675,南链优12,南方资本管理有限公司,0.98,nan
137676,天马1优,上海国泰君安证券资产管理有限公司,0.71,nan
137677,惠和01A,国信证券股份有限公司,0.98,AAA
137678,安路通7A,招商证券资产管理有限公司,0.93,nan
137679,安路通7B,招商证券资产管理有限公司,0.96,nan
137683,21弘基2A,中信建投证券股份有限公司,0.9,AAA
137685,22广物01,广东省广物控股集团有限公司,5,AAA
137686,21泛悦优,建信资本管理有限责任公司,11.42,nan
137687,22国创G1,苏州国发创业投资控股有限公司,3,AAA
137688,国链30A1,国信证券股份有限公司,0.98,AAA
137689,国链29A1,国信证券股份有限公司,0.98,AAA
137691,21合信09,招商证券资产管理有限公司,0.98,nan
137693,22光证G3,光大证券股份有限公司,3,AAA
137694,平阳A1,万家共赢资产管理有限公司,1.18,nan
137695,平阳A2,万家共赢资产管理有限公司,2.18,nan
137696,22滨江G2,南京滨江投资发展有限公司,5,nan
137697,东裕01A,东方汇智资产管理有限公司,0.98,nan
137698,22铁发K2,山东铁路发展基金有限公司,7,nan
137699,绿金15A1,平安证券股份有限公司,0.98,nan
137700,21如樾1A,平安证券股份有限公司,1,nan
137701,22宁证02,南京证券股份有限公司,2,AAA
137702,招慧12A,招商证券资产管理有限公司,0.88,AAA
137703,22蓉产K2,成都产业投资集团有限公司,5,AAA
137704,天淇7A,天风(上海)证券资产管理有限公司,2,nan
137705,天淇7B,天风(上海)证券资产管理有限公司,2,nan
137706,天淇7C,天风(上海)证券资产管理有限公司,2,nan
137707,22开源02,开源证券股份有限公司,3,nan
137708,CM04优,招商证券资产管理有限公司,1,nan
137709,诚意5A1,华能贵诚信托有限公司,0.97,nan
137710,21合信10,招商证券资产管理有限公司,0.97,AAA
137711,21祥云A,长城证券股份有限公司,1.5,nan
137713,GC浦建01,上海浦东建设股份有限公司,5,nan
137714,链融39A1,中信证券股份有限公司,0.98,nan
137715,东台A1,万家共赢资产管理有限公司,0.71,nan
137716,东台A2,万家共赢资产管理有限公司,1.71,nan
137717,东台A3,万家共赢资产管理有限公司,2.71,nan
137718,22华资Y4,中国华电集团产融控股有限公司,nan,AAA
137719,自贸1A1,平安证券股份有限公司,14.9,nan
137720,22洪政05,南昌市政公用集团有限公司,5,nan
137722,G22天成8,华能天成融资租赁有限公司,3,AAA
137723,绿金16A1,平安证券股份有限公司,0.97,nan
137724,链融40A1,中信证券股份有限公司,0.97,nan
137725,致远13优,平安证券股份有限公司,0.98,nan
137726,G22HXY3,华电新能源集团股份有限公司,nan,AAA
137727,致远12优,平安证券股份有限公司,0.98,nan
137728,22首股04,北京首都开发股份有限公司,5,AAA
137729,致远8优,平安证券股份有限公司,0.98,nan
137730,22特电Y1,新疆特变电工集团有限公司,nan,AA+
137732,惠安15A2,深圳平安汇通投资管理有限公司,2.21,AAA
137733,惠安15A3,深圳平安汇通投资管理有限公司,3.05,AAA
137734,22抚州04,抚州市市属国有资产投资控股集团有限公司,5,nan
137735,海诺3优1,平安证券股份有限公司,0.98,nan
137736,22中财G6,中国中金财富证券有限公司,5,AAA
137737,链融41A1,中信证券股份有限公司,0.96,nan
137739,22科发01,绵阳科技城发展投资(集团)有限公司,3,AA
137740,悦盈2优,华泰证券(上海)资产管理有限公司,0.91,nan
137741,坪南1A1,长江证券(上海)资产管理有限公司,1,nan
137742,22河西03,南京市河西新城区国有资产经营控股(集团)有限责任公司,3,AAA
137743,兴邦1A,华龙证券股份有限公司,1,nan
137744,22上证02,上海证券有限责任公司,3,AAA
137745,创汇01A1,德邦证券资产管理有限公司,0.29,nan
137746,创汇01A2,德邦证券资产管理有限公司,0.73,nan
137747,创汇01B,德邦证券资产管理有限公司,0.73,nan
137748,21元顺1A,中信证券股份有限公司,0.97,nan
137749,22高科K1,武汉高科国有控股集团有限公司,10,AA+
137750,惠毓1A,国联证券股份有限公司,2,nan
137751,惠毓1B,国联证券股份有限公司,2,nan
137752,惠毓1C,国联证券股份有限公司,2,nan
137753,22HDGJY3,华电国际电力股份有限公司,nan,AAA
137754,21绍兴A1,上海金元百利资产管理有限公司,1,nan
137755,21绍兴A2,上海金元百利资产管理有限公司,2,nan
137756,21绍兴A3,上海金元百利资产管理有限公司,3,nan
137757,22长水01,长沙水业集团有限公司,5,AAA
137759,22国联G1,无锡市国联发展(集团)有限公司,5,nan
137762,链融42A1,中信证券股份有限公司,0.96,nan
137763,罗高1A1,平安证券股份有限公司,1,nan
137764,22豫通01,河南交通投资集团有限公司,5,AAA
137765,南链优13,南方资本管理有限公司,0.96,nan
137766,美满02A,五矿证券有限公司,1,nan
137767,美满02B,五矿证券有限公司,1,nan
137768,22银河G4,中国银河证券股份有限公司,3,AAA
137769,21深担1A,工银瑞信投资管理有限公司,0.78,AAA
137771,铁建Y08,平安证券股份有限公司,2,nan
137772,22交投Y2,中交投资有限公司,nan,AAA
137773,21高港A1,上海金元百利资产管理有限公司,1,nan
137775,21高港A3,上海金元百利资产管理有限公司,3,nan
137777,平新01优,平安证券股份有限公司,1,nan
137778,22渝高01,重庆高速公路集团有限公司,5,AAA
137779,成建01优,中信证券股份有限公司,2.8,nan
137780,成建01次,中信证券股份有限公司,2.8,nan
137781,惠安16A1,深圳平安汇通投资管理有限公司,0.97,AAA
137782,惠安16A2,深圳平安汇通投资管理有限公司,2.13,AAA
137783,惠安16A3,深圳平安汇通投资管理有限公司,2.97,AAA
137784,22鲁创K1,鲁信创业投资集团股份有限公司,10,AAA
137785,漳龙1优,平安证券股份有限公司,0.89,nan
137787,汇裕3优,深圳平安汇通投资管理有限公司,0.94,nan
137788,22星发02,长沙县星城发展集团有限公司,5,nan
137789,汇宇1A3,中信建投证券股份有限公司,0.98,nan
137790,22海兴G3,盐城市海兴集团有限公司,5,AA+
137791,东五5优A,中信证券股份有限公司,2,nan
137792,东五5优B,中信证券股份有限公司,2,nan
137793,东五5中,中信证券股份有限公司,2,nan
137794,东五5次,中信证券股份有限公司,2,nan
137795,荟享053A,中信证券股份有限公司,1,nan
137796,荟享053B,中信证券股份有限公司,1,nan
137798,21申弘1A,申港证券股份有限公司,0.96,nan
137799,22海通05,海通证券股份有限公司,3,AAA
137800,21印力A,南方资本管理有限公司,18.01,nan
137801,GC风电01,中节能风力发电股份有限公司,5,AA+
137802,荣耀11A,长城证券股份有限公司,0.98,nan
137803,22平证08,平安证券股份有限公司,3,AAA
137804,21润厦优,中国国际金融股份有限公司,11.8,AAA
137805,22招金02,招金矿业股份有限公司,5,nan
137806,金安A1,深圳平安汇通投资管理有限公司,17.97,nan
137809,宝高1A1,平安证券股份有限公司,1,AAA
137810,22福瑞Y1,福建华电福瑞能源发展有限公司,nan,AAA
137811,安裕2优,平安证券股份有限公司,0.88,AAA
137812,22粤港04,广州港股份有限公司,3,AAA
137813,越微04A1,中信证券股份有限公司,0.94,nan
137814,越微04A2,中信证券股份有限公司,1.93,nan
137815,越微04A3,中信证券股份有限公司,2.68,nan
137816,22江铜01,江西铜业股份有限公司,3,AAA
137817,东四6优A,华泰证券(上海)资产管理有限公司,2,nan
137818,东四6优B,华泰证券(上海)资产管理有限公司,2,nan
137819,东四6中,华泰证券(上海)资产管理有限公司,2,nan
137820,东四6次,华泰证券(上海)资产管理有限公司,2,nan
137821,惠安17A1,深圳平安汇通投资管理有限公司,1.02,AAA
137822,惠安17A2,深圳平安汇通投资管理有限公司,2.28,AAA
137823,惠安17A3,深圳平安汇通投资管理有限公司,3.03,AAA
137824,22淮安04,淮安开发控股有限公司,3,nan
137825,国保3A01,上海浦银安盛资产管理有限公司,0.6,nan
137826,国保3A02,上海浦银安盛资产管理有限公司,1.59,nan
137827,国保3A03,上海浦银安盛资产管理有限公司,2.59,nan
137828,22张公G4,张家港市国有资本投资集团有限公司,3,nan
137829,21满易1A,国联证券股份有限公司,2.01,nan
137830,21满易1B,国联证券股份有限公司,2.01,nan
137831,21满易1C,国联证券股份有限公司,2.01,nan
137832,22建工Y6,北京建工集团有限责任公司,nan,AAA
137834,22津投26,天津城市基础设施建设投资集团有限公司,2,AAA
137835,东裕02A,东方汇智资产管理有限公司,0.99,nan
137836,22二航Y1,中交第二航务工程局有限公司,nan,AAA
137837,国新04A1,中信证券股份有限公司,0.36,nan
137840,汇宇1A4,中信建投证券股份有限公司,0.98,nan
137841,22温岭02,温岭市国有资产投资集团有限公司,5,nan
137842,21中海3A,中信证券股份有限公司,18.01,nan
137843,22首钢01,首钢集团有限公司,3,AAA
137844,阳光2优,国金证券股份有限公司,17.62,nan
137845,22海租03,海发宝诚融资租赁有限公司,3,nan
137848,22兵国01,新疆生产建设兵团国有资产经营有限责任公司,5,nan
137849,奥盈02优,平安证券股份有限公司,0.93,nan
137850,22财信01,湖南财信金融控股集团有限公司,5,AAA
137851,21申弘2A,申港证券股份有限公司,0.97,nan
137852,G诚通K02,中国诚通控股集团有限公司,10,AAA
137855,21溧阳A1,上海金元百利资产管理有限公司,1,AAA
137856,21溧阳A2,上海金元百利资产管理有限公司,2,AAA
137857,21溧阳A3,上海金元百利资产管理有限公司,3,AAA
137858,葛洲YK02,中国葛洲坝集团有限公司,nan,AAA
137859,狮桥29A1,中信证券股份有限公司,1.76,nan
137860,狮桥29A2,中信证券股份有限公司,2.26,nan
137861,狮桥29C,中信证券股份有限公司,2.76,nan
137862,22国联G2,无锡市国联发展(集团)有限公司,3,nan
137863,22海晟G2,江苏海晟控股集团有限公司,3,nan
137864,交润01A1,中国国际金融股份有限公司,1.3,nan
137866,22交Y10,中国交通建设股份有限公司,nan,AAA
137867,22交Y9,中国交通建设股份有限公司,nan,AAA
137868,23华电01,中国华电集团有限公司,3,nan
137869,度小满3A,南方资本管理有限公司,1.16,AAA
137870,度小满3B,南方资本管理有限公司,1.24,AA+
137872,度小满3D,南方资本管理有限公司,1.24,BBB-
137873,22首股05,北京首都开发股份有限公司,5,nan
137874,惠毓2A,国联证券股份有限公司,1.25,nan
137875,惠毓2B,国联证券股份有限公司,1.25,nan
137876,惠毓2C,国联证券股份有限公司,1.25,nan
137878,21佳01优,中山证券有限责任公司,2,nan
137879,22津投28,天津城市基础设施建设投资集团有限公司,1.02,AAA
137880,21中交A,五矿证券有限公司,2,nan
137881,21中交B,五矿证券有限公司,2,nan
137882,22华租Y1,华电融资租赁有限公司,nan,AAA
137883,象屿3A1,平安证券股份有限公司,0.95,nan
137884,22动能K1,山东省新动能基金管理有限公司,5,AAA
137885,徐矿23A,国金证券股份有限公司,0.63,nan
137886,东六1优A,中信证券股份有限公司,2,nan
137888,东六1中,中信证券股份有限公司,2,nan
137890,G龙源2A,龙源电力集团股份有限公司,2.16,nan
137891,链融43A1,中信证券股份有限公司,0.96,nan
137892,广物01优,平安证券股份有限公司,2.49,nan
137895,瑞新26A1,平安证券股份有限公司,0.98,nan
137896,22陕资01,陕西金融资产管理股份有限公司,5,AAA
137897,20凯京1A,天风(上海)证券资产管理有限公司,0.91,nan
137898,20凯京1B,天风(上海)证券资产管理有限公司,1.24,nan
137899,22控租01,国耀融汇融资租赁有限公司,3,AAA
137900,21晶耀优,西部证券股份有限公司,11.66,nan
137901,22信保Y2,江苏省信用再担保集团有限公司,nan,AAA
137902,21阳光优,鑫沅资产管理有限公司,1,AA+
137903,22津投29,天津城市基础设施建设投资集团有限公司,1.02,AAA
137904,鼎诚1A,首创证券股份有限公司,2.03,nan
137905,鼎诚1B,首创证券股份有限公司,2.03,nan
137906,鼎诚1C,首创证券股份有限公司,2.03,nan
137907,鼎诚1D,首创证券股份有限公司,2.03,nan
137908,22国房01,厦门国贸房地产有限公司,3,AAA
137911,惠安18A3,深圳平安汇通投资管理有限公司,2.98,AAA
137912,22铁工Y3,中国中铁股份有限公司,nan,AAA
137913,合景9A1,平安证券股份有限公司,0.72,nan
137914,22国丰Y7,烟台国丰投资控股集团有限公司,nan,AAA
137915,21泰富优,国信证券股份有限公司,18.01,AAA
137916,22西电一,中国西电集团有限公司,3,AAA
137918,22渤海01,渤海证券股份有限公司,3,AAA
137919,东二4优A,中信建投证券股份有限公司,2,nan
137920,东二4优B,中信建投证券股份有限公司,2,nan
137922,东二4次,中信建投证券股份有限公司,2,nan
137924,GC华租01,华电融资租赁有限公司,3,AAA
137925,万科19优,中信证券股份有限公司,1.01,nan
137926,22智光G3,泰兴市智光环保科技有限公司,3,AA+
137927,安裕3优,平安证券股份有限公司,1,nan
137928,天铭优03,中信建投证券股份有限公司,1,nan
137929,22东兴G4,东兴证券股份有限公司,1.02,AAA
137930,惠毓3A,国联证券股份有限公司,2,AAA
137931,惠毓3B,国联证券股份有限公司,2,AA+
137932,惠毓3C,国联证券股份有限公司,2,A+
137933,22衢资03,衢州市国有资本运营有限公司,5,nan
137934,鹏程10A1,万和证券股份有限公司,0.95,nan
137936,东六2优A,太平洋证券股份有限公司,2,nan
137937,东六2优B,太平洋证券股份有限公司,2,nan
137938,东六2中,太平洋证券股份有限公司,2,nan
137941,美满03B,五矿证券有限公司,1,nan
137942,美满03次,五矿证券有限公司,1.7,nan
137943,21融惠3A,平安证券股份有限公司,1,nan
137944,22沪城01,上海城建(集团)有限公司,5,AAA
137945,科租3A,长城嘉信资产管理有限公司,0.99,nan
137946,20乐雅5A,平安证券股份有限公司,0.89,nan
137947,22交投G2,中交投资有限公司,5,nan
137948,科租3B,长城嘉信资产管理有限公司,2.49,nan
137949,22唐租G1,大唐融资租赁有限公司,3,nan
137950,万科20优,国信证券股份有限公司,1.02,nan
137952,建银6优A,中山证券有限责任公司,0.99,nan
137953,22富通01,富通集团有限公司,2,nan
137954,惠安19A1,深圳平安汇通投资管理有限公司,0.99,nan
137960,22洪轨03,南昌轨道交通集团有限公司,3,AAA
137961,惠和03A,国信证券股份有限公司,0.98,AAA
137962,南链优15,南方资本管理有限公司,0.98,nan
137963,狮桥30A1,中信证券股份有限公司,1.85,nan
137964,狮桥30A2,中信证券股份有限公司,2.34,nan
137966,21满易2A,国联证券股份有限公司,1.22,AAA
137967,21满易2B,国联证券股份有限公司,1.22,AA+
137968,21满易2C,国联证券股份有限公司,1.22,AA
137969,21满易2D,国联证券股份有限公司,1.22,BBB+
137970,22锡建G2,无锡市建设发展投资有限公司,10,AAA
137971,天星01优,中信证券股份有限公司,0.8,nan
137972,天星01次,中信证券股份有限公司,0.8,nan
137974,萧城投02,中山证券有限责任公司,2.06,AAA
137975,萧城投03,中山证券有限责任公司,3.06,AAA
137976,萧城投04,中山证券有限责任公司,4.06,AAA
137977,萧城投05,中山证券有限责任公司,5.06,AAA
137978,22苏国01,苏州高新国有资产经营管理集团有限公司,3,nan
137979,21越01A1,中信证券股份有限公司,0.9,nan
137981,21越01A3,中信证券股份有限公司,2.65,nan
137982,21越01A4,中信证券股份有限公司,3.65,nan
137983,22丰港04,江苏盐城港大丰港开发集团有限公司,5,nan
137984,H1金优01,申万菱信(上海)资产管理有限公司,18.06,nan
137985,22汾湖G1,苏州汾湖投资集团有限公司,3,nan
137986,重药03A,招商财富资产管理有限公司,1.92,AAA
137987,重药03B,招商财富资产管理有限公司,1.92,AA+
137988,重药03次,招商财富资产管理有限公司,1.92,nan
137989,创恒04A,中信证券股份有限公司,1,AAA
137990,22泉城01,泉州城建集团有限公司,3,nan
137991,济建1优,上海国泰君安证券资产管理有限公司,1.34,nan
137992,22河西06,南京市河西新城区国有资产经营控股(集团)有限责任公司,10,AAA
137993,21即墨A1,申港证券股份有限公司,1,nan
137994,21即墨A2,申港证券股份有限公司,2,nan
137995,21即墨A3,申港证券股份有限公司,3,nan
137996,22青信04,青岛国信发展(集团)有限责任公司,3,AAA
137998,越汇01B,上海国泰君安证券资产管理有限公司,2.03,AA+
137999,越汇01C,上海国泰君安证券资产管理有限公司,2.03,A
138501,天淇3B,天风证券股份有限公司,2,nan
138502,天淇3C,天风证券股份有限公司,2,nan
138503,22国投K3,国家开发投资集团有限公司,3,nan
138504,牟中优A1,山西证券股份有限公司,0.9,nan
138505,牟中优A2,山西证券股份有限公司,1.9,nan
138506,牟中优A3,山西证券股份有限公司,2.9,nan
138508,小淀A1,天风证券股份有限公司,0.72,nan
138509,小淀A2,天风证券股份有限公司,1.72,nan
138510,小淀A3,天风证券股份有限公司,2.72,nan
138512,奥发07优,平安证券股份有限公司,1,nan
138514,元熹5优1,南方资本管理有限公司,0.99,AAA
138515,22沿海G1,南通沿海开发集团有限公司,5,AAA
138517,20车家B,天风证券股份有限公司,1.82,nan
138518,20车家C,天风证券股份有限公司,2.74,nan
138519,苏宁7A,华泰证券(上海)资产管理有限公司,1.04,nan
138520,22蓉投03,成都城建投资管理集团有限责任公司,5,nan
138521,东逸2A1,东亚前海证券有限责任公司,1.11,nan
138522,22京保03,北京保障房中心有限公司,25,nan
138523,金易04,中国国际金融股份有限公司,0.99,nan
138526,惠安2A3,深圳平安汇通投资管理有限公司,3.02,nan
138527,22海控Y2,青岛西海岸新区海洋控股集团有限公司,nan,AAA
138528,星河03A,南方资本管理有限公司,18.01,nan
138529,星河03B,南方资本管理有限公司,18.01,nan
138531,深担1A1,平安证券股份有限公司,0.35,nan
138532,22新投03,新疆投资发展(集团)有限责任公司,5,nan
138533,南高I1,中山证券有限责任公司,1,nan
138534,22津投30,天津城市基础设施建设投资集团有限公司,1.02,AAA
138535,20链雅9A,华金证券股份有限公司,1,nan
138536,22金城G2,张家港市金城投资发展集团有限公司,5,nan
138537,信捷17优,中信证券股份有限公司,0.88,nan
138538,22皖投02,安徽省投资集团控股有限公司,5,nan
138539,徐矿2A,国金证券股份有限公司,0.67,nan
138541,厚德01B,中信证券股份有限公司,1.08,nan
138542,厚德01C,中信证券股份有限公司,1.08,nan
138543,厚德01D,中信证券股份有限公司,1.99,nan
138545,22景控02,景德镇市国资运营投资控股集团有限责任公司,2,AA+
138547,狮桥JX2A,天风证券股份有限公司,1.61,nan
138550,聚量医A,红塔证券股份有限公司,2.05,nan
138553,厚德02A,中信证券股份有限公司,1.08,nan
138554,厚德02B,中信证券股份有限公司,1.08,nan
138555,厚德02C,中信证券股份有限公司,1.08,nan
138556,厚德02D,中信证券股份有限公司,1.99,nan
138557,阳欣02优,中山证券有限责任公司,1,AAA
138558,22浙商G5,浙江省浙商资产管理股份有限公司,5,nan
138560,国新01A2,中信证券股份有限公司,0.51,AAA
138561,国新01A3,中信证券股份有限公司,2.26,AAA
138562,22成大01,辽宁成大股份有限公司,3,AA+
138563,20华弘2A,华金证券股份有限公司,1,nan
138564,22陕煤Y6,陕西煤业化工集团有限责任公司,nan,AAA
138565,云能04优,平安证券股份有限公司,0.99,nan
138566,22国金G1,国金证券股份有限公司,3,AAA
138567,东道3优2,首创证券股份有限公司,1.05,nan
138568,东道3中2,首创证券股份有限公司,1.05,nan
138569,东道3次2,首创证券股份有限公司,1.05,nan
138571,红星5优,招商证券资产管理有限公司,0.96,nan
138572,22上证05,上海证券有限责任公司,3,AAA
138573,国保2A01,上海浦银安盛资产管理有限公司,0.78,nan
138575,国保2A03,上海浦银安盛资产管理有限公司,2.78,nan
138576,22安租22,平安国际融资租赁有限公司,2,nan
138578,苏小贷2B,德邦证券股份有限公司,1.5,nan
138579,鹏举05优,平安证券股份有限公司,1,nan
138581,微聚1A,天风证券股份有限公司,1.5,nan
138588,22交房02,中交房地产集团有限公司,3,AAA
138597,京东22B1,中信证券股份有限公司,1,nan
138598,京东22C1,中信证券股份有限公司,1,nan
138599,金融街优,平安证券股份有限公司,18.05,nan
138601,信农01A,中信证券股份有限公司,2.1,nan
138603,22常高G1,常高新集团有限公司,5,AAA
138604,创恒01A,中信证券股份有限公司,0.98,nan
138606,华联06优,华福证券有限责任公司,1,nan
138608,牟山湖A1,长城证券股份有限公司,0.43,nan
138609,牟山湖A2,长城证券股份有限公司,1.43,nan
138610,牟山湖A3,长城证券股份有限公司,2.43,nan
138611,22国投G2,国家开发投资集团有限公司,10,nan
138613,22HDGJY4,华电国际电力股份有限公司,nan,AAA
138614,20京基A,中信建投证券股份有限公司,12.01,nan
138616,22电YK01,中国电力建设股份有限公司,nan,AAA
138618,22国联G3,无锡市国联发展(集团)有限公司,3,nan
138619,滇中02优,天风证券股份有限公司,0.94,nan
138623,时联03优,平安证券股份有限公司,1.48,nan
138624,22国管02,北京国有资本运营管理有限公司,10,AAA
138627,惠安3A2,深圳平安汇通投资管理有限公司,2.25,nan
138630,国新02A1,上海浦银安盛资产管理有限公司,0.43,nan
138631,国新02A2,上海浦银安盛资产管理有限公司,2.43,nan
138633,海诺2A1,平安证券股份有限公司,1,nan
138634,22信投G5,中信建投证券股份有限公司,5,AAA
138635,20碧华A1,华西证券股份有限公司,3.01,AAA
138638,22延长Y1,陕西延长石油(集团)有限责任公司,nan,AAA
138640,20苏电A1,中信信托有限责任公司,0.42,nan
138641,20苏电A2,中信信托有限责任公司,1.42,nan
138646,22铁工Y5,中国中铁股份有限公司,nan,AAA
138647,20佳尾A,中山证券有限责任公司,1.03,nan
138652,20印力A,中信证券股份有限公司,18.01,nan
138653,昆建投优,招商证券资产管理有限公司,2,AAA
138657,22广越06,广州越秀集团股份有限公司,10,nan
138659,中宏2优2,华泰证券(上海)资产管理有限公司,2.4,nan
138660,22无锡G2,无锡市新发集团有限公司,5,nan
138663,东道03C1,中信证券股份有限公司,1.99,nan
138664,东道03D1,中信证券股份有限公司,1.99,nan
138665,永熙优24,南方资本管理有限公司,0.96,nan
138666,链雅10A,华金证券股份有限公司,1,nan
138667,22四师02,新疆可克达拉市国有资本投资运营有限责任公司,3,AA+
138670,20中集C,富安达资产管理(上海)有限公司,1.04,nan
138673,中交7优A,中国国际金融股份有限公司,1,nan
138677,22CHNG3Y,中国华能集团有限公司,nan,AAA
138678,创恒02A,中信证券股份有限公司,0.99,nan
138679,22华泰G8,华泰证券股份有限公司,2,AAA
138681,22铁一Y1,中铁一局集团有限公司,nan,AAA
138683,22津投33,天津城市基础设施建设投资集团有限公司,1.02,AAA
138685,22三局Y2,中交第三公路工程局有限公司,nan,AA+
138687,22延长Y3,陕西延长石油(集团)有限责任公司,nan,AAA
138691,东道04B1,中信证券股份有限公司,1,nan
138692,中联2A1,中信建投证券股份有限公司,0.99,AAA
138696,东道04D1,中信证券股份有限公司,1,nan
138700,越微02A2,中信证券股份有限公司,1.82,nan
138701,越微02A3,中信证券股份有限公司,2.81,nan
138702,22环球Y1,中国环球租赁有限公司,nan,AAA
138703,海诺3A1,平安证券股份有限公司,0.98,AAA
138704,22美置03,美的置业集团有限公司,4,AAA
138705,狮桥SG1A,中信证券股份有限公司,1.39,nan
138709,惠安4A2,深圳平安汇通投资管理有限公司,2.28,nan
138710,惠安4A3,深圳平安汇通投资管理有限公司,3.03,nan
138712,天著优09,中信建投证券股份有限公司,1,nan
138714,20荣发A,国融证券股份有限公司,1,nan
138716,20荣发C,国融证券股份有限公司,3,nan
138718,苏宁11A,华泰证券(上海)资产管理有限公司,1.03,nan
138720,永熙优25,南方资本管理有限公司,0.98,AAA
138721,20汇裕05,东方汇智资产管理有限公司,0.98,AAA
138723,信捷18优,中信证券股份有限公司,0.91,nan
138725,链雅11A,华金证券股份有限公司,1,nan
138726,22黔铁01,贵州铁路投资集团有限责任公司,5,AAA
138727,20开投1A,万联证券股份有限公司,17.93,nan
138728,20开投1B,万联证券股份有限公司,17.93,nan
138729,产融YK01,中航工业产融控股股份有限公司,nan,AAA
138732,荣耀05A,长城证券股份有限公司,0.99,nan
138733,22娄城G2,太仓娄城高新集团有限公司,3,nan
138735,天淇4B,天风证券股份有限公司,2,nan
138737,22华泰12,华泰证券股份有限公司,2,AAA
138739,22镇投01,宁波市镇海投资有限公司,3,AA+
138740,兴恒1A,中国国际金融股份有限公司,1.07,nan
138741,兴恒1B,中国国际金融股份有限公司,1.07,nan
138742,兴恒1C,中国国际金融股份有限公司,1.07,nan
138743,兴恒1次,中国国际金融股份有限公司,1.99,nan
138746,厚德03B,中信证券股份有限公司,1.01,AA+
138747,厚德03C,中信证券股份有限公司,1.01,A+
138749,20奥创2A,中山证券有限责任公司,2.49,nan
138753,22产融Y5,中航工业产融控股股份有限公司,nan,AAA
138755,东道05B1,中信证券股份有限公司,1.02,nan
138756,东道05C1,中信证券股份有限公司,1.02,nan
138757,东道05D1,中信证券股份有限公司,1.02,nan
138759,创恒03A,中信证券股份有限公司,1,nan
138767,国新03A2,中信建投证券股份有限公司,2.25,nan
138768,22泰城G3,泰州市城市建设投资集团有限公司,3,AAA
138769,高投1A1,平安证券股份有限公司,0.25,AAA
138770,22邗江G1,扬州市邗江城市建设发展有限公司,5,nan
138772,华电YK01,中国华电集团有限公司,nan,AAA
138773,东道3A3,首创证券股份有限公司,2.03,nan
138774,东道3B3,首创证券股份有限公司,2.03,nan
138777,永熙优26,南方资本管理有限公司,0.97,nan
138778,20首开1A,平安证券股份有限公司,1.01,nan
138780,20华弘3A,华金证券股份有限公司,1,nan
138782,云能05优,平安证券股份有限公司,0.99,nan
138784,20联荣1A,中山证券有限责任公司,0.95,nan
138786,链融24A1,中信证券股份有限公司,0.96,nan
138788,22津投35,天津城市基础设施建设投资集团有限公司,1.02,AAA
138789,汇裕1优,深圳平安汇通投资管理有限公司,1.01,nan
138790,23济城G2,济南城市投资集团有限公司,5,AAA
138791,旭日07A,长城证券股份有限公司,0.97,nan
138792,22延长Y7,陕西延长石油(集团)有限责任公司,nan,AAA
138794,23国信01,青岛国信发展(集团)有限责任公司,2,AAA
138796,东四1优,华泰证券(上海)资产管理有限公司,1.03,nan
138797,东四1中,华泰证券(上海)资产管理有限公司,1.03,nan
138799,中联3A1,中国国际金融股份有限公司,0.89,nan
138800,中联3A2,中国国际金融股份有限公司,1.89,nan
138802,中联3次,中国国际金融股份有限公司,3.14,nan
138803,东四2优A,华泰证券(上海)资产管理有限公司,2.03,nan
138805,东四2中,华泰证券(上海)资产管理有限公司,2.03,nan
138806,东四2次,华泰证券(上海)资产管理有限公司,2.03,nan
138807,绿城20优,平安证券股份有限公司,3,AAA
138808,23鄂担Y1,湖北省融资担保集团有限责任公司,nan,AAA
138810,厚德04B,中信证券股份有限公司,1.03,nan
138811,厚德04C,中信证券股份有限公司,1.03,nan
138812,厚德04D,中信证券股份有限公司,1.95,nan
138813,北清链优,民生证券股份有限公司,0.99,nan
138814,23鲁资K1,山东省国有资产投资控股有限公司,3,nan
138816,中裕01优,中山证券有限责任公司,0.99,nan
138817,23迈瑞G1,重庆迈瑞城市建设投资有限责任公司,5,nan
138819,兴恒2B,中国国际金融股份有限公司,1.02,AA+
138824,康工1B,天风证券股份有限公司,2.27,nan
138825,23阳安01,华创云信数字技术股份有限公司,3,AAA
138828,前租优,招商证券资产管理有限公司,0.98,AAA
138829,23陕资01,陕西金融资产管理股份有限公司,5,AAA
138830,汇宇1A2,中信建投证券股份有限公司,0.98,nan
138831,23鲁金01,山东省金融资产管理股份有限公司,3,AAA
138832,徐租6A1,国金证券股份有限公司,1.51,nan
138833,徐租6A2,国金证券股份有限公司,3.26,nan
138834,23中置01,中冶置业集团有限公司,5,AAA
138837,兴恒3C,中国国际金融股份有限公司,1.93,A+
138839,奥发09优,平安证券股份有限公司,1,AAA
138841,集顺优13,方正证券股份有限公司,1,nan
138842,20如皋A1,上海金元百利资产管理有限公司,1,nan
138844,20如皋A3,上海金元百利资产管理有限公司,3,nan
138845,20如皋A4,上海金元百利资产管理有限公司,4,nan
138847,23华资01,中国华电集团产融控股有限公司,2,AAA
138848,链雅12A,华金证券股份有限公司,1,AAA
138849,23绿城01,绿城房地产集团有限公司,2,AAA
138850,海诺1优1,平安证券股份有限公司,0.99,AAA
138852,苏小贷3A,德邦证券股份有限公司,1.5,nan
138853,苏小贷3B,德邦证券股份有限公司,1.5,nan
138854,苏小贷3C,德邦证券股份有限公司,1.5,nan
138855,20合信01,招商证券资产管理有限公司,0.98,AAA
138856,桂语3A1,平安证券股份有限公司,0.99,AAA
138857,23华泰G4,华泰证券股份有限公司,3,AAA
138858,20融惠4A,平安证券股份有限公司,0.98,nan
138859,中新01优,中信证券股份有限公司,0.98,nan
138861,荣耀06A,长城证券股份有限公司,1,AAA
138862,中电GK01,中国电力国际有限公司,3,AAA
138864,狮桥SG2B,中信证券股份有限公司,1.7,nan
138865,狮桥SG2S,中信证券股份有限公司,3.7,nan
138866,20蓝海A1,五矿证券有限公司,1.02,nan
138868,20蓝海A3,五矿证券有限公司,3.02,nan
138869,23海通01,海通证券股份有限公司,2,AAA
138870,东四3优A,广发证券资产管理(广东)有限公司,2,nan
138871,东四3优B,广发证券资产管理(广东)有限公司,2,nan
138872,东四3中,广发证券资产管理(广东)有限公司,2,nan
138873,东四3次,广发证券资产管理(广东)有限公司,2,nan
138874,东道06A1,中信证券股份有限公司,2.02,nan
138875,东道06B1,中信证券股份有限公司,2.02,nan
138877,东道06D1,中信证券股份有限公司,2.02,nan
138879,20柳新02,申港证券股份有限公司,2,nan
138880,20柳新03,申港证券股份有限公司,3,nan
138882,嘉泰02优,瑞元资本管理有限公司,1,nan
138883,链融25A1,中信证券股份有限公司,0.93,AAA
138884,链融25A2,中信证券股份有限公司,0.95,AAA
138885,荟享041A,中信证券股份有限公司,1,nan
138886,荟享041B,中信证券股份有限公司,1,nan
138887,荟享041C,中信证券股份有限公司,1,nan
138888,旭日08A,长城证券股份有限公司,0.98,AAA
138889,23国君G3,国泰君安证券股份有限公司,2,AAA
138890,信捷19优,中信证券股份有限公司,0.96,nan
138892,中交8优A,中国国际金融股份有限公司,1,nan
138893,万科15优,平安证券股份有限公司,1.01,nan
138894,23安控02,厦门安居控股集团有限公司,2,nan
138895,铁建Y06A,平安证券股份有限公司,1,AAA
138896,23张江01,上海张江高科技园区开发股份有限公司,3,nan
138897,乐信1A,天风证券股份有限公司,2,nan
138898,乐信1B,天风证券股份有限公司,2,nan
138899,23西基01,西安城市基础设施建设投资集团有限公司,10,nan
138900,川发01优,中信证券股份有限公司,0.96,nan
138901,瑞新15A1,平安证券股份有限公司,0.95,nan
138902,链融26A1,中信证券股份有限公司,0.96,nan
138903,蛇口08优,招商证券资产管理有限公司,1,nan
138904,20佳01优,中山证券有限责任公司,1,nan
138905,23株国01,株洲市国有资产投资控股集团有限公司,3,nan
138907,绿金10A1,平安证券股份有限公司,0.6,nan
138909,惠安5A2,深圳平安汇通投资管理有限公司,2.22,AAA
138910,惠安5A3,深圳平安汇通投资管理有限公司,2.97,AAA
138911,23中证G3,中信证券股份有限公司,3.06,AAA
138912,瑞新16A1,平安证券股份有限公司,0.52,nan
138914,逸锟15A1,平安证券股份有限公司,1.05,AAA
138915,23华泰G6,华泰证券股份有限公司,3,AAA
138916,金易06,中国国际金融股份有限公司,1,nan
138917,鹏程4A1,万和证券股份有限公司,0.97,nan
138918,招慧09A,招商证券资产管理有限公司,0.98,AAA
138919,23华证01,华宝证券股份有限公司,3,AA+
138920,青墅优01,天风证券股份有限公司,0.36,nan
138921,青墅优02,天风证券股份有限公司,1.36,nan
138922,青墅优03,天风证券股份有限公司,2.36,nan
138923,23浙商G1,浙江省浙商资产管理股份有限公司,5,nan
138924,链融27A1,中信证券股份有限公司,0.95,nan
138925,天淇5A,天风证券股份有限公司,2,nan
138926,天淇5B,天风证券股份有限公司,2,nan
138928,23浦开01,上海浦东开发(集团)有限公司,3,nan
138929,桂语4A1,平安证券股份有限公司,0.99,nan
138930,23首股02,北京首都开发股份有限公司,3,nan
138931,20汇裕06,东方汇智资产管理有限公司,0.98,nan
138932,国链20A1,国信证券股份有限公司,0.95,nan
138933,合景8A1,平安证券股份有限公司,0.99,AAA
138934,23兰创01,山西兰花科技创业股份有限公司,5,AA+
138935,中和11A,中信证券股份有限公司,1.99,nan
138936,中和11B,中信证券股份有限公司,1.99,nan
138937,23绿发01,中国绿发投资集团有限公司,3,AAA
138938,致远3优,平安证券股份有限公司,1,nan
138939,桂语5A1,平安证券股份有限公司,1,AAA
138940,23株发02,株洲市城市建设发展集团有限公司,3,AA+
138943,鹏程5A1,万和证券股份有限公司,0.96,AAA
138944,徐矿4A,国金证券股份有限公司,0.72,nan
138946,20新尾B,中山证券有限责任公司,1.03,nan
138947,23保置02,保利置业集团有限公司,7,AAA
138948,20融惠5A,平安证券股份有限公司,1,AAA
138949,23中化K1,中化国际控股股份有限公司,3,AAA
138950,汇裕2优,深圳平安汇通投资管理有限公司,0.98,AAA
138952,荣耀07A,长城证券股份有限公司,0.98,AAA
138953,23铁投Y2,中国铁建投资集团有限公司,nan,AAA
138954,20广交01,万联证券股份有限公司,0.89,nan
138955,20广交02,万联证券股份有限公司,1.89,nan
138956,20广交03,万联证券股份有限公司,2.89,nan
138957,20广交04,万联证券股份有限公司,5.89,nan
138958,20广交05,万联证券股份有限公司,8.9,nan
138959,23穗高Y1,广州高新区投资集团有限公司,nan,AA+
138960,新保A1,万家共赢资产管理有限公司,0.83,nan
138961,新保A2,万家共赢资产管理有限公司,1.83,nan
138962,新保A3,万家共赢资产管理有限公司,2.84,nan
138964,国链21A1,国信证券股份有限公司,0.96,AAA
138966,中联4A2,中信建投证券股份有限公司,2.51,nan
138968,至合1A1,华泰证券(上海)资产管理有限公司,1.05,nan
138969,至合1A2,华泰证券(上海)资产管理有限公司,1.47,nan
138970,至合1B,华泰证券(上海)资产管理有限公司,1.47,nan
138971,至合1次,华泰证券(上海)资产管理有限公司,1.72,nan
138973,牧原2A1,华能贵诚信托有限公司,1,AA+
138974,23宁资K1,宁夏国有资本运营集团有限责任公司,3,AAA
138975,绿港1A1,西南证券股份有限公司,0.27,nan
138976,23厦贸S1,厦门国贸集团股份有限公司,0.5,nan
138977,20申太A1,大同证券有限责任公司,1,nan
138978,20申太A2,大同证券有限责任公司,2,nan
138981,链融28A1,中信证券股份有限公司,0.95,nan
138982,融联01优,中信证券股份有限公司,1,nan
138983,23上控01,上饶投资控股集团有限公司,3,AAA
138984,20合信02,招商证券资产管理有限公司,0.96,nan
138985,安裕4A1,平安证券股份有限公司,0.67,AAA
138988,信借04C,中信证券股份有限公司,1.03,nan
138989,中新02优,中信证券股份有限公司,0.98,nan
138990,23赣融01,江西省金融控股集团有限公司,3,AAA
138991,蛇口09优,招商证券资产管理有限公司,1,AAA
138992,南链优07,南方资本管理有限公司,0.95,AAA
138993,汇致1优,深圳平安汇通投资管理有限公司,1.04,nan
138994,23延长Y1,陕西延长石油(集团)有限责任公司,nan,AAA
138995,永熙优29,南方资本管理有限公司,0.97,nan
138996,致远6优,平安证券股份有限公司,1,AAA
138997,23平证05,平安证券股份有限公司,5,AAA
138998,金联01优,中山证券有限责任公司,1,nan
138999,23公用01,上海大众公用事业(集团)股份有限公司,3,AAA
139001,PR襄经开,襄阳东津国有资本投资集团有限公司,7,AA
139002,PR井发债,吉安市井冈山开发区金庐陵经济发展有限公司,7,AA
139003,PR高密债,高密市国有资产经营投资有限公司,7,AA
139004,PR浏产专,浏阳现代制造产业建设投资开发有限公司,7,AA+
139005,PR郴福城,郴州福城高新投资有限公司,7,AA+
139006,PR上饶债,上饶市国有资产经营集团责任公司,7,AA
139007,PR富春债,杭州富阳开发区建设投资集团有限公司,7,AA
139008,PR泸兴阳,泸州兴阳投资集团有限公司,7,AA
139009,PR万宝01,娄底市万宝新区开发投资集团有限公司,7,AA
139010,PR岳专项,岳阳市城市建设投资有限公司,10,AA
139011,PR观投01,贵阳观山湖投资(集团)有限公司,7,AA
139012,PR沣东债,西安沣东发展集团有限公司,7,AA
139013,PR娄锑都,娄底锑都投资发展有限公司,7,AA+
139014,PR普湾债,大连时泰城市建设发展有限公司,7,AA+
139015,PR新密财,新密市财源投资集团有限公司,7,AA+
139016,PR齐河债,齐河县城市经营建设投资有限公司,7,AA
139017,PR四国资,四会市国有资产经营有限公司,7,AA
139018,PR嘉建投,嘉鱼县城镇建设投资有限公司,7,AA+
139019,PR常鼎力,常德鼎力投资开发有限公司,7,AA+
139020,PR郴新天,郴州市新天投资有限公司,10,AA
139021,PR瑞安债,瑞安市国有资产投资集团有限公司,7,AA
139022,PR观投02,贵阳观山湖投资(集团)有限公司,7,AA
139023,PR安开债,安庆经济技术开发区建设投资集团有限公司,7,AA+
139025,PR恒澄债,苏州市恒澄建设发展有限公司,7,AA
139026,PR盘资债,盘山县国有资产经营有限公司,7,AA+
139027,PR建安债,建安投资控股集团有限公司,7,AA
139028,PR龙旅发,鹰潭市文化旅游投资发展集团有限公司,7,AA
139029,PR荆城投,荆州市城市建设投资开发有限公司,7,AA
139030,PR资水投,资阳市水务投资有限责任公司,7,AA
139031,PR百福债,郴州市百福投资集团有限公司,10,AA
139032,PR广元债,广元市园区建设投资有限公司,7,AA
139033,PR永银都,永兴银都投资发展集团有限公司,7,AA+
139034,PR湘天易,湖南天易集团有限公司,7,AA
139035,PR阿克债,阿克苏地区绿色实业开发集团有限公司,7,AA
139036,PR枣阳债,枣阳市城市建设投资经营有限公司,7,AA
139037,PR株循环,株洲循环经济投资发展集团有限公司,7,AA
139038,美的01B,美的置业集团有限公司,2,nan
139039,16亿利债,亿利资源集团有限公司,5,AA
139040,PR宝应债,宝应县城市建设投资发展有限公司,7,AAA
139041,PR眉宏投,眉山市宏大建设投资有限责任公司,7,AA+
139042,PR靖城投,靖江市城投基础设施发展有限公司,7,AA
139043,PR如皋债,如皋市经济贸易开发有限公司,7,AA+
139044,PR苏新城,苏州高新区北部新城城市建设投资发展有限公司,7,AA
139045,PR筑城01,贵阳市城市建设投资集团有限公司,10,AA+
139046,PR国融债,乌兰察布市集宁区国融投资发展有限公司,7,AA+
139047,PR泰鑫债,泰州鑫泰集团有限公司,7,AA+
139048,PR白国资,南京市白下国有资产经营中心,7,AAA
139049,PR璧山债,重庆市璧山区城市建设投资有限公司,7,AA
139050,PR肥城资,肥城市城市资产经营集团有限公司,7,AA+
139051,国控保B,国药控股(中国)融资租赁有限公司,0.96,AA
139052,16冀建投,河北建设投资集团有限责任公司,nan,AAA
139054,PR宿建债,宿州市城市建设投资集团(控股)有限公司,7,AA+
139055,PR玉鑫债,和田玉鑫国有资产投资经营有限责任公司,7,AA
139056,PR当鑫源,当阳市鑫源投资开发有限责任公司,7,AA
139057,PR遵车债,遵义市新区开发投资有限责任公司,10,AA
139058,PR仁怀债,仁怀市城市开发建设投资经营有限责任公司,7,AA
139059,PR文专项,文登金滩投资管理有限公司,7,AA+
139060,PR庐城投,九江市濂溪区城投(集团)有限公司,7,AA
139061,PR开乾债,重庆开乾投资集团有限公司,7,AA
139062,PR大冶01,湖北荆楚投资发展有限公司,7,AA
139063,PR温港城,温州港城发展有限公司,7,AA
139064,PR宣城债,宣城市国有资产投资有限公司,7,AA
139066,PR钱城债,杭州萧山钱江世纪城开发建设有限责任公司,7,AA
139068,PR海开债,海安经济技术开发区控股集团有限公司,7,AA
139069,PR虞经开,绍兴市上虞经济开发区投资开发集团有限公司,7,AA
139070,PR遂开债,遂宁开达投资有限公司,7,AA
139071,PR安泰01,聊城市安泰城乡投资开发有限责任公司,7,AA+
139072,PR盱眙债,淮安市盱眙城市资产经营有限责任公司,7,AA
139073,PR安泰02,聊城市安泰城乡投资开发有限责任公司,7,AA
139074,PR纳兴债,四川纳兴实业集团有限公司,7,AA
139075,PR广安开,广安经济技术开发区恒生投资开发有限公司,7,AA
139076,PR龙铁债,龙岩铁路建设发展集团有限公司,7,AA
139077,PR都梁债,邵阳都梁投资发展有限公司,7,AA+
139078,PR药都债,辽宁药都发展有限公司,7,AA
139079,PR水城债,成都花园水城城乡建设投资有限责任公司,7,AA+
139080,PR宜居债,亳州城建发展控股集团有限公司,7,AAA
139081,PR16昌兴,萍乡市昌兴投资有限公司,7,AA
139082,16海集01,海航集团有限公司,nan,AA+
139083,PR秦城发,秦皇岛城市发展投资控股集团有限公司,7,AA
139084,PR牟发投,郑州牟中发展投资有限公司,7,AA+
139085,PR红日债,涟水县交通产业发展(集团)有限公司,7,AA
139086,PR扬中01,扬中市交通投资发展有限公司,7,AA+
139087,PR扬中02,扬中市交通投资发展有限公司,7,AA+
139088,PR内人和,内江人和国有资产经营有限责任公司,7,AA
139089,PR津广集,天津广成投资集团有限公司,7,AA+
139090,PR聊开债,聊城市兴业控股集团有限公司,7,AA
139091,PR渝迈瑞,重庆迈瑞城市建设投资有限责任公司,7,AA+
139092,PR长乐债,福州市长乐区国有资产营运公司有限公司,7,AA
139093,PR秀工投,秀山工业发展投资有限公司,7,AA+
139094,16遵小微,遵义市投资(集团)有限责任公司,4,AA
139095,PR仙桃债,仙桃市城市建设投资开发有限公司,7,AA+
139096,PR西湖债,杭州西湖投资集团有限公司,7,AA+
139097,PR温城02,温州市城市建设发展集团有限公司,7,AA+
139098,PR舒城债,舒城县城镇建设投资有限责任公司,7,AA+
139099,PR金专债,金寨县城镇开发投资有限公司,7,AA+
139100,PR阆名城,四川阆中名城经营投资有限公司,7,AA+
139101,13地方债01,中华人民共和国财政部,3,nan
139102,13地方债02,中华人民共和国财政部,5,nan
139103,13地方债03,中华人民共和国财政部,3,nan
139104,13地方债04,中华人民共和国财政部,5,nan
139105,13地方债05,中华人民共和国财政部,3,nan
139106,13地方债06,中华人民共和国财政部,5,nan
139108,13地方债08,中华人民共和国财政部,5,nan
139109,13地方债09,中华人民共和国财政部,3,nan
139110,13地方债10,中华人民共和国财政部,5,nan
139111,13地方债11,中华人民共和国财政部,3,nan
139112,13地方债12,中华人民共和国财政部,5,nan
139114,PR宜建债,宜城市建设投资经营有限公司,7,AA
139115,PR襄建债,襄阳市襄州区建设投资经营有限公司,7,AA
139117,PR吉经开,吉林经济技术开发区经济技术开发总公司,7,AA
139118,PR娄经债,湖南省娄底经济技术开发投资建设有限公司,7,AA
139119,PR堰管廊,十堰国有资本投资运营集团有限公司,10,AA
139120,PR海西债,青岛海洋投资集团有限公司,7,AA+
139121,PR全椒债,全椒县城市基础设施开发建设有限公司,7,AAA
139122,PR浏城建,浏阳市城市建设集团有限公司,7,AA+
139123,PR湘城建,湘乡市城市建设投资开发有限公司,7,AA+
139124,PR惠交01,惠州市交通投资集团有限公司,7,AA+
139125,PR16文登,威海市文登区城市资产经营有限公司,7,AA
139126,PR莆高新,莆田市高新技术产业园开发有限公司,6,AA+
139127,18卓越A2,深圳市卓越商业管理有限公司,2,nan
139128,PR龙建投,四川龙阳天府新区建设投资有限公司,7,AA+
139130,PR云和债,云阳县人和投资开发(集团)有限公司,7,AA+
139131,PR空港债,陕西省西咸新区空港新城开发建设集团有限公司,7,AA
139132,PR西发01,青岛海发国有资本投资运营集团有限公司,7,AA+
139133,PR磁湖02,黄石磁湖高新科技发展有限公司,7,AA+
139134,PR曲经投,曲靖市经济开发投资集团有限公司,7,AA
139135,PR姜堰债,泰州市姜堰城市建设投资发展有限公司,7,AA+
139136,PR萧县债,萧县建设投资有限责任公司,7,AAA
139137,PR江夏城,武汉市江夏城投集团有限公司,7,AA
139139,16首创01,北京首都创业集团有限公司,nan,AAA
139141,16蓉铁01,成都轨道交通集团有限公司,nan,AAA
139142,PR栖霞债,南京栖霞国有资产经营有限公司,7,AA+
139143,PR宁科债,南京市建邺区高新科技投资集团有限公司,7,AA+
139144,16鄂旅投,湖北文化旅游集团有限公司,7,AA+
139145,PR汝城01,汝城县城建开发有限责任公司,7,AA+
139146,16旅顺债,大连旅顺建设发展投资有限公司,10,AA
139147,PR北固债,江苏北固产业投资有限公司,7,AA+
139148,PR临川债,抚州市临川区城镇建设开发投资有限公司,7,AA
139149,PR遵红城,遵义市红花岗城市建设投资经营有限公司,7,AA
139150,PR汇华债,珠海汇华基础设施投资有限公司,7,AA
139151,PR湘发展,湖南省攸州投资发展集团有限公司,7,AA
139152,16鄂交01,湖北交通投资集团有限公司,nan,AAA
139153,PR东坡债,眉山市东坡发展投资集团有限公司,7,AA
139154,16洪轨01,南昌轨道交通集团有限公司,nan,AA+
139155,PR金农债,金堂县现代农业投资有限公司,7,AA
139157,PR16鑫城,合肥鑫城控股集团有限公司,7,AA
139158,PR南投债,重庆市南川区城市建设投资(集团)有限公司,7,AA+
139159,PR洪泽债,洪泽县城市资产经营有限公司,7,AA+
139160,PR江南债,安徽省江南产业集中区建设投资发展(集团)有限公司,7,AA
139161,PR柳东通,柳州东通投资发展有限公司,7,AA
139163,PR嘉湘01,嘉兴市湘家荡发展投资集团有限公司,7,AA
139165,PR汉建投,汉川市汉融投资建设开发有限公司,7,AA
139166,PR安城债,安吉县城西北开发有限公司,7,AA
139167,PR镜停债,芜湖市镜湖建设投资有限公司,7,AA
139168,PR宜双01,宜昌高新投资开发有限公司,7,AA+
139169,PR安顺债,安顺市国有资产管理有限公司,7,AA+
139171,PR金湖债,金湖县国有资产经营投资有限责任公司,6,AAA
139172,16穗城01,广州市城市建设投资集团有限公司,nan,AAA
139173,PR禹停车,禹州市国运资本运营有限公司,10,AA
139174,PR马经01,马鞍山南部承接产业转移新区经济技术发展有限公司,7,AA
139175,PR岳港01,湖南临港开发投资集团有限公司,7,AA+
139177,PR新路鑫,新民市路鑫市政工程有限公司,7,AA
139178,PR东至债,东至县城市经营投资有限公司,7,AAA
139179,PR双创债,湘潭九华经济建设投资有限公司,10,AA
139182,PR镇新债,镇江新区城市建设投资有限公司,7,AA+
139183,PR兴港债,河南航空港投资集团有限公司,10,AA+
139184,PR古蔺债,古蔺县国有资产经营有限责任公司,7,AA+
139185,16穗铁02,广州地铁集团有限公司,nan,AAA
139186,PR湘潭02,湘潭市城市建设投资经营有限责任公司,7,AA
139187,PR营开01,营口经济技术开发区城市开发建设投资有限公司,7,AA
139188,PR16荆高,荆门高新技术产业开发有限责任公司,7,AA
139189,PR万宝02,娄底市万宝新区开发投资集团有限公司,7,AA
139190,PR海财债,海城市金财土地房屋投资有限公司,7,AA
139191,PR合江债,泸州阜阳投资集团有限公司,7,AA
139192,PR新干债,新干县城乡建设投资开发有限责任公司,7,AA
139193,PR赤壁债,赤壁市蓝天城市建设投资开发有限责任公司,7,AA+
139194,PR章丘债,章丘市国有资产运营有限公司,7,AA
139195,PR十经开,十堰经济开发区城市基础设施建设投资有限公司,7,AA
139196,16穗铁03,广州地铁集团有限公司,nan,AAA
139197,16穗城03,广州市城市建设投资集团有限公司,nan,AAA
139198,PR玉城01,玉环市城市建设集团有限公司,7,AA
139199,PR公安债,公安县城建投资有限公司,7,AA+
139200,PR秦经开,秦皇岛开发区国有资产经营有限公司,7,AA
139201,PR牡城01,牡丹江市城市投资集团有限公司,7,AA
139202,PR金发债,江苏金坛国发国际投资发展有限公司,7,AA
139203,PR内兴元,内江兴元实业集团有限责任公司,7,AA
139204,PR开福02,长沙开福城市建设投资有限公司,7,AA+
139205,16海集02,海航集团有限公司,nan,AAA
139206,PR宜兴投,宜章县兴宜建设投资有限责任公司,8,AA
139207,PR大冶02,湖北荆楚投资发展有限公司,7,AA
139208,PR渝新梁,重庆新梁投资开发(集团)有限公司,7,AA+
139209,PR湘环科,长沙雨花经开开发建设有限公司,7,AA
139211,PR合川债,重庆市合川城市建设投资(集团)有限公司,7,AA
139212,PR金沙债,金沙县建设投资集团股份有限公司,7,AA
139213,PR马经02,马鞍山南部承接产业转移新区经济技术发展有限公司,7,AA
139214,PR湘乡投,湘乡市经济开发区建设投资开发有限公司,7,AA
139215,PR怀专项,怀化市城市建设投资有限公司,7,AA
139216,PR建安02,建安投资控股集团有限公司,7,AA
139217,16济专项,济宁城投控股集团有限公司,15,AA+
139218,16兴小01,合肥兴泰金融控股(集团)有限公司,3,AA+
139221,16黔开投,黔东南州开发投资(集团)有限责任公司,7,AA
139222,16鲁经投,山东省财金投资集团有限公司,10,AA+
139223,PR白城投,贵阳白云城市建设投资集团有限公司,10,AA+
139224,集顺优06,北京一方商业保理有限公司,0.99,AAA
139225,PR诸城建,诸暨市城东新城建设有限公司,7,AA
139226,PR瑞金债,瑞金市城市发展投资集团有限公司,7,AA+
139227,PR文山债,文山城市建设投资(集团)有限公司,7,AA
139229,PR柯城债,绍兴市柯桥区城建投资开发集团有限公司,7,AA
139230,PR瀛洲债,江苏瀛洲发展集团有限公司,7,AA
139231,PR番禺01,广州市番禺信息技术投资发展有限公司,10,AA
139232,PR青昌阳,青岛昌阳投资开发有限公司,7,AA
139233,16滨旅债,潍坊滨海旅游集团有限公司,9,AA
139234,PR荆经开,荆州开发区城市建设投资开发有限公司,10,AA
139235,PR洪经债,南昌经济技术开发区投资控股有限公司,7,AA
139236,PR凯宏债,黔东南州凯宏城市投资运营(集团)有限责任公司,10,AA
139237,PR宁高01,江苏高淳经济开发区开发集团有限公司,7,AAA
139238,PR芜交02,芜湖市交通投资有限公司,7,AA+
139239,PR嘉湘02,嘉兴市湘家荡发展投资集团有限公司,7,AA
139240,PR汝州投,汝州市鑫源投资有限公司,7,AA
139241,16永专01,永嘉投资集团有限公司,10,AA+
139242,PR苏大行,江苏大行临港产业投资有限公司,7,AA
139243,PR株高孵,株洲高科集团有限公司,7,AA+
139244,16温铁债,温州市铁路与轨道交通投资集团有限公司,15,AA
139245,16宁投01,宁德市交通投资集团有限公司,10,AA
139246,PR鹤山01,鹤山市公营资产经营有限公司,7,AA
139247,PR黔凯专,贵州省凯里城镇建设投资有限公司,7,AA
139248,PR锦都债,成都兴锦生态建设投资集团有限公司,7,AA
139249,16中瑞债,新疆中瑞恒远商贸集团有限公司,7,AA
139250,PR大方债,大方县建设投资有限公司,7,AA
139251,PR蕲春债,蕲春县国建投资有限公司,7,AA
139252,16武铁01,武汉地铁集团有限公司,nan,AAA
139253,PR邕高02,南宁高新产业建设开发集团有限公司,7,AA
139254,PR新港债,常州新港经济发展有限公司,7,AA+
139255,PR大洼临,盘锦临港建设发展集团有限公司,8,AA
139256,16鄂国资,鄂尔多斯市国有资产投资控股集团有限公司,15,AA
139257,PR玉城02,玉环市城市建设集团有限公司,7,AA
139258,PR瓯新城,温州市瓯海新城建设集团有限公司,7,AA
139259,PR杭运,杭州市运河综合保护开发建设集团有限责任公司,7,AA
139260,PR韶关债,韶关市城市投资发展集团有限公司,8,AA
139261,16陕高01,陕西省高速公路建设集团公司,5,AA+
139263,PR文蓝海,威海市文登区蓝海投资开发有限公司,7,AA+
139265,PR恩施债,恩施城市建设投资有限公司,7,AA
139268,PR贵溪债,贵溪市国有控股集团有限公司,7,AA+
139270,PR岳港02,湖南临港开发投资集团有限公司,7,AA+
139272,16桂金02,广西金融投资集团有限公司,7,AA+
139273,PR钟楼债,常州钟楼经济开发区投资建设有限公司,7,AA+
139274,PR河国投,河池市国有资本投资运营(集团)有限公司,7,AA
139275,PR淳安债,淳安县新安江生态开发集团有限公司,7,AA
139276,16泉小微,泉州市城建国有资产投资有限公司,3,AA+
139277,PR共青城,共青城财政管理投资有限公司,7,AA+
139278,PR16达州,达州市投资有限公司,10,AA+
139279,PR锡新城,无锡锡东新城建设发展有限公司,7,AA
139280,PR徐高开,徐州高新技术产业开发区国有资产经营有限公司,7,AA
139281,PR简州债,简阳发展(控股)有限公司,7,AA
139282,PR筑城02,贵阳市城市建设投资集团有限公司,10,AA+
139283,PR牡城02,牡丹江市城市投资集团有限公司,7,AA
139284,PR分宜债,分宜县城市建设投资开发有限公司,7,AA
139286,PR海创债,海安开发区建设投资有限公司,7,AA
139287,PR天城债,天门市城市建设投资有限公司,7,AA+
139288,PR京诚债,京山市京诚投资开发集团有限公司,7,AA+
139289,PR东宝债,荆门市东宝区城乡建设投资有限公司,7,AA+
139290,PR水城投,六盘水市水城区城市投资开发有限责任公司,7,AA
139291,PR昌吉债,昌吉城市建设投资发展有限责任公司,7,AA
139292,PR江城建,南京江宁城市建设集团有限公司,7,AA+
139294,PR湘开债,株洲市湘江风光带建设开发有限公司,7,AA
139295,PR乐平债,乐平市国有资产经营管理集团有限公司,7,AA+
139297,PR金潼01,重庆市金潼工业建设投资有限公司,7,AA
139298,PR金阳01,贵阳市投资控股集团有限公司,10,AA+
139299,PR德溪01,毕节市德溪建设开发投资有限公司,7,AA
139300,PR兴安债,兴安盟城市发展投资经营有限责任公司,7,AA
139302,PR宁高02,江苏高淳经济开发区开发集团有限公司,7,AAA
139303,PR冠隆债,辽宁冠隆建设集团有限公司,7,AA
139304,PR益集02,湖南省益阳市2016年第二期县域创新创业基地建设集合发行人,7,AA
139305,PR西秀债,安顺市西秀区黔城产业股份有限公司,7,AA
139306,PR临城开,临沂城市发展集团有限公司,7,AA+
139307,PR七城建,七台河市城市建设投资发展有限公司,7,AA+
139308,16宁投02,宁德市交通投资集团有限公司,10,AA
139309,PR富源债,遂宁市富源实业有限公司,7,AA
139310,PR韩城投,韩城市城市投资(集团)有限公司,7,AA+
139311,PR沾化债,滨州市沾化区宏达财金投资集团有限公司,7,AA+
139312,PR鹤山02,鹤山市公营资产经营有限公司,7,AA+
139313,PR德溪02,毕节市德溪建设开发投资有限公司,7,AA
139315,PR邵开债,湖南邵东生态产业园开发建设投资有限责任公司,7,AA
139316,PR金鑫01,如东县金鑫交通工程建设投资有限公司,7,AA+
139317,PR金鑫02,如东县金鑫交通工程建设投资有限公司,7,AAA
139320,16首创02,北京首都创业集团有限公司,nan,AAA
139322,16奥德02,奥德集团有限公司,7,AA+
139323,PR惠交02,惠州市交通投资集团有限公司,7,AA+
139324,PR衡东债,衡东县城乡建设投资开发有限公司,7,AA
139326,PR嘉鱼01,嘉鱼县城镇建设投资有限公司,7,AA+
139327,煦日01次,中国东方资产管理股份有限公司,1.01,nan
139328,渔阳优01,同方国信投资控股有限公司,11.65,nan
139329,PR肇东01,肇东市东盛城市建设投资有限责任公司,7,AA+
139330,PR柔刚01,遂宁柔刚投资集团有限公司,7,AA
139331,PR南漳01,南漳县建设投资集团有限公司,7,AA+
139332,PR浏阳01,浏阳经开区开发投资有限公司,7,AA+
139333,PR浏经债,浏阳经开区开发投资有限公司,7,AA+
139334,16汝城02,汝城县城建开发有限责任公司,7,AA+
139335,PR昆滇投,昆明滇池投资有限责任公司,7,AA+
139336,PR广水债,广水市城市发展投资有限公司,7,AA+
139337,PR綦江东,重庆市綦江区东部新城开发建设有限公司,7,AA
139338,徐租3A2,江苏徐工工程机械租赁有限公司,2.9,nan
139339,PR东乡债,抚州市东乡区城市投资发展有限公司,7,AA
139340,PR蚌埠债,蚌埠市城市投资控股有限公司,7,AA
139341,PR凤台债,凤台县华兴城市建设投资有限公司,7,AAA
139342,17永专债,永嘉投资集团有限公司,10,AA+
139343,PR嘉鱼02,嘉鱼县城镇建设投资有限公司,7,AA+
139344,PR资兴01,资兴市成诚投资有限公司,7,AA+
139345,PR南开债,南通开元投资开发集团有限公司,7,AA
139346,PR遂天泰,遂宁市天泰实业有限责任公司,7,AA
139347,PR博山债,淄博市博山区公有资产经营有限公司,7,AA+
139348,PR随专01,随州市城市投资集团有限公司,7,AA
139349,PR达投02,达州市投资有限公司,10,AA+
139350,17鄂高投,湖北省高新产业投资集团有限公司,7,AA
139351,17鄂交Y1,湖北交通投资集团有限公司,nan,AAA
139352,PR惠华01,岳阳惠华城市投资发展集团有限公司,7,AA+
139353,PR邵建投,邵东新区开发建设投资有限责任公司,7,AA
139354,PR应城债,应城市蒲阳开发投资有限公司,7,AA+
139355,PR营开02,营口经济技术开发区城市开发建设投资有限公司,7,AA
139356,PR黔南01,黔南州国有资本营运有限责任公司,7,AA
139357,PR营北01,营口北海新区城区开发建设投资有限公司,7,AA
139358,PR资城01,资兴市城市建设投资有限责任公司,7,AA+
139359,PR襄汉江,汉江国有资本投资集团有限公司,7,AA+
139360,17醴陵债,醴陵市渌江投资控股集团有限公司,7,AA
139361,PR德山债,常德市德源产业投资有限公司,7,AA
139362,PR沣西G1,陕西省西咸新区沣西新城开发建设(集团)有限公司,7,AA
139363,PR阳新债,阳新县城镇建设投资开发有限公司,7,AA+
139365,PR伍家债,宜昌伍家新城投资控股集团有限公司,7,AA
139366,PR松滋债,湖北松滋金松投资控股集团有限公司,7,AA+
139367,PR监利债,监利市丰源城市投资开发有限责任公司,7,AA+
139370,PR石首债,石首市博雅城市建设投资有限公司,7,AA+
139371,PR长葛债,长葛市金财公有资产经营有限公司,7,AA
139372,G17云绿1,云南水务投资股份有限公司,10,AA+
139373,PR西双创,西安高新区创业园发展中心有限公司,7,AAA
139374,PR简工债,简阳市现代工业投资发展有限公司,7,AA+
139375,PR宜创01,宜昌高新投资开发有限公司,7,AA+
139376,PR嘉禾01,嘉禾铸都发展集团有限公司,7,AA+
139377,PR开元01,贵州凯里开元城市投资开发有限责任公司,7,AA
139378,PR咸双创,咸宁高新投资集团有限公司,10,AA
139380,17鄂交Y2,湖北交通投资集团有限公司,nan,AAA
139381,PR襄高新,襄阳高新国有资本投资运营集团有限公司,7,AA+
139382,17武铁Y1,武汉地铁集团有限公司,nan,AAA
139383,PR鹤城建,黑龙江省鹤城建设投资发展有限公司,7,AA
139384,PR阿纺织,阿克苏纺织城发展有限责任公司,7,AA
139385,PR巴州债,巴州国信建设发展投融资有限公司,7,AA+
139386,PR吉首01,吉首华泰国有资产投资管理有限责任公司,7,AA+
139387,17鄂交Y3,湖北交通投资集团有限公司,nan,AAA
139388,PR津国投,成都市新津县国有资产投资经营有限责任公司,7,AA
139389,18广田A3,深圳广田集团股份有限公司,1,AA
139390,PR宁开01,江苏高淳经济开发区开发集团有限公司,7,AAA
139391,PR观投债,贵阳观山湖投资(集团)有限公司,7,AA
139392,PR科投债,浙江杭州青山湖科技城投资集团有限公司,7,AA
139393,PR黔南02,黔南州国有资本营运有限责任公司,7,AA
139394,PR金鑫债,四川金财金鑫投资有限公司,7,AA+
139395,PR市北01,南通市北高新技术开发集团有限公司,7,AA
139396,PR湘东山,湘乡市东山投资建设开发有限公司,7,AA+
139397,PR宿马债,宿州马鞍山投资集团(控股)有限公司,7,AAA
139398,17蓉轨Y1,成都轨道交通集团有限公司,nan,AAA
139399,PR高科01,武汉高科国有控股集团有限公司,10,AA+
139400,PR钟祥债,钟祥市城市建设投资公司,7,AA+
139401,PR清浦债,淮安市清江浦融合投资控股集团有限公司,7,AA
139402,PR蒙自01,蒙自市城市建设投资有限责任公司,7,AA
139403,PR西高01,西安高新控股有限公司,7,AAA
139404,18陕高Y1,陕西省高速公路建设集团公司,nan,AAA
139405,18首旅01,北京首都旅游集团有限责任公司,9,AAA
139406,18首旅02,北京首都旅游集团有限责任公司,10,AAA
139407,PR上饶县,上饶市广信城投集团有限公司,7,AA
139408,18瑞专01,瑞安市国有资产投资集团有限公司,10,AA+
139410,PR绵金债,绵竹市金申投资集团有限公司,7,AAA
139411,集顺优08,北京一方商业保理有限公司,1,nan
139413,PR建德债,建德市城市建设发展投资有限公司,7,AA
139414,逸锟6次,逸锟商业保理(天津)有限公司,1,nan
139415,联易融09,深圳前海联捷商业保理有限公司,0.96,nan
139416,链融05A1,深圳市柏霖汇商业保理有限公司,0.94,nan
139417,19首开1A,北京尚融商业保理有限公司,1,nan
139418,PR兴开投,黔西南州兴安开发投资股份有限公司,7,AA
139419,万科37A1,深圳市前海一方商业保理有限公司,0.99,nan
139420,19融惠1A,深圳市前海一方恒融商业保理有限公司,0.99,nan
139421,逸锟7A1,逸锟商业保理(天津)有限公司,1.01,nan
139422,逸锟7次,逸锟商业保理(天津)有限公司,1.01,nan
139423,龙光07A,深圳联合保理有限公司,0.99,nan
139424,PR漯经开,漯河经济开发区投资发展有限公司,7,AAA
139425,方碧43优,深圳市前海一方恒融商业保理有限公司,1,nan
139426,19蓉轨Y2,成都轨道交通集团有限公司,nan,AAA
139427,绿城9优1,深圳市前海一方恒融商业保理有限公司,1,nan
139428,逸锟8A1,逸锟商业保理(天津)有限公司,1.07,nan
139429,逸锟8次,逸锟商业保理(天津)有限公司,1.07,nan
139430,链融06A1,深圳市柏霖汇商业保理有限公司,0.98,nan
139431,19印力A,印力商用置业有限公司,12.07,nan
139432,G19QGY2,青岛地铁集团有限公司,nan,AAA
139433,方碧44优,深圳市前海一方恒融商业保理有限公司,1,nan
139434,G19珠Y1,珠海港控股集团有限公司,nan,AA+
139435,万科38A1,深圳市前海一方商业保理有限公司,0.99,nan
139436,信捷08优,深圳前海联捷商业保理有限公司,1,nan
139437,信捷08次,深圳前海联捷商业保理有限公司,1,nan
139438,中交2优A,深圳前海联捷商业保理有限公司,1,nan
139439,宝湾01优,宝湾物流控股有限公司,18,nan
139440,20鄂交Y1,湖北交通投资集团有限公司,nan,AAA
139442,20云投Y2,云南省投资控股集团有限公司,3,AAA
139443,19安信01,亳州安信小额贷款有限责任公司,3,nan
139444,19安信02,亳州安信小额贷款有限责任公司,3,nan
139446,恒融二7A,深圳市前海一方恒融商业保理有限公司,0.96,nan
139447,方碧45优,深圳市前海一方恒融商业保理有限公司,1,nan
139448,20融鑫债,黄河三角洲融鑫集团有限公司,7,AA+
139449,中铁2优A,深圳前海联捷商业保理有限公司,1,nan
139450,旭日02A,深圳联合保理有限公司,0.98,nan
139451,20陕投Y1,陕西投资集团有限公司,3,AAA
139452,集顺优09,北京一方商业保理有限公司,0.97,nan
139453,链融07A1,深圳市柏霖汇商业保理有限公司,0.96,nan
139455,禹洲1优,厦门启惠益通商业保理有限公司,1,nan
139456,禹洲1次,厦门启惠益通商业保理有限公司,1,nan
139457,19鼎程01,深圳市前海南方鼎程保理有限公司,0.98,nan
139459,18陕交Y,陕西省交通建设集团公司,nan,AAA
139460,中和08优,四川省中和农信小额贷款有限责任公司,1.97,nan
139461,20环微01,眉山环天实业有限公司,4,AA
139462,绿城10优,深圳市前海一方恒融商业保理有限公司,0.98,nan
139463,方碧46优,深圳市前海一方恒融商业保理有限公司,0.98,nan
139464,21蓉轨Y1,成都轨道交通集团有限公司,nan,AAA
139465,绿金2A1,深圳市前海一方恒融商业保理有限公司,0.98,nan
139466,联易融10,深圳前海联捷商业保理有限公司,0.96,nan
139467,合景2A1,深圳市前海一方恒融商业保理有限公司,0.96,nan
139468,21蓉轨Y2,成都轨道交通集团有限公司,nan,AAA
139469,链融08A1,深圳市柏霖汇商业保理有限公司,0.96,nan
139470,凯京车1A,凯京融资租赁(上海)有限公司,0.92,nan
139471,凯京车1B,凯京融资租赁(上海)有限公司,1.16,nan
139472,21银开债,银川高新技术产业开发有限责任公司,7,AAA
139473,利园优01,平安不动产有限公司,0.66,nan
139474,利园优02,平安不动产有限公司,1.69,nan
139475,利园优03,平安不动产有限公司,11.83,nan
139476,21南阳债,南阳投资集团有限公司,4,AA+
139477,华联02优,深圳前海联捷商业保理有限公司,1.04,nan
139478,22天投Y2,成都天府新区投资集团有限公司,nan,AAA
139479,链融09A1,深圳市柏霖汇商业保理有限公司,0.93,nan
139480,信捷09优,深圳前海联捷商业保理有限公司,1.01,nan
139481,22蓉高Y1,成都高新投资集团有限公司,nan,AAA
143001,17浦建01,上海浦东路桥建设股份有限公司,3,AA+
143002,17中核01,中国核工业集团有限公司,5,AAA
143003,17中核02,中国核工业集团有限公司,10,AAA
143004,17联邦01,珠海联邦制药股份有限公司,5,AA+
143005,17长发01,长江经济联合发展(集团)股份有限公司,5,AA
143006,17洛娃01,洛娃科技实业集团有限公司,5,AA
143007,17东旭01,东旭集团有限公司,5,AA+
143008,17东旭02,东旭集团有限公司,5,AA+
143009,17宏泰债,湖北省宏泰国有资本投资运营集团有限公司,3,AA+
143010,17鲁资01,山东省国有资产投资控股有限公司,5,AAA
143011,17沪投01,上海市信息投资股份有限公司,5,AAA
143012,17渝信01,同方国信投资控股有限公司,3,AAA
143013,17渝信02,同方国信投资控股有限公司,7,AAA
143014,17正奇01,正奇金融控股股份有限公司,3,AA
143015,17锡公01,无锡市市政公用产业集团有限公司,5,AAA
143016,17智慧01,远东智慧能源股份有限公司,3,AA
143017,17华汽01,华晨汽车集团控股有限公司,5,AAA
143018,18金地07,金地(集团)股份有限公司,5,AAA
143019,17东莞债,东莞证券股份有限公司,5,AA+
143020,17复药01,上海复星医药(集团)股份有限公司,5,AAA
143021,17东吴债,东吴证券股份有限公司,5,AAA
143022,G17协合1,协合风电投资有限公司,3,AA
143023,17豫电01,河南有线电视网络集团有限公司,3,AA+
143024,17桂农01,广西农垦集团有限责任公司,3,AA+
143025,17辽能01,辽宁能源投资(集团)有限责任公司,5,AA+
143026,18中储01,中储发展股份有限公司,5,AA+
143027,17荣盛01,浙江荣盛控股集团有限公司,5,AA
143028,17兴源01,兴源轮胎集团有限公司,4,AA
143029,18沪资02,上海国际集团资产管理有限公司,5,AAA
143030,17金元债,金元证券股份有限公司,3,AA
143031,17华置债,华融实业投资管理有限公司,5,AA+
143032,17杭旅01,杭州市商贸旅游集团有限公司,5,AA+
143033,17保文01,保利文化集团股份有限公司,3,AA+
143034,17中保债,中国投融资担保股份有限公司,5,AAA
143035,17工投01,合肥工投工业科技发展有限公司,5,AAA
143036,17国证债,国开证券股份有限公司,3,AAA
143037,17中科01,重庆市中科控股有限公司,5,AA
143038,17海建01,海天建设集团有限公司,3,AA
143039,17北方01,中国北方稀土(集团)高科技股份有限公司,5,AA+
143040,17金钰债,东方金钰股份有限公司,5,AA
143041,17维维01,维维集团股份有限公司,3,AA
143042,17闽电01,福建省电子信息(集团)有限责任公司,5,AA+
143043,17邮政01,中国邮政集团有限公司,5,AAA
143044,17晋电05,山西国际电力集团有限公司,5,AA+
143045,17广晟01,广东省广晟控股集团有限公司,5,AAA
143046,18富海01,富海集团有限公司,5,AA
143047,17南传01,南京高精传动设备制造集团有限公司,5,AA
143048,17兵器01,中国兵器工业集团有限公司,5,AAA
143049,17国地01,国贸地产集团有限公司,5,AAA
143050,17海矿01,海南矿业股份有限公司,5,AA
143051,17长峰01,上海长峰(集团)有限公司,5,AA+
143052,17成龙01,成龙建设集团有限公司,5,AA
143053,17成龙02,成龙建设集团有限公司,3,AA
143054,17现牧01,现代牧业(集团)有限公司,3,AA
143055,17南三01,江苏南通三建集团股份有限公司,5,AA
143056,17力控债,重庆力帆控股有限公司,3,AA
143057,17富宇01,山东富宇化工有限公司,5,AA
143058,17中经债,湖北联投资本投资发展有限公司,5,AA+
143059,17大海01,山东大海集团有限公司,5,AA
143060,17蚌投02,蚌埠投资集团有限公司,5,AA
143061,17正集01,正泰集团股份有限公司,3,AA+
143062,17首农01,北京首都农业集团有限公司,5,AA+
143063,17三鼎01,三鼎控股集团有限公司,3,AA
143064,17邮政02,中国邮政集团有限公司,5,AAA
143065,17海资01,海宁市资产经营公司,7,AA+
143066,17桂铁01,广西铁路投资集团有限公司,5,AAA
143067,17广晟02,广东省广晟控股集团有限公司,5,AAA
143068,17新新能,新疆新能源(集团)有限责任公司,7,AA+
143069,17川投01,四川省投资集团有限责任公司,5,AAA
143070,17鲁高01,山东高速集团有限公司,3,AAA
143071,17鲁高02,山东高速集团有限公司,5,AAA
143072,17北汽集,北京汽车集团有限公司,3,AAA
143073,17桂交01,广西交通投资集团有限公司,5,AAA
143074,18亦庄01,北京亦庄国际投资发展有限公司,5,AAA
143075,17重汽01,中国重型汽车集团有限公司,5,AA+
143076,17兵装01,中国兵器装备集团有限公司,3,AAA
143077,17兵装02,中国兵器装备集团有限公司,5,AAA
143078,17神州01,神州租车有限公司,5,AA+
143079,17信投G1,中信建投证券股份有限公司,3,AAA
143080,17津投01,天津城市基础设施建设投资集团有限公司,5,AAA
143081,17长电01,中国长江电力股份有限公司,3,AAA
143082,18陕燃01,陕西燃气集团有限公司,5,AA+
143083,17金诚01,金诚信矿业管理股份有限公司,3,AA
143084,17国电资,国电资本控股有限公司,5,AAA
143085,17光明01,光明食品(集团)有限公司,5,AAA
143086,17鲁资02,山东省国有资产投资控股有限公司,5,AAA
143087,17穗发01,广州产业投资控股集团有限公司,5,AAA
143088,17南水01,南方水泥有限公司,5,AAA
143089,17南水02,南方水泥有限公司,7,AAA
143090,17桂铁02,广西铁路投资集团有限公司,3,AAA
143091,17华资01,中国华电集团资本控股有限公司,5,AAA
143092,17广汇G1,广汇汽车服务有限责任公司,3,AA+
143093,17瑞控01,河南瑞贝卡控股有限责任公司,5,AA
143094,18三友01,唐山三友化工股份有限公司,5,AA+
143095,17金玛01,大连金玛商城企业集团有限公司,3,AA
143096,17宜交01,宜昌市交通投资有限公司,5,AA+
143097,17华阳02,中国华阳经贸集团有限公司,5,AA
143098,18川投01,四川省投资集团有限责任公司,5,AAA
143099,17连港01,辽宁港口股份有限公司,5,AAA
143100,17晋交01,华远国际陆港集团有限公司,5,AA+
143101,17当代01,武汉当代科技产业集团股份有限公司,5,AA+
143102,17南海01,广东南海控股集团有限公司,5,AA+
143103,17云投G1,云南省康旅控股集团有限公司,5,AAA
143104,17陕能债,陕西投资集团有限公司,7,AAA
143105,17能投01,云南省能源投资集团有限公司,5,AAA
143106,17洋河01,江苏洋河集团有限公司,10,AAA
143107,17欣捷01,欣捷投资控股集团有限公司,5,AA
143108,17翔业01,厦门翔业集团有限公司,5,AAA
143109,18国证债,国开证券股份有限公司,3,AAA
143110,G17龙源1,龙源电力集团股份有限公司,5,AAA
143112,17兵器03,中国兵器工业集团有限公司,10,AAA
143113,17亦庄01,北京亦庄国际投资发展有限公司,5,AA+
143114,17电投01,国家电力投资集团有限公司,3,AAA
143115,17电投02,国家电力投资集团有限公司,5,AAA
143116,17信投G2,中信建投证券股份有限公司,3,AAA
143117,17常熟01,常熟市城市经营投资有限公司,5,AA+
143118,17常熟02,常熟市城市经营投资有限公司,5,AA+
143119,PR璞泰01,上海璞泰来新能源科技股份有限公司,3,AA+
143120,17电投03,国家电力投资集团有限公司,3,AAA
143121,17电投04,国家电力投资集团有限公司,5,AAA
143122,皖交控01,安徽省交通控股集团有限公司,5,AAA
143123,皖交控02,安徽省交通控股集团有限公司,5,AAA
143124,17天图01,深圳市天图投资管理股份有限公司,5,AAA
143125,17金隅01,北京金隅股份有限公司,5,AAA
143126,17金隅02,北京金隅股份有限公司,7,AAA
143127,17天风01,天风证券股份有限公司,5,AA+
143129,17兵装04,中国兵器装备集团有限公司,10,AAA
143130,G17华电1,中国华电集团有限公司,5,AAA
143131,17中泰01,中泰证券股份有限公司,2,AAA
143132,17浦土01,上海浦东土地控股(集团)有限公司,5,AAA
143133,17兴泸01,泸州市兴泸投资集团有限公司,5,AA+
143134,18双欣01,内蒙古双欣能源化工有限公司,3,AA
143135,17东兴02,东兴证券股份有限公司,3,AAA
143136,17东兴03,东兴证券股份有限公司,5,AAA
143137,18际华01,际华集团股份有限公司,5,AAA
143139,17长园债,长园科技集团股份有限公司,5,AAA
143140,17维维02,维维集团股份有限公司,3,AA
143141,18金玛01,大连金玛商城企业集团有限公司,5,AA
143142,PR武投01,武汉市城市建设投资开发集团有限公司,7,AAA
143143,17鹏博债,鹏博士电信传媒集团股份有限公司,5,AA
143144,17祥鹏01,云南祥鹏航空有限责任公司,5,AA
143145,17皖盐债,安徽省盐业投资控股集团有限公司,5,AA
143146,17恒信01,海通恒信国际租赁股份有限公司,3,AAA
143147,17特变01,新疆特变电工集团有限公司,3,AA+
143148,17特变02,新疆特变电工集团有限公司,5,AA+
143149,17广汇01,广汇能源股份有限公司,5,AA+
143150,17金玛02,大连金玛商城企业集团有限公司,5,AA
143151,17国信一,江苏省国信集团有限公司,2,AAA
143152,17国信二,江苏省国信集团有限公司,3,AAA
143153,17圆融01,厦门金圆投资集团有限公司,3,AAA
143154,17光证G1,光大证券股份有限公司,3,AAA
143155,17光证G2,光大证券股份有限公司,5,AAA
143156,17港务01,厦门港务控股集团有限公司,5,AAA
143157,17华融G1,华融证券股份有限公司,3,AA+
143158,17银河G1,中国银河证券股份有限公司,3,AAA
143159,17联想01,联想控股股份有限公司,5,AAA
143160,17电投05,国家电力投资集团有限公司,3,AAA
143161,17电投06,国家电力投资集团有限公司,5,AAA
143162,17电投07,国家电力投资集团有限公司,3,AAA
143163,17电投08,国家电力投资集团有限公司,5,AAA
143164,17建屋01,苏州工业园区建屋发展集团有限公司,5,AA+
143165,17世茂G1,上海世茂股份有限公司,3,AAA
143166,17光控01,中国光大控股有限公司,5,AAA
143167,17光控02,中国光大控股有限公司,7,AAA
143168,17南传02,南京高精传动设备制造集团有限公司,5,AA
143169,17兵装05,中国兵器装备集团有限公司,5,AAA
143170,17兵装06,中国兵器装备集团有限公司,10,AAA
143171,17杭旅02,杭州市商贸旅游集团有限公司,5,AAA
143172,17沪宁01,上海大宁资产经营(集团)有限公司,7,AA+
143173,17广药01,广州医药集团有限公司,3,AAA
143174,17广药02,广州医药集团有限公司,5,AAA
143175,17金地01,金地(集团)股份有限公司,5,AAA
143176,17金地02,金地(集团)股份有限公司,7,AAA
143177,17金红02,金红叶纸业集团有限公司,2,AA
143178,17杭金01,杭州市金融投资集团有限公司,5,AAA
143179,17杭金02,杭州市金融投资集团有限公司,5,AAA
143180,G17华电2,中国华电集团有限公司,5,AAA
143181,G17华电3,中国华电集团有限公司,10,AAA
143182,17建材01,中国建材股份有限公司,5,AAA
143183,17建材02,中国建材股份有限公司,7,AAA
143184,17巨化01,巨化集团有限公司,3,AA+
143185,17湘财01,湘财证券股份有限公司,3,AA+
143186,17工贸债,龙岩投资发展集团有限公司,3,AA
143187,17洪政01,南昌市政公用集团有限公司,5,AAA
143188,18长电01,中国长江电力股份有限公司,3,AAA
143189,18蓉产01,成都产业投资集团有限公司,5,AAA
143190,17荣盛02,浙江荣盛控股集团有限公司,3,AA+
143191,17恒信02,海通恒信国际租赁股份有限公司,3,AAA
143192,17邮政03,中国邮政集团有限公司,5,AAA
143193,17电投09,国家电力投资集团有限公司,3,AAA
143194,17电投10,国家电力投资集团有限公司,5,AAA
143195,18格地02,格力地产股份有限公司,5,AAA
143196,17张江01,上海张江(集团)有限公司,5,AAA
143197,17晋圣01,山西晋煤集团晋圣矿业投资有限公司,5,AAA
143198,17华鲁01,华鲁控股集团有限公司,3,AA+
143199,17中煤01,中国中煤能源股份有限公司,5,AAA
143200,17产发01,宿迁产业发展集团有限公司,10,AAA
143201,17南山01,南山集团有限公司,5,AAA
143202,18晶澳01,晶澳太阳能有限公司,3,AA
143203,17电控01,北京电子控股有限责任公司,3,AAA
143204,17平租02,平安国际融资租赁有限公司,5,AAA
143205,17福投01,福建省投资开发集团有限责任公司,8,AAA
143206,17圣泉01,济南圣泉集团股份有限公司,3,AA
143207,17皖交03,安徽省交通控股集团有限公司,5,AAA
143208,17皖交04,安徽省交通控股集团有限公司,5,AAA
143209,G17光水1,中国光大水务有限公司,5,AAA
143210,17合盛01,合盛硅业股份有限公司,5,AA
143211,17花集01,花园集团有限公司,3,AA+
143212,17花集02,花园集团有限公司,3,AA+
143213,17豫高速,河南中原高速公路股份有限公司,5,AA+
143214,17晋然债,山西天然气有限公司,5,AA+
143215,17京资01,北京市国有资产经营有限责任公司,5,AAA
143216,17京资02,北京市国有资产经营有限责任公司,5,AAA
143217,17华药债,华北制药股份有限公司,4,AA
143218,17清控01,天府清源控股有限公司,5,AAA
143219,17昌控01,南昌市产业投资集团有限公司,5,AA+
143220,17连云港,连云港港口集团有限公司,5,AA+
143221,17海资02,海宁市资产经营公司,7,AA+
143222,17圆融02,厦门金圆投资集团有限公司,5,AAA
143223,17南水03,南方水泥有限公司,5,AAA
143224,17南水04,南方水泥有限公司,5,AAA
143225,17津投03,天津城市基础设施建设投资集团有限公司,15,AAA
143226,18格地03,格力地产股份有限公司,5,AAA
143227,17船重01,中国船舶重工集团有限公司,5,AAA
143228,18中煤07,中国中煤能源股份有限公司,5,AAA
143229,17国君G1,国泰君安证券股份有限公司,3,AAA
143230,17国君G2,国泰君安证券股份有限公司,5,AAA
143231,17海通01,海通证券股份有限公司,3,AAA
143232,17海通02,海通证券股份有限公司,5,AAA
143233,17东方债,东方证券股份有限公司,10,AAA
143234,17陕煤01,陕西煤业股份有限公司,3,AAA
143235,17舟交01,舟山交通投资集团有限公司,5,AA+
143236,17鲁信01,山东省鲁信投资控股集团有限公司,7,AAA
143237,17苏新02,苏州苏高新集团有限公司,5,AA+
143238,17普天01,中国普天信息产业股份有限公司,9,AAA
143239,17电投11,国家电力投资集团有限公司,3,AAA
143240,17电投12,国家电力投资集团有限公司,5,AAA
143241,17南山02,南山集团有限公司,5,AAA
143242,17首农02,北京首都农业集团有限公司,5,AA+
143243,17光大01,中国光大集团股份公司,5,AAA
143244,17光大02,中国光大集团股份公司,7,AAA
143245,17电投13,国家电力投资集团有限公司,3,AAA
143246,17电投14,国家电力投资集团有限公司,5,AAA
143247,17浦土02,上海浦东土地控股(集团)有限公司,5,AAA
143248,18杭金03,杭州市金融投资集团有限公司,5,AAA
143249,G17华电4,中国华电集团有限公司,5,AAA
143250,18杭金04,杭州市金融投资集团有限公司,5,AAA
143251,17荣盛03,浙江荣盛控股集团有限公司,3,AA+
143252,17鄂资01,内蒙古鄂尔多斯资源股份有限公司,5,AA+
143253,17豫电02,河南有线电视网络集团有限公司,3,AA+
143254,17国联01,国联证券股份有限公司,3,AA+
143255,17中油01,中国石油天然气股份有限公司,3,AAA
143256,17泰瑞01,宁夏泰瑞制药股份有限公司,5,AA
143257,17广电01,广州无线电集团有限公司,5,AAA
143258,17洋河02,江苏洋河集团有限公司,9,AAA
143259,18闽能02,福建省能源集团有限责任公司,3,AAA
143260,17国投01,国家开发投资集团有限公司,5,AAA
143261,17百联01,百联集团有限公司,5,AAA
143263,17平租04,平安国际融资租赁有限公司,5,AAA
143264,17港务02,厦门港务控股集团有限公司,5,AAA
143265,17泰达02,天津泰达投资控股有限公司,5,AAA
143266,17光大03,中国光大集团股份公司,5,AAA
143267,17光大04,中国光大集团股份公司,7,AAA
143268,17远东四,远东国际融资租赁有限公司,3,AAA
143269,17远东五,远东国际融资租赁有限公司,5,AAA
143270,17东港01,东港投资发展集团有限公司,5,AA
143271,17南铝债,山东南山铝业股份有限公司,5,AAA
143272,17建发01,厦门建发股份有限公司,3,AAA
143273,17两江01,重庆两江新区开发投资集团有限公司,3,AAA
143274,17君华01,雪松实业集团有限公司,3,AA+
143275,17沪国01,上海国有资产经营有限公司,5,AAA
143276,17川电01,四川省水电投资经营集团有限公司,5,AA+
143277,17瑞控03,河南瑞贝卡控股有限责任公司,5,AA
143278,17信债01,中国中信有限公司,5,AAA
143280,17宁资债,宁德市国有资产投资经营有限公司,5,AA
143281,18张江02,上海张江(集团)有限公司,5,AAA
143282,17平租05,平安国际融资租赁有限公司,5,AAA
143283,17江海G1,江海证券有限公司,3,AA+
143284,17鑫海02,山东鑫海科技股份有限公司,3,AA
143285,G17风电1,中节能风力发电股份有限公司,5,AAA
143286,17杭汽01,杭州汽轮动力集团有限公司,5,AA+
143287,17联投01,湖北省联合发展投资集团有限公司,5,AAA
143288,17国联02,国联证券股份有限公司,2,AA+
143289,18鲁商01,山东省商业集团有限公司,2,AA+
143290,17广汇02,广汇能源股份有限公司,5,AA+
143291,17渝高01,重庆高速公路集团有限公司,5,AAA
143292,17津投05,天津城市基础设施建设投资集团有限公司,15,AAA
143293,18川发02,四川发展(控股)有限责任公司,7,AAA
143294,17银河G2,中国银河证券股份有限公司,3,AAA
143295,17象屿01,厦门象屿股份有限公司,5,AA+
143296,17富宇02,山东富宇化工有限公司,5,AA
143297,17大华01,大华(集团)有限公司,5,AA+
143298,17兵装07,中国兵器装备集团有限公司,5,AAA
143299,17兵装08,中国兵器装备集团有限公司,7,AAA
143300,17兵装09,中国兵器装备集团有限公司,10,AAA
143301,17海通03,海通证券股份有限公司,10,AAA
143302,17中科02,重庆市中科控股有限公司,5,AA
143303,17北方02,中国北方稀土(集团)高科技股份有限公司,5,AA+
143304,17江铜01,江西铜业股份有限公司,5,AAA
143305,17电建债,中国电建地产集团有限公司,5,AA+
143306,17不动01,平安不动产有限公司,5,AAA
143307,17福投02,福建省投资开发集团有限责任公司,3,AAA
143308,17世茂G2,上海世茂股份有限公司,3,AAA
143309,18苏通01,江苏交通控股有限公司,5,AAA
143310,17建租01,中建投租赁股份有限公司,3,AA+
143311,17义乌01,义乌市国有资本运营有限公司,5,AA+
143312,17义乌02,义乌市国有资本运营有限公司,5,AA+
143313,17华药02,华北制药股份有限公司,4,AA
143314,17居然01,北京居然之家投资控股集团有限公司,5,AA+
143315,17广汇G2,广汇汽车服务有限责任公司,3,AA+
143316,17三鼎02,三鼎控股集团有限公司,3,AA
143317,18五资02,五矿资本控股有限公司,3,AAA
143318,17六建01,福建六建集团有限公司,2,AA
143319,17农投01,北京市农业投资有限公司,5,AAA
143320,17晋中01,晋中市公用基础设施投资控股(集团)有限公司,5,AA
143321,17金玛03,大连金玛商城企业集团有限公司,4,AA
143322,17金玛04,大连金玛商城企业集团有限公司,5,AA
143323,17首创债,首创证券股份有限公司,5,AA
143324,17苏保债,江苏省信用再担保集团有限公司,5,AAA
143325,17光证G3,光大证券股份有限公司,3,AAA
143326,17光证G4,光大证券股份有限公司,5,AAA
143327,17招商G1,招商证券股份有限公司,2,AAA
143328,17中材03,中国中材股份有限公司,7,AAA
143329,G17三峡3,中国长江三峡集团有限公司,3,AAA
143330,18华数02,华数数字电视传媒集团有限公司,5,AAA
143331,17广汇03,广汇能源股份有限公司,5,AA+
143332,17世茂G3,上海世茂股份有限公司,3,AAA
143333,17江海G2,江海证券有限公司,3,AA+
143334,17蓉工01,成都产业投资集团有限公司,5,AA+
143335,17国元01,安徽国元金融控股集团有限责任公司,5,AAA
143336,17海通04,海通证券股份有限公司,3,AAA
143337,17国君G3,国泰君安证券股份有限公司,3,AAA
143338,17益佰01,贵州益佰制药股份有限公司,5,AA
143339,17卓越01,深圳市卓越商业管理有限公司,5,AA+
143340,17老窖01,泸州老窖集团有限责任公司,5,AAA
143341,17南京01,南京证券股份有限公司,5,AAA
143342,17招商G2,招商证券股份有限公司,3,AAA
143343,17洪政02,南昌市政公用集团有限公司,5,AAA
143344,17红星01,红星美凯龙控股集团有限公司,5,AAA
143345,17红星02,红星美凯龙控股集团有限公司,7,AAA
143346,17科工01,中国航天科工集团公司,5,AAA
143347,G17能源1,山西国际能源集团有限公司,5,AA+
143348,17五资01,五矿资本控股有限公司,3,AAA
143349,17天图02,深圳市天图投资管理股份有限公司,5,AAA
143350,17科发债,绵阳科技城发展投资(集团)有限公司,5,AA
143351,17花集03,花园集团有限公司,3,AA+
143352,18翔业01,厦门翔业集团有限公司,5,AAA
143353,17中车G1,中国中车集团有限公司,5,AAA
143354,17中车G2,中国中车集团有限公司,10,AAA
143355,17国控01,国药控股股份有限公司,5,AAA
143356,17日照01,日照港股份有限公司,5,AA+
143357,17工投02,合肥工投工业科技发展有限公司,5,AAA
143358,17天风02,天风证券股份有限公司,5,AA+
143359,17华汇01,华融汇通资产管理有限公司,3,AA+
143360,17川发01,四川发展(控股)有限责任公司,7,AAA
143361,17中冶01,中国冶金科工股份有限公司,5,AAA
143362,17三鼎03,三鼎控股集团有限公司,3,AA
143363,18广汇G1,广汇汽车服务有限责任公司,3,AA+
143364,17北控02,北京控股集团有限公司,5,AAA
143365,17九华旅,安徽九华山文化旅游集团有限公司,5,AA
143366,17环能01,山西潞安环保能源开发股份有限公司,5,AAA
143367,17金证01,深圳市金证科技股份有限公司,5,AAA
143368,17招金01,招金矿业股份有限公司,5,AAA
143369,17招商G3,招商证券股份有限公司,3,AAA
143370,17联合04,联合光伏(常州)投资有限公司,3,AA
143371,17沪中环,上海中环投资开发(集团)有限公司,5,AA
143372,18核建01,中国核工业建设集团有限公司,5,AAA
143373,18核建02,中国核工业建设集团有限公司,5,AAA
143374,17红豆01,红豆集团有限公司,5,AA+
143375,17东辰01,东辰控股集团有限公司,3,AA
143376,H17成龙3,成龙建设集团有限公司,5,AA
143377,17穗金控,广州金融控股集团有限公司,5,AAA
143378,17绍交02,绍兴市交通投资集团有限公司,5,AA+
143379,17合盛02,合盛硅业股份有限公司,5,AA
143380,17华能01,华能国际电力股份有限公司,3,AAA
143381,18宁安02,南京安居建设集团有限责任公司,5,AAA
143382,17国联03,国联证券股份有限公司,2,AA+
143383,17颖泰01,北京颖泰嘉和生物科技股份有限公司,5,AA+
143385,17富宇03,山东富宇化工有限公司,5,AA
143386,18粤控01,广东粤海控股集团有限公司,5,AAA
143387,17刚股01,甘肃刚泰控股(集团)股份有限公司,5,AA
143388,17如意01,山东如意科技集团有限公司,5,AA
143389,17永钢01,江苏永钢集团有限公司,5,AA+
143390,17永钢02,江苏永钢集团有限公司,7,AA+
143391,17金玛05,大连金玛商城企业集团有限公司,5,AA
143392,18招商G6,招商证券股份有限公司,3,AAA
143394,17招金02,招金矿业股份有限公司,5,AAA
143395,17汇鸿01,江苏汇鸿国际集团股份有限公司,5,AA+
143396,17浙旅01,浙江省旅游投资集团有限公司,5,AA
143397,18闽电01,福建省电子信息(集团)有限责任公司,5,AAA
143398,17中船01,中国船舶工业集团有限公司,5,AAA
143399,17中船02,中国船舶工业集团有限公司,7,AAA
143400,17精工01,长江精工钢结构(集团)股份有限公司,4,AA
143401,17开旅01,开元旅业集团有限公司,3,AA
143402,17远洋01,远洋控股集团(中国)有限公司,5,AAA
143403,17三福01,泰州三福重工集团有限公司,5,AA
143404,17三福02,泰州三福重工集团有限公司,5,AA
143405,H7新大01,中融新大集团有限公司,5,AAA
143406,H7新大02,中融新大集团有限公司,7,AAA
143407,17不动02,平安不动产有限公司,5,AAA
143408,18招金02,招金矿业股份有限公司,5,AAA
143409,17万向01,中国万向控股有限公司,5,AA+
143410,17义乌03,义乌市国有资本运营有限公司,5,AA+
143411,17航租01,中航国际租赁有限公司,3,AAA
143412,17星星01,星星集团有限公司,3,AA
143413,17贵产01,贵州乌江能源投资有限公司,5,AA+
143414,17兴泸03,泸州市兴泸投资集团有限公司,5,AA+
143415,18钢钒02,攀钢集团攀枝花钢钒有限公司,5,AAA
143416,17中信G3,中信证券股份有限公司,2,AAA
143417,17中信G4,中信证券股份有限公司,3,AAA
143418,17亚通01,东营市亚通石化有限公司,5,AA
143419,18津投05,天津城市基础设施建设投资集团有限公司,3,AAA
143420,18津投06,天津城市基础设施建设投资集团有限公司,5,AAA
143421,18新发01,无锡市新发集团有限公司,5,AA+
143422,18复药01,上海复星医药(集团)股份有限公司,5,AAA
143423,17联讯01,粤开证券股份有限公司,3,AA
143424,17绍交03,绍兴市交通投资集团有限公司,5,AA+
143425,17歌山01,歌山控股集团有限公司,3,AA
143426,17绍城投,绍兴市城市建设投资集团有限公司,7,AA+
143427,17红星03,红星美凯龙控股集团有限公司,5,AAA
143429,17三鼎04,三鼎控股集团有限公司,3,AA
143430,18三峡01,重庆三峡担保集团股份有限公司,5,AAA
143431,17泰瑞02,宁夏泰瑞制药股份有限公司,5,AA
143432,18云工01,云南省工业投资控股集团有限责任公司,3,AA+
143433,17陕能02,陕西投资集团有限公司,5,AAA
143434,17陕能03,陕西投资集团有限公司,7,AAA
143435,17紫江01,上海紫江(集团)有限公司,5,AA+
143436,17海科01,山东海科化工集团有限公司,5,AA
143437,H7新大03,中融新大集团有限公司,5,AAA
143438,17乌资01,乌鲁木齐国有资产经营(集团)有限公司,7,AA
143439,17昌润01,昌润投资控股集团有限公司,5,AA
143440,18熊猫01,南京中电熊猫信息产业集团有限公司,5,AA+
143441,17贵安01,贵州贵安发展集团有限公司,7,AA+
143442,18光水01,中国光大水务有限公司,5,AAA
143443,17中民G1,中国民生投资股份有限公司,3,AAA
143445,17南传03,南京高精传动设备制造集团有限公司,5,AA
143446,18复星01,上海复星高科技(集团)有限公司,5,AAA
143447,18力控01,重庆力帆控股有限公司,3,AA
143448,18大华01,大华(集团)有限公司,5,AA+
143449,18航租01,中航国际租赁有限公司,3,AAA
143450,18绿城01,绿城房地产集团有限公司,5,AAA
143451,18市北02,上海市北高新(集团)有限公司,5,AA+
143452,18国都G1,国都证券股份有限公司,2,AA+
143453,18吉高01,吉林省高速公路集团有限公司,5,AAA
143454,18路桥01,厦门路桥建设集团有限公司,5,AAA
143455,18红狮01,红狮控股集团有限公司,3,AAA
143456,18新大01,中融新大集团有限公司,3,AAA
143457,18新大02,中融新大集团有限公司,3,AAA
143458,18成大01,辽宁成大股份有限公司,5,AA+
143459,18宝丰01,宁夏宝丰能源集团股份有限公司,5,AA+
143460,18招商G1,招商证券股份有限公司,3,AAA
143461,18紫金01,南京紫金投资集团有限责任公司,5,AAA
143462,18东风01,东风汽车集团股份有限公司,3,AAA
143463,18延长01,陕西延长石油(集团)有限责任公司,5,AAA
143464,18海通04,海通证券股份有限公司,3,AAA
143465,18亦庄02,北京亦庄国际投资发展有限公司,5,AAA
143466,18中银01,中银国际证券股份有限公司,2,AAA
143467,18联想01,联想控股股份有限公司,5,AAA
143468,18国联01,国联证券股份有限公司,2,AA+
143469,18建材09,中国建材股份有限公司,3,AAA
143470,18建材10,中国建材股份有限公司,5,AAA
143471,18新业01,新疆新业国有资产经营(集团)有限责任公司,7,AA+
143473,18陕投01,陕西投资集团有限公司,5,AAA
143474,18陕投02,陕西投资集团有限公司,7,AAA
143475,18建材01,中国建材股份有限公司,3,AAA
143476,18台金01,台州市金融投资有限责任公司,5,AA+
143477,18贵安01,贵州贵安发展集团有限公司,7,AA+
143478,18皖投01,安徽省投资集团控股有限公司,5,AAA
143479,18浦建01,上海浦东建设股份有限公司,4,AA+
143480,18海通01,海通证券股份有限公司,3,AAA
143481,18东辰01,东辰控股集团有限公司,3,AA
143482,18京资01,北京市国有资产经营有限责任公司,5,AAA
143483,18京资02,北京市国有资产经营有限责任公司,8,AAA
143484,H18房信1,天津市房地产信托集团有限公司,5,AA+
143485,H18房信2,天津市房地产信托集团有限公司,5,AA+
143486,18南水02,南方水泥有限公司,3,AAA
143487,18帝泰01,上海帝泰发展有限公司,3,AA
143488,18复星02,上海复星高科技(集团)有限公司,5,AAA
143489,18渝高01,重庆高速公路集团有限公司,5,AAA
143490,18武商01,武汉商贸国有控股集团有限公司,3,AA
143492,18银河G1,中国银河证券股份有限公司,3,AAA
143493,18象屿01,厦门象屿集团有限公司,5,AAA
143494,18香江01,深圳香江控股股份有限公司,4,AA
143495,18豫高01,河南中原高速公路股份有限公司,5,AA+
143496,18沪资01,上海国际集团资产管理有限公司,5,AAA
143497,18天风01,天风证券股份有限公司,5,AA+
143498,18国信三,江苏省国信集团有限公司,3,AAA
143499,18深航02,深圳航空有限责任公司,3,AAA
143500,18公用01,上海大众公用事业(集团)股份有限公司,5,AA+
143501,18南山03,南山集团有限公司,3,AAA
143502,18铁建Y1,中国铁建股份有限公司,nan,AAA
143503,18招金01,招金矿业股份有限公司,3,AAA
143504,18华能01,华能国际电力股份有限公司,3,AAA
143505,18舟交01,舟山交通投资集团有限公司,3,AA+
143507,18建材02,中国建材股份有限公司,3,AAA
143508,18榕投01,福州国有资本投资运营集团有限公司,8,AA+
143509,18宜华01,宜华企业(集团)有限公司,3,AA+
143510,18龙湖01,重庆龙湖企业拓展有限公司,5,AAA
143511,18南报01,广东南方报业传媒集团有限公司,5,AA+
143512,18中信G1,中信证券股份有限公司,3,AAA
143513,18国控01,江西省国有资本运营控股集团有限公司,5,AAA
143514,PR璞泰02,上海璞泰来新能源科技股份有限公司,3,AA+
143515,18粤桥01,广东省路桥建设发展有限公司,15,AAA
143516,18当代01,武汉当代科技产业集团股份有限公司,3,AA+
143517,18锦江01,锦江国际集团有限公司,5,AAA
143518,G18临港1,上海临港经济发展(集团)有限公司,4,AAA
143519,G18临港2,上海临港经济发展(集团)有限公司,5,AAA
143520,18金地01,金地(集团)股份有限公司,5,AAA
143522,18吉高02,吉林省高速公路集团有限公司,5,AAA
143523,18宁安01,南京安居建设集团有限责任公司,5,AAA
143524,18信通01,中信富通融资租赁有限公司,3,AA
143525,G18光水1,中国光大水务有限公司,5,AAA
143526,18老窖01,泸州老窖集团有限责任公司,5,AAA
143527,18华药01,华立医药集团有限公司,5,AA
143528,18国君G1,国泰君安证券股份有限公司,3,AAA
143529,18海通02,海通证券股份有限公司,3,AAA
143530,18陕投03,陕西投资集团有限公司,5,AAA
143531,18陕投04,陕西投资集团有限公司,7,AAA
143532,18绍城01,绍兴市城市建设投资集团有限公司,5,AA+
143533,18国投01,国家开发投资集团有限公司,5,AAA
143534,18天风02,天风证券股份有限公司,5,AA+
143535,18荣和01,广西荣和有限责任公司,5,AA
143536,18复星03,上海复星高科技(集团)有限公司,3,AAA
143537,18五资01,五矿资本控股有限公司,2,AAA
143538,18陆债01,上海陆家嘴金融贸易区开发股份有限公司,5,AAA
143539,18凤祥01,新凤祥控股集团有限责任公司,5,AA
143540,18栖建01,南京栖霞建设股份有限公司,5,AA+
143541,18南资01,南方工业资产管理有限责任公司,5,AA+
143542,18钢钒01,攀钢集团攀枝花钢钒有限公司,5,AAA
143544,G18华综1,珠海华发综合发展有限公司,5,AAA
143545,18建材11,中国建材股份有限公司,3,AAA
143546,18福日01,福建福日电子股份有限公司,3,AA
143547,18旭辉03,旭辉集团股份有限公司,3,AAA
143548,18海科01,山东海科化工集团有限公司,5,AA
143549,18珠实01,广州珠江实业开发股份有限公司,5,AA
143550,18华夏01,华夏幸福基业股份有限公司,4,AAA
143551,18华夏02,华夏幸福基业股份有限公司,5,AAA
143552,18市政01,天津市政投资有限公司,10,AAA
143553,18市政02,天津市政投资有限公司,10,AAA
143554,18国信一,江苏省国信集团有限公司,2,AAA
143555,18国信二,江苏省国信集团有限公司,3,AAA
143556,18特变01,新疆特变电工集团有限公司,3,AA+
143557,18特变02,新疆特变电工集团有限公司,5,AA+
143559,18桂交01,广西交通投资集团有限公司,3,AAA
143560,18豫高02,河南中原高速公路股份有限公司,5,AA+
143561,18航集01,中国南方航空集团有限公司,3,AAA
143562,18川发01,四川发展(控股)有限责任公司,7,AAA
143563,18张江01,上海张江(集团)有限公司,5,AAA
143564,18京投03,北京市基础设施投资有限公司,5,AAA
143565,18京投04,北京市基础设施投资有限公司,10,AAA
143566,18不动01,平安不动产有限公司,3,AAA
143567,18住总01,北京住总集团有限责任公司,5,AA+
143568,18建材12,中国建材股份有限公司,5,AAA
143569,18国控02,江西省国有资本运营控股集团有限公司,5,AAA
143570,18兵器01,中国兵器工业集团有限公司,5,AAA
143571,18南水01,南方水泥有限公司,3,AAA
143572,18南京01,南京证券股份有限公司,5,AAA
143573,18杭金01,杭州市金融投资集团有限公司,5,AAA
143574,18杭金02,杭州市金融投资集团有限公司,5,AAA
143575,18光证G1,光大证券股份有限公司,2,AAA
143576,18光证G2,光大证券股份有限公司,3,AAA
143577,18南山01,南山集团有限公司,3,AAA
143578,18南山02,南山集团有限公司,5,AAA
143579,18军工债,安徽军工集团控股有限公司,5,AA
143580,18穗发01,广州产业投资控股集团有限公司,5,AAA
143581,18象屿02,厦门象屿集团有限公司,5,AAA
143582,18中化01,中国中化股份有限公司,5,AAA
143583,18龙湖03,重庆龙湖企业拓展有限公司,5,AAA
143584,18电投01,国家电力投资集团有限公司,3,AAA
143585,18深燃01,深圳市燃气集团股份有限公司,5,AAA
143586,18神州01,神州租车有限公司,3,AA+
143587,18航集02,中国南方航空集团有限公司,3,AAA
143588,18沪国01,上海国有资产经营有限公司,5,AAA
143589,18建材03,中国建材股份有限公司,3,AAA
143590,18建材04,中国建材股份有限公司,5,AAA
143591,18鲁金02,山东省金融资产管理股份有限公司,5,AAA
143592,18能建01,中国能源建设股份有限公司,5,AAA
143593,18招金03,招金矿业股份有限公司,3,AAA
143594,18华数01,华数数字电视传媒集团有限公司,5,AAA
143595,18君华01,雪松实业集团有限公司,3,AAA
143596,18华胜01,北京华胜天成科技股份有限公司,5,AA
143598,18陕煤01,陕西煤业股份有限公司,3,AAA
143599,18甬投01,宁波开发投资集团有限公司,5,AAA
143600,18阳集01,福建阳光集团有限公司,3,AA+
143601,18深航04,深圳航空有限责任公司,3,AAA
143602,18雅砻01,雅砻江流域水电开发有限公司,5,AAA
143603,18同济01,同济堂医药有限公司,3,AA
143604,18同济02,同济堂医药有限公司,3,AA
143605,18扬城控,扬州市城建国有资产控股(集团)有限责任公司,5,AA+
143606,18鹏博债,鹏博士电信传媒集团股份有限公司,5,AA
143607,18国君G2,国泰君安证券股份有限公司,3,AAA
143608,18威国01,威海产业投资集团有限公司,5,AA+
143609,18津创01,天津创业环保集团股份有限公司,5,AA+
143610,18新工01,南京新工投资集团有限责任公司,5,AAA
143611,18新工02,南京新工投资集团有限责任公司,7,AAA
143612,18绍城02,绍兴市城市建设投资集团有限公司,5,AA+
143613,18市北01,上海市北高新(集团)有限公司,5,AA+
143614,18景国01,景德镇市国资运营投资控股集团有限责任公司,3,AA
143615,18远海01,中国远洋海运集团有限公司,3,AAA
143616,18浙能01,浙江省能源集团有限公司,5,AAA
143617,18迈科01,西安迈科金属国际集团有限公司,3,AA
143618,18陕旅01,陕西旅游集团有限公司,10,AA
143619,18歌山01,歌山控股集团有限公司,3,AA
143620,18国科01,中国科学院控股有限公司,6,AAA
143621,18蓝星02,中国蓝星(集团)股份有限公司,5,AAA
143622,18东方02,东方集团股份有限公司,3,AA+
143623,18粤电01,广东省能源集团有限公司,3,AAA
143624,18中科01,中科实业集团(控股)有限公司,3,AA
143625,18贵产01,贵州乌江能源投资有限公司,5,AA+
143626,18招商G2,招商证券股份有限公司,2,AAA
143627,18招商G3,招商证券股份有限公司,3,AAA
143628,18新业03,新疆新业国有资产经营(集团)有限责任公司,7,AA+
143629,18中凯01,中国建材国际工程集团有限公司,5,AAA
143630,18华谊01,上海华谊控股集团有限公司,7,AAA
143631,18南港01,南京新港开发有限公司,5,AA+
143632,18海通03,海通证券股份有限公司,3,AAA
143633,18粤财01,广东粤财投资控股有限公司,5,AAA
143634,18中冶01,中国冶金科工股份有限公司,3,AAA
143635,18中冶02,中国冶金科工股份有限公司,5,AAA
143636,18国联G1,无锡市国联发展(集团)有限公司,5,AAA
143637,18日照01,日照港股份有限公司,5,AA+
143638,18中煤01,中国中煤能源股份有限公司,5,AAA
143639,18中煤02,中国中煤能源股份有限公司,7,AAA
143640,18隧道01,上海隧道工程股份有限公司,3,AAA
143641,18江海债,江海证券有限公司,3,AA+
143642,18国电01,国电电力发展股份有限公司,3,AAA
143643,18联想02,联想控股股份有限公司,3,AAA
143644,18复地01,复地(集团)股份有限公司,3,AAA
143645,18电投02,国家电力投资集团有限公司,3,AAA
143646,18中租一,中民投租赁控股有限公司,3,AAA
143647,18电投03,国家电力投资集团有限公司,3,AAA
143648,18国投02,国家开发投资集团有限公司,5,AAA
143649,H18成龙1,成龙建设集团有限公司,5,AA
143650,18绿城07,绿城房地产集团有限公司,5,AAA
143651,18北方01,中国北方工业有限公司,3,AAA
143652,18光证G3,光大证券股份有限公司,3,AAA
143653,18元禾01,苏州元禾控股股份有限公司,5,AA+
143654,18泰富01,中信泰富有限公司,3,AAA
143656,18文投01,北京市文化投资发展集团有限责任公司,5,AAA
143657,18金地03,金地(集团)股份有限公司,3,AAA
143658,18金地04,金地(集团)股份有限公司,5,AAA
143659,18西地01,西安高新技术产业开发区房地产开发有限公司,5,AA+
143661,18泛海G1,中国泛海控股集团有限公司,5,AA+
143662,18国电02,国电电力发展股份有限公司,3,AAA
143663,18苏城01,苏州城市建设投资发展(集团)有限公司,5,AAA
143664,PR保集01,保集控股集团有限公司,3,AA
143665,18兴泸01,泸州市兴泸投资集团有限公司,7,AA+
143666,18远洋01,北京远洋控股集团有限公司,5,AAA
143667,18农投01,北京市农业投资有限公司,5,AAA
143668,18皖高速,安徽省高速地产集团有限公司,5,AAA
143669,18宁开控,宁波经济技术开发区控股有限公司,5,AA+
143670,18中煤03,中国中煤能源股份有限公司,5,AAA
143671,18恒安01,恒安(中国)投资有限公司,3,AAA
143672,18兴泸02,泸州市兴泸投资集团有限公司,7,AA+
143673,18伊泰01,内蒙古伊泰煤炭股份有限公司,3,AAA
143674,18临债01,上海临港控股股份有限公司,4,AAA
143675,18方正12,北大方正集团有限公司,5,AAA
143676,18津投02,天津城市基础设施建设投资集团有限公司,15,AAA
143677,18临债02,上海临港控股股份有限公司,5,AAA
143678,18新望01,新希望集团有限公司,2,AAA
143679,18龙湖04,重庆龙湖企业拓展有限公司,5,AAA
143680,18西股01,西部矿业股份有限公司,5,AA+
143681,18中银投,中银集团投资有限公司,3,AAA
143682,18中核01,中国核工业集团有限公司,5,AAA
143683,H18铁牛1,铁牛集团有限公司,5,AA+
143684,18建材05,中国建材股份有限公司,3,AAA
143685,18中证G1,中信证券股份有限公司,3,AAA
143686,18中证G2,中信证券股份有限公司,5,AAA
143687,18建材06,中国建材股份有限公司,5,AAA
143688,18泛海G2,中国泛海控股集团有限公司,5,AA+
143689,18建投01,河北建设投资集团有限责任公司,5,AAA
143690,18齐鲁01,齐鲁交通发展集团有限公司,5,AAA
143691,18桂交02,广西交通投资集团有限公司,5,AAA
143692,18当代02,武汉当代科技产业集团股份有限公司,5,AA+
143693,18华夏03,华夏幸福基业股份有限公司,4,AAA
143694,18金地05,金地(集团)股份有限公司,3,AAA
143695,18金地06,金地(集团)股份有限公司,5,AAA
143696,18盛屯01,盛屯矿业集团股份有限公司,5,AA
143697,18中民G1,中国民生投资股份有限公司,3,AAA
143698,18华宇05,重庆华宇集团有限公司,5,AA
143699,18佛控01,佛山市公用事业控股有限公司,3,AAA
143700,18宁资01,宁夏国有资本运营集团有限责任公司,3,AAA
143701,18居然01,北京居然之家投资控股集团有限公司,3,AA+
143704,18闽能01,福建省能源集团有限责任公司,3,AAA
143705,18蓝星01,中国蓝星(集团)股份有限公司,5,AAA
143706,18中煤05,中国中煤能源股份有限公司,5,AAA
143707,18中煤06,中国中煤能源股份有限公司,7,AAA
143708,18中庚G1,中庚置业集团有限公司,5,AA
143709,18诚通01,中国诚通控股集团有限公司,3,AAA
143712,18招商G5,招商证券股份有限公司,3,AAA
143714,18实业02,新疆广汇实业投资(集团)有限责任公司,3,AA+
143716,18国电03,国电电力发展股份有限公司,3,AAA
143719,18渝高02,重庆高速公路集团有限公司,5,AAA
143720,18联泰01,广东省联泰集团有限公司,2,AA+
143721,18建材07,中国建材股份有限公司,3,AAA
143722,18建材08,中国建材股份有限公司,5,AAA
143723,G18风电1,中节能风力发电股份有限公司,5,AAA
143724,18津投03,天津城市基础设施建设投资集团有限公司,3,AAA
143725,18光明01,光明食品(集团)有限公司,3,AAA
143727,18津投04,天津城市基础设施建设投资集团有限公司,5,AAA
143728,18国科02,中国科学院控股有限公司,5,AAA
143729,18国科03,中国科学院控股有限公司,8,AAA
143730,18康美01,康美药业股份有限公司,3,AAA
143731,18金隅01,北京金隅集团股份有限公司,5,AAA
143732,18国君G3,国泰君安证券股份有限公司,3,AAA
143733,18国君G4,国泰君安证券股份有限公司,5,AAA
143734,18金隅02,北京金隅集团股份有限公司,7,AAA
143735,18方正09,北大方正集团有限公司,5,AAA
143736,18远海02,中国远洋海运集团有限公司,3,AAA
143737,18远海03,中国远洋海运集团有限公司,5,AAA
143738,18广开01,广州开发区控股集团有限公司,5,AAA
143739,18广开02,广州开发区控股集团有限公司,5,AAA
143740,18公用03,上海大众公用事业(集团)股份有限公司,5,AAA
143741,18江河01,江河创建集团股份有限公司,3,AA+
143742,18华资01,中国华电集团资本控股有限公司,5,AAA
143743,18公用04,上海大众公用事业(集团)股份有限公司,5,AAA
143744,G18三峡1,中国长江三峡集团有限公司,3,AAA
143745,G18三峡2,中国长江三峡集团有限公司,5,AAA
143746,18光明02,光明食品(集团)有限公司,5,AAA
143747,18粤财02,广东粤财投资控股有限公司,5,AAA
143748,18粤财03,广东粤财投资控股有限公司,7,AAA
143749,18云城01,云南省康旅控股集团有限公司,3,AAA
143750,18云城02,云南省康旅控股集团有限公司,5,AAA
143751,18华综01,珠海华发综合发展有限公司,5,AAA
143752,助业13A2,国联民生证券股份有限公司,1.21,AAA
143753,18京投05,北京市基础设施投资有限公司,5,AAA
143754,18京投06,北京市基础设施投资有限公司,10,AAA
143755,18CHNG1A,中国华能集团有限公司,10,AAA
143756,18CHNG1B,中国华能集团有限公司,10,AAA
143757,18CHNG1C,中国华能集团有限公司,5,AAA
143758,18CHNG1D,中国华能集团有限公司,1.5,AAA
143760,18保文01,保利文化集团股份有限公司,3,AA+
143761,18电投04,国家电力投资集团有限公司,3,AAA
143762,18招商G8,招商证券股份有限公司,3,AAA
143764,18电投05,国家电力投资集团有限公司,3,AAA
143765,18津投07,天津城市基础设施建设投资集团有限公司,2,AAA
143767,18石化01,中国石油化工集团有限公司,3,AAA
143769,18兵装01,中国兵器装备集团有限公司,3,AAA
143771,18诚通03,中国诚通控股集团有限公司,3,AAA
143772,18诚通02,中国诚通控股集团有限公司,3,AAA
143774,18北汽集,北京汽车集团有限公司,5,AAA
143777,18红星01,红星美凯龙控股集团有限公司,3,AAA
143778,鲲鹏15A1,中信证券股份有限公司,0.91,AAA
143779,18绿城09,绿城房地产集团有限公司,5,AAA
143781,18中燃01,中国燃气控股有限公司,5,AAA
143783,18国元债,安徽国元金融控股集团有限责任公司,5,AAA
143784,18湘财01,湘财证券股份有限公司,2,AA+
143785,18湘财02,湘财证券股份有限公司,3,AA+
143787,18京投07,北京市基础设施投资有限公司,5,AAA
143788,18京投08,北京市基础设施投资有限公司,10,AAA
143789,18中车G1,中国中车集团有限公司,5,AAA
143791,18电投06,国家电力投资集团有限公司,3,AAA
143793,18深航06,深圳航空有限责任公司,3,AAA
143794,18兵器02,中国兵器工业集团有限公司,5,AAA
143795,18华福G1,华福证券有限责任公司,3,AA+
143798,18华能03,华能国际电力股份有限公司,10,AAA
143799,18天目湖,江苏天目湖(集团)有限公司,5,AA
143800,18佛控02,佛山市投资控股集团有限公司,5,AAA
143801,18双欣02,内蒙古双欣能源化工有限公司,3,AA
143802,18爱众01,四川广安爱众股份有限公司,5,AA
143804,18中铝01,中国铝业股份有限公司,3,AAA
143805,18中铝02,中国铝业股份有限公司,5,AAA
143806,18纺织01,上海纺织(集团)有限公司,3,AAA
143807,18电投07,国家电力投资集团有限公司,3,AAA
143808,18华宝01,华宝投资有限公司,3,AAA
143812,18首置01,首创置业有限公司,5,AAA
143813,安腾1B,平安证券股份有限公司,2.03,AA+
143814,18通用01,中国通用技术(集团)控股有限责任公司,5,AAA
143816,18居然02,北京居然之家投资控股集团有限公司,3,AA+
143817,18广汇G2,广汇汽车服务有限责任公司,3,AA+
143818,18如意01,山东如意科技集团有限公司,5,AA+
143820,18杭城01,杭州市城市建设投资集团有限公司,5,AAA
143821,18旭辉05,旭辉集团股份有限公司,4,AAA
143822,G18绿园1,中国葛洲坝集团绿园科技有限公司,5,AAA
143823,18闽能03,福建省能源集团有限责任公司,3,AAA
143824,18国美01,国美电器有限公司,6,AA+
143825,18长电02,中国长江电力股份有限公司,3,AAA
143826,18粤电02,广东省能源集团有限公司,3,AAA
143827,18中航集,中国航空集团有限公司,3,AAA
143828,18油气01,中国化工油气股份有限公司,5,AAA
143829,18恒信01,海通恒信国际融资租赁股份有限公司,3,AAA
143830,星灿2A1,华泰证券(上海)资产管理有限公司,0.91,AAA
143831,18保利01,中国保利集团有限公司,3,AAA
143835,18奥园04,奥园集团有限公司,3,AA+
143836,18建投02,河北建设投资集团有限责任公司,5,AAA
143837,星鸿4A,财通证券资产管理有限公司,1.07,AAA
143838,18永钢01,江苏永钢集团有限公司,5,AA+
143839,18晟晏G1,宁夏晟晏实业集团有限公司,5,AA
143840,18雪松01,雪松实业集团有限公司,3,AA+
143841,18香江02,深圳香江控股股份有限公司,4,AA
143842,H8康美04,康美药业股份有限公司,5,AAA
143843,18淄矿01,淄博矿业集团有限责任公司,5,AA+
143844,18南港02,南京新港开发有限公司,5,AA+
143845,23惠民3B,天风(上海)证券资产管理有限公司,2.78,AA+
143846,18航租02,中航国际租赁有限公司,3,AAA
143847,18方正13,北大方正集团有限公司,5,AAA
143848,18兴杭01,闽西兴杭国有资产投资经营有限公司,5,AAA
143849,S18红狮2,红狮控股集团有限公司,3,AAA
143850,18华宝03,华宝投资有限公司,3,AAA
143851,18华宝04,华宝投资有限公司,5,AAA
143852,18中凯02,中国建材国际工程集团有限公司,5,AAA
143853,18阳集02,福建阳光集团有限公司,3,AA+
143854,18穗建01,广州市城市建设开发有限公司,3,AAA
143855,18穗建02,广州市城市建设开发有限公司,5,AAA
143856,18北汽02,北京汽车集团有限公司,5,AAA
143857,18鸿坤01,北京鸿坤伟业房地产开发有限公司,4,AA
143858,18甬投02,宁波开发投资集团有限公司,5,AAA
143859,18东港01,东港投资发展集团有限公司,5,AA
143860,18南水04,南方水泥有限公司,3,AAA
143862,PR保集02,保集控股集团有限公司,3,AA
143863,18腾越01,广东腾越建筑工程有限公司,3,AAA
143864,荟享113C,平安证券股份有限公司,1.5,nan
143865,18渝信01,同方国信投资控股有限公司,3,AAA
143867,18电投08,国家电力投资集团有限公司,3,AAA
143868,18电投09,国家电力投资集团有限公司,5,AAA
143869,18格力01,珠海格力集团有限公司,5,AAA
143870,万宝6A1,平安证券股份有限公司,0.97,AAA
143871,18蓉高01,成都高新投资集团有限公司,3,AAA
143872,万宝6A3,平安证券股份有限公司,2.47,AAA
143874,18实业05,新疆广汇实业投资(集团)有限责任公司,3,AA+
143875,18宜华02,宜华企业(集团)有限公司,3,AA+
143876,G18三峡3,中国长江三峡集团有限公司,3,AAA
143878,18浦土01,上海浦东土地控股(集团)有限公司,5,AAA
143879,18中民G2,中国民生投资股份有限公司,3,AAA
143880,18滇城01,云南城投置业股份有限公司,3,AAA
143881,熹焱01A3,东方汇智资产管理有限公司,2.98,AAA
143883,18恒信03,海通恒信国际融资租赁股份有限公司,3,AAA
143885,18复星04,上海复星高科技(集团)有限公司,3,AAA
143886,18津投09,天津城市基础设施建设投资集团有限公司,3,AAA
143887,18津投10,天津城市基础设施建设投资集团有限公司,5,AAA
143888,18西地02,西安高新技术产业开发区房地产开发有限公司,5,AA+
143889,18华证01,华安证券股份有限公司,3,AA+
143890,18陆债02,上海陆家嘴金融贸易区开发股份有限公司,5,AAA
143891,18疏浚01,中交疏浚(集团)股份有限公司,5,AAA
143892,18凤祥02,新凤祥控股集团有限责任公司,3,AA
143893,18洋河01,江苏洋河集团有限公司,5,AAA
143894,18洋河02,江苏洋河集团有限公司,5,AAA
143896,18新控05,新城控股集团股份有限公司,4,AAA
143897,18兴杭02,闽西兴杭国有资产投资经营有限公司,5,AAA
143899,H18福晟2,福建福晟集团有限公司,3,AA+
143900,17招金Y1,招金矿业股份有限公司,nan,AAA
143901,17云续Y1,云南省城市建设投资集团有限公司,nan,AAA
143902,17中冶Y5,中国冶金科工股份有限公司,nan,AAA
143903,18能投Y5,云南省能源集团有限公司,nan,AAA
143904,17远东Y1,远东国际融资租赁有限公司,nan,AAA
143905,17首旅Y1,北京首都旅游集团有限责任公司,nan,AAA
143906,17首旅Y2,北京首都旅游集团有限责任公司,nan,AAA
143907,17中冶Y7,中国冶金科工股份有限公司,nan,AAA
143909,17中航Y1,中国航空技术国际控股有限公司,nan,AAA
143910,18建五Y3,中国建筑第五工程局有限公司,nan,AAA
143911,17首旅Y3,北京首都旅游集团有限责任公司,nan,AAA
143912,17首旅Y4,北京首都旅游集团有限责任公司,nan,AAA
143913,17渝信Y1,同方国信投资控股有限公司,nan,AAA
143914,17渝信Y2,同方国信投资控股有限公司,nan,AAA
143915,17电投Y1,国家电力投资集团有限公司,nan,AAA
143916,17兖煤Y1,兖州煤业股份有限公司,3,AAA
143917,17紫金Y1,紫金矿业集团股份有限公司,nan,AAA
143918,17华能Y1,华能国际电力股份有限公司,nan,AAA
143919,17华能Y2,华能国际电力股份有限公司,nan,AAA
143920,17云建Y1,云南省建设投资控股集团有限公司,nan,AAA
143921,18阳煤Y3,山西华阳集团新能股份有限公司,nan,AAA
143922,17锡投Y2,无锡产业发展集团有限公司,nan,AAA
143923,17建材Y1,中国建材股份有限公司,nan,AAA
143924,17建材Y2,中国建材股份有限公司,nan,AAA
143925,17电投Y2,国家电力投资集团有限公司,nan,AAA
143926,17电投Y3,国家电力投资集团有限公司,nan,AAA
143927,17鲁高Y1,山东高速集团有限公司,nan,AAA
143928,17平租Y1,平安国际融资租赁有限公司,nan,AAA
143929,17建集Y1,厦门建发集团有限公司,nan,AAA
143930,17中保Y1,中国投融资担保股份有限公司,nan,AAA
143931,17中保Y2,中国投融资担保股份有限公司,nan,AAA
143932,17云建Y3,云南省建设投资控股集团有限公司,nan,AAA
143933,18建集Y1,厦门建发集团有限公司,nan,AAA
143934,17新际Y1,新兴际华集团有限公司,nan,AAA
143935,17新际Y2,新兴际华集团有限公司,nan,AAA
143936,17福新Y1,华电福新能源有限公司,nan,AAA
143938,17鲁高Y2,山东高速集团有限公司,nan,AAA
143939,17中交Y1,中交第一航务工程局有限公司,nan,AAA
143940,17建集Y2,厦门建发集团有限公司,nan,AAA
143941,18新际Y3,新兴际华集团有限公司,nan,AAA
143943,17华信Y1,上海华信国际集团有限公司,nan,AAA
143944,17华信Y2,上海华信国际集团有限公司,nan,AAA
143945,17能投Y1,云南省能源集团有限公司,nan,AAA
143946,18闽电Y1,福建省电子信息(集团)有限责任公司,nan,AAA
143947,17铁投Y1,中国铁建投资集团有限公司,nan,AAA
143948,18航集Y1,中国南方航空集团有限公司,nan,AAA
143950,18航集Y2,中国南方航空集团有限公司,nan,AAA
143951,18中建Y1,中国建筑第六工程局有限公司,nan,AAA
143952,G18新Y1,新天绿色能源股份有限公司,nan,AAA
143953,18电力Y1,国投电力控股股份有限公司,nan,AAA
143954,18能投Y1,云南省能源集团有限公司,nan,AAA
143955,18供销Y1,中国供销集团有限公司,nan,AAA
143956,18鲁高Y2,山东高速集团有限公司,nan,AAA
143957,18鲁高Y1,山东高速集团有限公司,nan,AAA
143958,18京汽Y1,北京汽车股份有限公司,nan,AAA
143959,18兖煤Y1,兖矿能源集团股份有限公司,nan,AAA
143960,18阳煤Y1,山西华阳集团新能股份有限公司,nan,AAA
143961,18铁建Y2,中国铁建股份有限公司,nan,AAA
143962,18能投Y3,云南省能源集团有限公司,nan,AAA
143963,18华电Y3,华电国际电力股份有限公司,nan,AAA
143964,18特变Y1,特变电工股份有限公司,nan,AAA
143965,18华电Y4,华电国际电力股份有限公司,nan,AAA
143966,18新际Y1,新兴际华集团有限公司,nan,AAA
143967,18新际Y2,新兴际华集团有限公司,nan,AAA
143968,18渝信Y1,同方国信投资控股有限公司,nan,AAA
143969,18新金Y1,新疆金融投资(集团)有限责任公司,nan,AAA
143970,18鲁商Y1,山东省商业集团有限公司,nan,AA+
143971,18鲁商Y2,山东省商业集团有限公司,nan,AA+
143972,18厦贸Y1,厦门国贸集团股份有限公司,nan,AAA
143973,18电力Y2,国投电力控股股份有限公司,nan,AAA
143974,18铁投Y1,中国铁建投资集团有限公司,nan,AAA
143975,18兵装Y1,中国兵器装备集团有限公司,nan,AAA
143976,18建五Y1,中国建筑第五工程局有限公司,nan,AAA
143977,18沪建Y1,上海建工集团股份有限公司,nan,AAA
143978,18铁建Y3,中国铁建股份有限公司,nan,AAA
143979,18阳煤Y2,山西华阳集团新能股份有限公司,nan,AAA
143980,18建材Y1,中国建材股份有限公司,nan,AAA
143981,18建材Y2,中国建材股份有限公司,nan,AAA
143982,18电投Y1,国家电力投资集团有限公司,5,AAA
143983,18电投Y2,国家电力投资集团有限公司,nan,AAA
143984,18建二Y1,中国建筑第二工程局有限公司,nan,AAA
143989,18中关Y1,中关村发展集团股份有限公司,nan,AAA
143990,18铁投Y2,中国铁建投资集团有限公司,nan,AAA
143991,18铁投Y3,中国铁建投资集团有限公司,nan,AAA
143992,18华电Y1,华电国际电力股份有限公司,nan,AAA
143993,18华电Y2,华电国际电力股份有限公司,nan,AAA
143994,18电力Y3,国投电力控股股份有限公司,nan,AAA
143995,18福新Y1,华电福新能源有限公司,nan,AAA
143996,18福新Y2,华电福新能源有限公司,nan,AAA
143997,18山招Y2,山东招金集团有限公司,nan,AAA
143998,18建材Y3,中国建材股份有限公司,nan,AAA
143999,18建材Y4,中国建材股份有限公司,nan,AAA
148001,22山证05,山西证券股份有限公司,3,nan
148002,22华录01,北京易华录信息技术股份有限公司,5,AA+
148003,22福控01,深圳市福田投资控股有限公司,5,AAA
148006,22粤垦03,广东省农垦集团公司,3,nan
148007,22重发01,重庆发展投资有限公司,5,AAA
148008,22重发02,重庆发展投资有限公司,5,AAA
148009,22广发04,广发证券股份有限公司,3,AAA
148010,22广发05,广发证券股份有限公司,5,AAA
148011,22广发06,广发证券股份有限公司,10,AAA
148012,22深投05,深圳市投资控股有限公司,3,nan
148013,22一创03,第一创业证券股份有限公司,3,AAA
148014,22一创04,第一创业证券股份有限公司,5,AAA
148015,22广电01,广州数字科技集团有限公司,5,AAA
148017,22深铁06,深圳市地铁集团有限公司,3,AAA
148018,22招路01,招商局公路网络科技控股股份有限公司,3,nan
148019,22长新02,长春新区发展集团有限公司,3,AAA
148021,22湘路06,湖南省高速公路集团有限公司,5,AAA
148022,22广新Y1,广东省广新控股集团有限公司,nan,AAA
148023,22莞金01,东莞市投资控股集团有限公司,5,nan
148024,22川能02,四川省能源投资集团有限责任公司,3,AAA
148025,22川能03,四川省能源投资集团有限责任公司,10,AAA
148026,22广发07,广发证券股份有限公司,3,AAA
148027,22广发08,广发证券股份有限公司,5,AAA
148028,22广发09,广发证券股份有限公司,10,AAA
148029,22国信05,国信证券股份有限公司,3,AAA
148030,22中盈01,广东中盈盛达融资担保投资股份有限公司,5,AAA
148031,22长江03,长江证券股份有限公司,3,AAA
148032,22长江04,长江证券股份有限公司,5,AAA
148033,22兴城Y1,成都兴城投资集团有限公司,nan,AAA
148034,22兴城Y2,成都兴城投资集团有限公司,nan,AAA
148035,22广新03,广东省广新控股集团有限公司,5,AAA
148036,22广资Y1,广州资产管理有限公司,nan,AAA
148037,22宝安01,中国宝安集团股份有限公司,3,AA+
148038,22招租G3,招商局融资租赁有限公司,3,nan
148039,22招租G4,招商局融资租赁有限公司,5,nan
148041,22广发10,广发证券股份有限公司,3,AAA
148042,22东财05,东方财富证券股份有限公司,2,AAA
148043,22东财06,东方财富证券股份有限公司,3,AAA
148044,22仁寿01,仁寿发展投资集团有限公司,3,AAA
148045,22仁寿02,仁寿发展投资集团有限公司,3,AA
148046,22润资01,华润资产管理有限公司,3,AAA
148047,22润资02,华润资产经营有限公司,5,AAA
148048,22赣水Y2,江西省水利投资集团有限公司,nan,AAA
148049,22武铁01,武汉地铁集团有限公司,7,AAA
148050,22润置08,华润置地控股有限公司,3,AAA
148051,22润置09,华润置地控股有限公司,5,AAA
148052,22招港01,招商局港口集团股份有限公司,3,AAA
148054,22申宏06,申万宏源集团股份有限公司,10,AAA
148055,22深新01,深圳市投资控股有限公司,3,nan
148057,22湘路08,湖南省高速公路集团有限公司,5,AAA
148058,22招港02,招商局港口集团股份有限公司,2,AAA
148059,22赣金02,江西省金融资产管理股份有限公司,5,AA+
148060,22招港03,招商局港口集团股份有限公司,1,nan
148061,22润置10,华润置地控股有限公司,3,AAA
148062,22润置11,华润置地控股有限公司,5,AAA
148064,22越控02,广州越秀资本控股集团股份有限公司,5,AAA
148066,22广发11,广发证券股份有限公司,3,AAA
148067,22广发12,广发证券股份有限公司,5,AAA
148068,22顺丰01,深圳顺丰泰森控股(集团)有限公司,3,nan
148069,22粤航01,广东省港航集团有限公司,3,nan
148070,22榕金01,福州市金融控股集团有限公司,3,nan
148071,22天山01,天山材料股份有限公司,3,AAA
148073,22南网01,中国南方电网有限责任公司,6,nan
148074,22广铁G2,广州地铁集团有限公司,5,nan
148075,22深铁07,深圳市地铁集团有限公司,5,nan
148076,22华润Y2,华润电力投资有限公司,nan,AAA
148077,22福投G1,福建省投资开发集团有限责任公司,3,nan
148079,22龙建01,深圳市龙华建设发展集团有限公司,5,AA+
148080,22电建05,中国电建地产集团有限公司,5,nan
148081,22招资01,深圳市招商平安资产管理有限责任公司,3,AAA
148083,22东莞02,东莞证券股份有限公司,3,nan
148087,22国信06,国信证券股份有限公司,3,AAA
148088,22华股03,华西证券股份有限公司,3,AAA
148089,22越租G1,广州越秀融资租赁有限公司,5,AAA
148090,22天投01,成都天府新区投资集团有限公司,3,nan
148091,22天投02,成都天府新区投资集团有限公司,5,nan
148092,22深担02,深圳担保集团有限公司,3,AAA
148093,22光控01,武汉光谷金融控股集团有限公司,5,AA+
148095,22广金02,广州金融控股集团有限公司,3,nan
148096,22吉电G2,吉林电力股份有限公司,3,nan
148097,22越控04,广州越秀资本控股集团股份有限公司,5,AAA
148098,22电建06,中国电建地产集团有限公司,5,nan
148099,22万科07,万科企业股份有限公司,5,AAA
148101,22深资03,深圳市资本运营集团有限公司,3,AAA
148102,22大悦01,大悦城控股集团股份有限公司,5,AAA
148103,22粤科02,广东省粤科金融集团有限公司,5,AAA
148104,22北港02,广西北部湾国际港务集团有限公司,5,AAA
148105,22皮城01,海宁中国皮革城股份有限公司,2,AA+
148106,22香建02,中山城市建设集团有限公司,5,nan
148107,22蛇口05,招商局蛇口工业区控股股份有限公司,3,AAA
148108,22蛇口06,招商局蛇口工业区控股股份有限公司,5,AAA
148109,22山路02,山东高速路桥集团股份有限公司,5,AA+
148110,22深投06,深圳市投资控股有限公司,5,nan
148111,22川能Y1,四川省能源投资集团有限责任公司,nan,AAA
148112,22川能Y2,四川省能源投资集团有限责任公司,nan,AAA
148113,22怡亚01,深圳市怡亚通供应链股份有限公司,3,AAA
148114,22粤桥01,广东省路桥建设发展有限公司,10,AAA
148115,22鲲鹏K5,深圳市鲲鹏股权投资管理有限公司,3,AAA
148116,22兴城Y3,成都兴城投资集团有限公司,nan,AAA
148117,22兴城Y4,成都兴城投资集团有限公司,nan,AAA
148118,22能投03,云南省能源投资集团有限公司,2,AAA
148119,22蛇口07,招商局蛇口工业区控股股份有限公司,3,AAA
148123,22盐港G1,深圳港集团有限公司,3,nan
148124,22盐港02,深圳港集团有限公司,3,nan
148125,22深铁08,深圳市地铁集团有限公司,5,AAA
148126,22深铁09,深圳市地铁集团有限公司,10,AAA
148127,22中证10,中证信用增进股份有限公司,5,AAA
148128,23穗交01,广州交通投资集团有限公司,3,AAA
148129,22DJLQ02,中电建路桥集团有限公司,3,nan
148130,22南集01,南平武夷集团有限公司,3,nan
148131,22润置12,华润置地控股有限公司,3,AAA
148132,22润置13,华润置地控股有限公司,5,AAA
148133,22泸窖01,泸州老窖股份有限公司,3,AAA
148135,22兴城Y6,成都兴城投资集团有限公司,nan,AAA
148136,GK润租Y1,华润融资租赁有限公司,nan,AAA
148137,23越资01,广州越秀资本控股集团股份有限公司,3,AAA
148140,22粤环G1,广东省环保集团有限公司,nan,AAA
148141,22大悦02,大悦城控股集团股份有限公司,5,AAA
148143,22华润Y3,华润电力投资有限公司,nan,AAA
148144,22华润Y4,华润电力投资有限公司,nan,AAA
148145,22粤财01,广东粤财投资控股有限公司,5,nan
148147,22长安K1,重庆长安汽车股份有限公司,5,AAA
148148,22长城04,长城证券股份有限公司,2,AAA
148149,22长城05,长城证券股份有限公司,3,AAA
148150,22铁隧Y1,中铁隧道局集团有限公司,nan,AAA
148151,22铁隧Y2,中铁隧道局集团有限公司,nan,AAA
148152,22碧地02,碧桂园地产集团有限公司,2,nan
148153,22碧地03,碧桂园地产集团有限公司,2,nan
148154,22蛇口09,招商局蛇口工业区控股股份有限公司,3,AAA
148155,22蛇口10,招商局蛇口工业区控股股份有限公司,5,AAA
148158,22广电02,广州数字科技集团有限公司,5,AAA
148159,22深D10,深圳市地铁集团有限公司,1,nan
148160,22中海07,中海企业发展集团有限公司,3,AAA
148161,22中海08,中海企业发展集团有限公司,5,AAA
148162,22中交01,中交地产股份有限公司,2,AA+
148163,22海垦03,海南省农垦投资控股集团有限公司,5,nan
148167,23溧投01,南京溧水产业投资控股集团有限公司,3,nan
148168,23特建工,深圳市特区建工集团有限公司,3,AAA
148169,23武铁Y1,武汉地铁集团有限公司,nan,AAA
148170,23南集01,南平武夷集团有限公司,3,nan
148174,23大悦01,大悦城控股集团股份有限公司,5,AAA
148176,23西部01,西部证券股份有限公司,2,AAA
148177,23西部02,西部证券股份有限公司,3,AAA
148179,23国证02,国信证券股份有限公司,3,AAA
148180,23华股01,华西证券股份有限公司,3,AAA
148182,23广开Y2,广州开发区控股集团有限公司,nan,AAA
148184,23长江02,长江证券股份有限公司,3,AAA
148186,23润租G1,华润融资租赁有限公司,2,AAA
148187,23川能Y1,四川省能源投资集团有限责任公司,nan,AAA
148188,23川能Y2,四川省能源投资集团有限责任公司,nan,AAA
148189,23粤环G1,广东省环保集团有限公司,nan,AAA
148190,23圆融01,厦门金圆投资集团有限公司,3,AAA
148191,23湘路D1,湖南省高速公路集团有限公司,0.5,A-1
148193,23广开Y3,广州开发区控股集团有限公司,nan,AAA
148194,23广开Y4,广州开发区控股集团有限公司,nan,AAA
148195,23赣投Y1,江西省投资集团有限公司,nan,AAA
148196,23赣投Y2,江西省投资集团有限公司,nan,AAA
148197,23成交Y1,成都交通投资集团有限公司,nan,AAA
148201,23鄂交K2,湖北交通投资集团有限公司,5,AAA
148202,23光大Y1,中国光大集团股份公司,nan,AAA
148203,23光大Y2,中国光大集团股份公司,nan,AAA
148204,23武铁Y2,武汉地铁集团有限公司,nan,AAA
148205,23重发01,重庆发展投资有限公司,5,nan
148206,23长城01,长城证券股份有限公司,2,AAA
148207,23长城02,长城证券股份有限公司,3,AAA
148208,23中交01,中交地产股份有限公司,2,nan
148209,23科城Y1,科学城(广州)投资集团有限公司,nan,AA+
148210,23鲲鹏K1,深圳市鲲鹏股权投资管理有限公司,2,AAA
148211,23越产01,广州越秀产业投资有限公司,5,AAA
148212,23广开Y5,广州开发区控股集团有限公司,nan,AAA
148213,23广开Y6,广州开发区控股集团有限公司,nan,AAA
148214,23珠高K1,珠海市高新建设投资有限公司,5,AA+
148215,23蓉金01,成都交子金融控股集团有限公司,3,nan
148216,23新化01,新疆中泰化学股份有限公司,5,nan
148217,23国元01,国元证券股份有限公司,3,AAA
148218,23火炬01,厦门火炬集团有限公司,3,nan
148219,23路桥K1,中电建路桥集团有限公司,3,nan
148220,23润租G2,华润融资租赁有限公司,3,AAA
148222,23赣金G1,江西省金融资产管理股份有限公司,5,AA+
148224,23南集02,南平武夷集团有限公司,3,nan
148225,23天投01,成都天府新区投资集团有限公司,3,nan
148226,23天投02,成都天府新区投资集团有限公司,5,nan
148227,23国证03,国信证券股份有限公司,2,AAA
148228,23中粮01,中粮置业投资有限公司,5,AAA
148230,23溧投02,南京溧水产业投资控股集团有限公司,3,nan
148231,23鞍钢Y1,鞍山钢铁集团有限公司,nan,AAA
148232,23越资02,广州越秀资本控股集团股份有限公司,5,AAA
148234,23建房F2,建发房地产集团有限公司,7,AAA
148235,23中交02,中交地产股份有限公司,2,nan
148237,23福投01,福建省投资开发集团有限责任公司,10,nan
148240,23光大Y4,中国光大集团股份公司,nan,AAA
148241,23粤科01,广东省粤科金融集团有限公司,5,nan
148243,23长城03,长城证券股份有限公司,3,AAA
148244,23长城04,长城证券股份有限公司,5,AAA
148245,23天健Y1,深圳市天健(集团)股份有限公司,nan,AAA
148247,23申证01,申万宏源证券有限公司,2,AAA
148248,23申证02,申万宏源证券有限公司,3,AAA
148250,23岸资01,武汉市江岸国有资产经营管理有限责任公司,5,nan
148251,23电建01,中国电建地产集团有限公司,5,nan
148254,23徐租01,江苏徐工工程机械租赁有限公司,3,AAA
148255,23深铁01,深圳市地铁集团有限公司,3,AAA
148256,23深铁02,深圳市地铁集团有限公司,5,AAA
148257,23圆融K1,厦门金圆投资集团有限公司,3,AAA
148258,23陕投01,陕西投资集团有限公司,3,AAA
148259,23招商局YK01,招商局集团有限公司,nan,AAA
148262,23工控K1,广州工业投资控股集团有限公司,3,nan
148263,23广金K1,广州金融控股集团有限公司,3,nan
148264,23深业01,深业集团有限公司,3,nan
148265,23长轨G1,长沙市轨道交通集团有限公司,5,nan
148266,23重药Y1,重庆医药(集团)股份有限公司,nan,AAA
148268,23金街01,金融街控股股份有限公司,5,AAA
148269,23金街02,金融街控股股份有限公司,7,AAA
148270,23广发04,广发证券股份有限公司,3,AAA
148271,23广发05,广发证券股份有限公司,5,AAA
148272,23深投01,深圳市投资控股有限公司,3,nan
148274,23鲲鹏K2,深圳市鲲鹏股权投资管理有限公司,1,nan
148275,23粤财01,广东粤财投资控股有限公司,5,nan
148276,23金街03,金融街控股股份有限公司,5,AAA
148277,23金街04,金融街控股股份有限公司,7,AAA
148278,23路桥YK01,中电建路桥集团有限公司,nan,AAA
148279,23赣金公开02,江西省金融资产管理股份有限公司,5,AA+
148280,23振业01,深圳市振业(集团)股份有限公司,3,AAA
148281,23赣水01,江西省水利投资集团有限公司,3,nan
148282,23国证04,国信证券股份有限公司,3,AAA
148283,23火炬02,厦门火炬集团有限公司,5,nan
148284,23龙城05,太原市龙城发展投资集团有限公司,3,nan
148287,23东莞01,东莞证券股份有限公司,3,nan
148288,23粤海资本01,广东粤海资本集团有限公司,5,AA+
148289,23长城05,长城证券股份有限公司,3,AAA
148290,23长城06,长城证券股份有限公司,5,AAA
148291,23中证01,中证信用增进股份有限公司,5,AAA
148292,23华股02,华西证券股份有限公司,3,AAA
148293,23金街05,金融街控股股份有限公司,5,AAA
148294,23金街06,金融街控股股份有限公司,7,AAA
148295,23太阳GK01,中节能太阳能股份有限公司,2,nan
148296,23太阳GK02,中节能太阳能股份有限公司,5,nan
148298,23光大Y6,中国光大集团股份公司,nan,AAA
148299,23科建01,重庆科学城城市建设集团有限公司,5,AAA
148300,23广资01,广州资产管理有限公司,5,nan
148301,23HBIS01,河钢股份有限公司,3,nan
148302,23徐工K1,徐州工程机械集团有限公司,3,nan
148303,23鞍钢Y2,鞍山钢铁集团有限公司,nan,AAA
148304,23蓉高Y2,成都高新投资集团有限公司,nan,AAA
148305,23深机01,深圳市机场(集团)有限公司,3,nan
148306,23粤开01,粤开证券股份有限公司,2,AA+
148307,23鄂交K3,湖北交通投资集团有限公司,10,AAA
148308,23鄂交K4,湖北交通投资集团有限公司,5,AAA
148311,23穗交Y1,广州交通投资集团有限公司,nan,AAA
148313,23国证06,国信证券股份有限公司,3,AAA
148314,23深铁03,深圳市地铁集团有限公司,5,AAA
148315,23兴城Y1,成都兴城投资集团有限公司,nan,AAA
148316,23兴城Y2,成都兴城投资集团有限公司,nan,AAA
148318,23申宏02,申万宏源集团股份有限公司,10,AAA
148319,23长城07,长城证券股份有限公司,3,AAA
148320,23长城08,长城证券股份有限公司,5,AAA
148321,23风电GK01,中广核风电有限公司,3,nan
148322,23珠华Y1,珠海华发集团有限公司,nan,AAA
148323,23圆融02,厦门金圆投资集团有限公司,5,nan
148324,23深安01,深圳市安居集团有限公司,3,nan
148325,23榕金01,福州市金榕控股集团有限公司,3,nan
148326,23长江03,长江证券股份有限公司,3,AAA
148327,23长开01,重庆长寿开发投资(集团)有限公司,5,nan
148329,23湘路D2,湖南省高速公路集团有限公司,0.75,nan
148330,23越产02,广州越秀产业投资有限公司,5,AAA
148332,23蓉金K1,成都交子金融控股集团有限公司,3,nan
148333,23金街07,金融街控股股份有限公司,5,AAA
148335,23成交Y2,成都交通投资集团有限公司,nan,AAA
148336,23浙建01,浙江省建设投资集团股份有限公司,2,nan
148337,23浙建02,浙江省建设投资集团股份有限公司,3,nan
148338,23交城01,中交城市投资控股有限公司,3,nan
148339,23西部03,西部证券股份有限公司,3,AAA
148340,23中豫01,中原豫资投资控股集团有限公司,3,nan
148341,23鞍钢Y3,鞍山钢铁集团有限公司,nan,AAA
148342,23深铁04,深圳市地铁集团有限公司,2,AAA
148343,23深铁05,深圳市地铁集团有限公司,10,AAA
148345,23建房F4,建发房地产集团有限公司,7,AAA
148346,23建工02,深圳市特区建工集团有限公司,3,AAA
148347,23珠华Y2,珠海华发集团有限公司,nan,AAA
148348,23珠华Y3,珠海华发集团有限公司,nan,AAA
148349,23路桥YK02,中电建路桥集团有限公司,nan,AAA
148350,23深投02,深圳市投资控股有限公司,3,nan
148351,23兴城Y3,成都兴城投资集团有限公司,nan,AAA
148353,23越资03,广州越秀资本控股集团股份有限公司,3,AAA
148355,23粤科02,广东省粤科金融集团有限公司,5,nan
148356,23深安02,深圳市安居集团有限公司,3,nan
148357,23湘建01,湖南建工集团有限公司,3,AAA
148358,23粤财K2,广东粤财投资控股有限公司,15,AAA
148359,23粤财K3,广东粤财投资控股有限公司,10,AAA
148360,23川投K1,四川省投资集团有限责任公司,5,nan
148361,23粤环保K1,广东省环保集团有限公司,5,nan
148362,23润置01,华润置地控股有限公司,3,AAA
148363,23润置02,华润置地控股有限公司,5,AAA
148364,23润置03,华润置地控股有限公司,10,AAA
148365,23怡亚01,深圳市怡亚通供应链股份有限公司,3,AAA
148366,23克投01,克拉玛依市城市建设投资发展有限责任公司,5,nan
148367,23粤开02,粤开证券股份有限公司,3,AA+
148371,23川能Y3,四川省能源投资集团有限责任公司,nan,AAA
148372,23国际P1,深圳国际控股有限公司,6,AAA
148374,23深铁06,深圳市地铁集团有限公司,8,AAA
148375,23中山K1,中山公用事业集团股份有限公司,3,nan
148376,23广发06,广发证券股份有限公司,3,AAA
148378,23金街10,金融街控股股份有限公司,7,AAA
148379,23穗交Y2,广州交通投资集团有限公司,nan,AAA
148380,23万科01,万科企业股份有限公司,3,AAA
148382,23蛇口01,招商局蛇口工业区控股股份有限公司,3,AAA
148383,23蛇口02,招商局蛇口工业区控股股份有限公司,5,AAA
148384,23天投Y1,成都天府新区投资集团有限公司,nan,nan
148385,23中交04,中交地产股份有限公司,2,nan
148387,23鞍钢KY04,鞍山钢铁集团有限公司,nan,AAA
148388,23长轨G2,长沙市轨道交通集团有限公司,5,nan
148390,23重发03,重庆发展投资有限公司,5,nan
148391,23西部04,西部证券股份有限公司,3,AAA
148392,23招资Y1,深圳市招商平安资产管理有限责任公司,nan,AAA
148393,23招商局YK02,招商局集团有限公司,nan,AAA
148394,23漳经01,漳州市经济发展集团有限公司,5,nan
148395,23振业02,深圳市振业(集团)股份有限公司,3,AAA
148396,23深铁07,深圳市地铁集团有限公司,2,AAA
148397,23深铁08,深圳市地铁集团有限公司,10,AAA
148398,23国际P3,深圳国际控股有限公司,5,AAA
148400,23鞍钢KY05,鞍山钢铁集团有限公司,nan,AAA
148401,23兴城Y5,成都兴城投资集团有限公司,nan,AAA
148402,23兴城Y6,成都兴城投资集团有限公司,nan,AAA
148403,23粤海资本02,广东粤海资本集团有限公司,5,AA+
148404,23龙城07,太原市龙城发展投资集团有限公司,3,nan
148407,23天投03,成都天府新区投资集团有限公司,3,nan
148408,23天投04,成都天府新区投资集团有限公司,5,nan
148409,23路桥YK03,中电建路桥集团有限公司,nan,AAA
148410,23滨房01,杭州滨江房产集团股份有限公司,2,nan
148411,23怡亚02,深圳市怡亚通供应链股份有限公司,3,AAA
148412,23深铁09,深圳市地铁集团有限公司,2,AAA
148413,23深铁10,深圳市地铁集团有限公司,10,AAA
148414,23广晟KD,广东省广晟控股集团有限公司,1.02,nan
148415,23越租G1,广州越秀融资租赁有限公司,3,AAA
148416,23蓉金02,成都交子金融控股集团有限公司,5,nan
148417,23中航K1,中航科创有限公司,3,AAA
148418,23长开03,重庆长寿开发投资(集团)有限公司,5,nan
148419,23长开04,重庆长寿开发投资(集团)有限公司,5,nan
148420,23深投03,深圳市投资控股有限公司,5,AAA
148421,23深投04,深圳市投资控股有限公司,10,AAA
148422,23徐工01,徐工集团工程机械股份有限公司,3,nan
148424,23西部05,西部证券股份有限公司,3,AAA
148425,23国证07,国信证券股份有限公司,2,AAA
148426,23国证08,国信证券股份有限公司,3,AAA
148427,23蛇口03,招商局蛇口工业区控股股份有限公司,3,AAA
148428,23蛇口04,招商局蛇口工业区控股股份有限公司,5,AAA
148429,23申证03,申万宏源证券有限公司,2,AAA
148430,23申证04,申万宏源证券有限公司,3,AAA
148431,23招路K1,招商局公路网络科技控股股份有限公司,3,nan
148432,23深铁11,深圳市地铁集团有限公司,10,AAA
148434,23京粮01,海南京粮控股股份有限公司,3,AAA
148435,23广资02,广州资产管理有限公司,5,nan
148436,23中建国投G1,中建国际投资集团有限公司,3,AAA
148437,23新化K1,新疆中泰化学股份有限公司,5,nan
148438,23珠华01,珠海华发集团有限公司,5,AAA
148439,23招商局YK03,招商局集团有限公司,nan,AAA
148440,23龙建01,深圳市龙华建设发展集团有限公司,5,nan
148442,23长新02,长春新区发展集团有限公司,3,AAA
148443,23路桥YK04,中电建路桥集团有限公司,nan,AAA
148444,23申证05,申万宏源证券有限公司,2,AAA
148445,23申证06,申万宏源证券有限公司,5,AAA
148446,23深安03,深圳市安居集团有限公司,3,nan
148447,23广能K2,广西能源集团有限公司,3,AA+
148448,23申宏03,申万宏源集团股份有限公司,1,AAA
148449,23申宏04,申万宏源集团股份有限公司,3,AAA
148450,23科城Y2,科学城(广州)投资集团有限公司,nan,AA+
148452,23深铁12,深圳市地铁集团有限公司,10,AAA
148453,23桂投01,广西投资集团有限公司,5,AAA
148454,23深创投01,深圳市创新投资集团有限公司,5,AAA
148457,23广晟K03,广东省广晟控股集团有限公司,5,nan
148458,23金瓯Y1,光大金瓯资产管理有限公司,nan,AA+
148459,23金街11,金融街控股股份有限公司,5,AAA
148461,23华控01,珠海华发投资控股集团有限公司,5,AAA
148462,23西部06,西部证券股份有限公司,1.08,AAA
148463,23深投05,深圳市投资控股有限公司,3,nan
148464,23深铁13,深圳市地铁集团有限公司,10,AAA
148465,23国际P7,深圳国际控股有限公司,5,AAA
148467,23申证07,申万宏源证券有限公司,2,AAA
148468,23申证08,申万宏源证券有限公司,5,AAA
148469,23越产03,广州越秀产业投资有限公司,3,AAA
148470,23深投06,深圳市投资控股有限公司,10,AAA
148471,23一创01,第一创业证券股份有限公司,3,AAA
148473,23科城Y4,科学城(广州)投资集团有限公司,nan,AA+
148474,23浙建Y1,浙江省建设投资集团股份有限公司,nan,AA+
148475,23深铁14,深圳市地铁集团有限公司,2,AAA
148476,23深铁15,深圳市地铁集团有限公司,10,AAA
148477,23HBIS02,河钢股份有限公司,3,nan
148478,23广金K2,广州金融控股集团有限公司,10,nan
148479,23国元02,国元证券股份有限公司,3,AAA
148480,23榕水01,福州水务集团有限公司,3,nan
148484,23广发09,广发证券股份有限公司,3,AAA
148485,23中山投控K1,中山投资控股集团有限公司,2,AAA
148486,23湘路D3,湖南省高速公路集团有限公司,0.5,nan
148487,23金投K1,杭州高新金投控股集团有限公司,5,AAA
148488,23鄂交KY01,湖北交通投资集团有限公司,nan,AAA
148489,23长江04,长江证券股份有限公司,3,AAA
148490,23长轨G3,长沙市轨道交通集团有限公司,5,nan
148492,23润置05,华润置地控股有限公司,5,AAA
148493,23福投02,福建省投资开发集团有限责任公司,5,nan
148494,23桂投02,广西投资集团有限公司,5,nan
148495,23圆融03,厦门金圆投资集团有限公司,3,AAA
148496,23中海01,中海企业发展集团有限公司,3,AAA
148497,23中海02,中海企业发展集团有限公司,5,AAA
148499,23华控02,珠海华发投资控股集团有限公司,5,AAA
148503,23科工YK01,中建科工集团有限公司,nan,AA+
148504,23重发K1,重庆发展投资有限公司,5,nan
148506,23怡亚03,深圳市怡亚通供应链股份有限公司,3,AAA
148507,23科建02,重庆科学城城市建设集团有限公司,5,AAA
148508,23陕投02,陕西投资集团有限公司,5,AAA
148509,23长城09,长城证券股份有限公司,2,AAA
148510,23长城10,长城证券股份有限公司,3,AAA
148511,23天投Y2,成都天府新区投资集团有限公司,nan,AAA
148512,23东北01,东北证券股份有限公司,3,AAA
148513,23国证09,国信证券股份有限公司,3,AAA
148516,23龙岗01,深圳市龙岗区城市建设投资集团有限公司,5,AAA
148517,23格林G1,格林美股份有限公司,3,AA+
148518,23攀钢Y1,攀钢集团有限公司,nan,AAA
148519,23华股03,华西证券股份有限公司,3,AAA
148521,23天投05,成都天府新区投资集团有限公司,3,nan
148522,23长江05,长江证券股份有限公司,2,AAA
148523,23长江06,长江证券股份有限公司,3,AAA
148524,23陕投03,陕西投资集团有限公司,5,nan
148525,23蛇口05,招商局蛇口工业区控股股份有限公司,3,AAA
148527,23润置06,华润置地控股有限公司,5,AAA
148528,23投资01,信达投资有限公司,5,AAA
148529,23投资02,信达投资有限公司,5,AAA
148530,23吉电GCKV01,国电投绿色能源股份有限公司,3,nan
148531,23国证10,国信证券股份有限公司,2,AAA
148532,23国证11,国信证券股份有限公司,5,AAA
148534,23电建04,中国电建地产集团有限公司,5,nan
148535,23广资03,广州资产管理有限公司,3,nan
148536,23深投07,深圳市投资控股有限公司,3,nan
148537,23深创投02,深圳市创新投资集团有限公司,5,AAA
148539,23火炬K2,厦门火炬集团有限公司,5,nan
148540,23申证C4,申万宏源证券有限公司,5,AAA
148542,23中海04,中海企业发展集团有限公司,5,AAA
148543,23穗城01,广州市城市建设投资集团有限公司,5,AAA
148544,23国宏G2,洛阳国宏投资控股集团有限公司,5,nan
148545,23招路K2,招商局公路网络科技控股股份有限公司,3,nan
148548,23黄投01,黄石市国有资产经营有限公司,2,AA
148549,23国证12,国信证券股份有限公司,3,AAA
148550,23国证13,国信证券股份有限公司,5,AAA
148551,23中交06,中交地产股份有限公司,2,nan
148552,23长城11,长城证券股份有限公司,2,AAA
148553,23长城12,长城证券股份有限公司,3,AAA
148555,23铁隧Y1,中铁隧道局集团有限公司,nan,AAA
148556,23铁隧Y2,中铁隧道局集团有限公司,nan,AAA
148557,23圆融04,厦门金圆投资集团有限公司,2,nan
148558,23润置07,华润置地控股有限公司,3,AAA
148559,23润置08,华润置地控股有限公司,5,AAA
148560,23长轨G4,长沙市轨道交通集团有限公司,5,nan
148561,24锡公01,无锡市市政公用产业集团有限公司,10,AAA
148562,23绿电G1,天津绿发电力集团股份有限公司,3,AA+
148563,24福投01,福建省投资开发集团有限责任公司,5,nan
148564,24绿发01,中国绿发投资集团有限公司,3,AAA
148566,24穗城02,广州市城市建设投资集团有限公司,5,AAA
148568,24投资01,信达投资有限公司,5,AAA
148569,24投资02,信达投资有限公司,5,AAA
148570,24中粮01,中粮置业投资有限公司,5,AAA
148573,24顺控01,广东顺德控股集团有限公司,5,nan
148574,24华控01,珠海华发投资控股集团有限公司,5,AAA
148575,24一创01,第一创业证券股份有限公司,3,AAA
148576,24怡亚01,深圳市怡亚通供应链股份有限公司,3,AAA
148577,24招租K1,招商局融资租赁有限公司,3,nan
148578,24科建01,重庆科学城城市建设集团有限公司,5,AAA
148579,24科建02,重庆科学城城市建设集团有限公司,5,AAA
148580,24国证01,国信证券股份有限公司,3,AAA
148581,24HBIS01,河钢股份有限公司,3,nan
148582,24深创投01,深圳市创新投资集团有限公司,5,AAA
148583,24广发01,广发证券股份有限公司,3,AAA
148584,24广发02,广发证券股份有限公司,5,AAA
148585,24广发03,广发证券股份有限公司,10,AAA
148586,24福投02,福建省投资开发集团有限责任公司,5,nan
148587,24光明科发01,深圳市光明科学城产业发展集团有限公司,5,AA+
148588,24华股01,华西证券股份有限公司,3,AAA
148589,24成交KY01,成都交通投资集团有限公司,nan,AAA
148590,24中山投控K1,中山投资控股集团有限公司,5,nan
148592,24国证02,国信证券股份有限公司,2,AAA
148593,24国证03,国信证券股份有限公司,5,AAA
148594,24中兴新K1,中兴新通讯有限公司,5,nan
148595,24重发01,重庆发展投资有限公司,5,AAA
148597,24长江01,长江证券股份有限公司,3,AAA
148598,24金街05,金融街控股股份有限公司,5,AAA
148599,24金街06,金融街控股股份有限公司,7,AAA
148600,24TCLK1,TCL科技集团股份有限公司,2,AAA
148601,24东财证券01,东方财富证券股份有限公司,2,AAA
148602,24东财证券02,东方财富证券股份有限公司,3,AAA
148603,24广发04,广发证券股份有限公司,3,AAA
148604,24广发05,广发证券股份有限公司,5,AAA
148605,24中山K1,中山公用事业集团股份有限公司,3,nan
148606,24申证01,申万宏源证券有限公司,3,AAA
148607,24申证02,申万宏源证券有限公司,5,AAA
148608,24鲲鹏01,深圳市鲲鹏股权投资管理有限公司,5,AAA
148609,24广资01,广州资产管理有限公司,5,nan
148610,24深铁01,深圳市地铁集团有限公司,3,AAA
148611,24深铁02,深圳市地铁集团有限公司,10,AAA
148612,24陕投01,陕西投资集团有限公司,5,nan
148613,24涪陵01,重庆市涪陵国有资产投资经营集团有限公司,5,nan
148614,24涪陵02,重庆市涪陵国有资产投资经营集团有限公司,5,nan
148615,24穗城03,广州市城市建设投资集团有限公司,5,AAA
148616,24福控01,深圳市福田投资控股有限公司,5,AAA
148617,24圆融01,厦门金圆投资集团有限公司,5,nan
148618,24火炬01,厦门火炬集团有限公司,5,nan
148619,24火炬02,厦门火炬集团有限公司,5,nan
148620,24拱城控01,杭州市拱墅区城市建设发展控股集团有限公司,5,nan
148621,24深创投02,深圳市创新投资集团有限公司,3,AAA
148622,24福投03,福建省投资开发集团有限责任公司,10,nan
148623,24深铁03,深圳市地铁集团有限公司,3,AAA
148624,24深铁04,深圳市地铁集团有限公司,10,AAA
148625,24兴城YK01,成都兴城投资集团有限公司,nan,nan
148626,24兴城YK02,成都兴城投资集团有限公司,nan,nan
148627,24广州数字科技K1,广州数字科技集团有限公司,5,nan
148628,24深能Y1,深圳能源集团股份有限公司,nan,AAA
148629,24广晟K01,广东省广晟控股集团有限公司,3,nan
148631,24建工01,深圳市特区建工集团有限公司,3,AAA
148632,24建工02,深圳市特区建工集团有限公司,5,AAA
148633,24泉旅01,泉州文化旅游发展集团有限公司,3,nan
148634,24中山投控K2,中山投资控股集团有限公司,5,nan
148636,24中豫02,中原豫资投资控股集团有限公司,5,nan
148638,24申宏02,申万宏源集团股份有限公司,5,AAA
148639,24顺丰01,深圳顺丰泰森控股(集团)有限公司,3,nan
148640,24深铁05,深圳市地铁集团有限公司,3,AAA
148641,24深铁06,深圳市地铁集团有限公司,15,AAA
148642,24蜀道Y1,蜀道投资集团有限责任公司,nan,AAA
148643,24鲲鹏02,深圳市鲲鹏股权投资管理有限公司,5,AAA
148644,24深业01,深业集团有限公司,3,nan
148645,24深业02,深业集团有限公司,5,nan
148646,24穗城04,广州市城市建设投资集团有限公司,5,AAA
148648,24越产02,广州越秀产业投资有限公司,5,AAA
148650,24攀钢Y2,攀钢集团有限公司,nan,AAA
148651,24国元01,国元证券股份有限公司,3,AAA
148652,24大族01,大族控股集团有限公司,3,AAA
148653,24长汇01,长安汇通集团有限责任公司,5,AAA
148654,24鲲鹏03,深圳市鲲鹏股权投资管理有限公司,5,AAA
148655,24粤海01,广东粤海控股集团有限公司,10,AAA
148657,24天投Y2,成都天府新区投资集团有限公司,nan,AAA
148660,24广金01,广州金融控股集团有限公司,3,nan
148661,24广金02,广州金融控股集团有限公司,5,nan
148662,24广越资01,广州越秀资本控股集团有限公司,3,AAA
148663,24广越资02,广州越秀资本控股集团有限公司,5,AAA
148664,24深铁07,深圳市地铁集团有限公司,15,AAA
148665,24中证融担Y1,中证信用融资担保有限公司,nan,AAA
148666,24榕水01,福州水务集团有限公司,3,AAA
148667,24榕水02,福州水务集团有限公司,5,AAA
148668,24中山投控K3,中山投资控股集团有限公司,5,nan
148669,24兴城YK03,成都兴城投资集团有限公司,nan,nan
148670,24兴城YK04,成都兴城投资集团有限公司,nan,nan
148671,24资产01,深圳资产管理有限公司,3,AAA
148674,24榕城02,福州城市建设投资集团有限公司,10,AAA
148675,24财信01,湖南财信金融控股集团有限公司,5,nan
148676,24投资03,信达投资有限公司,5,AAA
148677,24投资04,信达投资有限公司,5,AAA
148678,24长轨G1,长沙市轨道交通集团有限公司,5,nan
148679,24粤航01,广东省港航集团有限公司,3,nan
148681,24路桥K1,中电建路桥集团有限公司,3,nan
148682,24路桥K2,中电建路桥集团有限公司,5,nan
148683,24TCLK2,TCL科技集团股份有限公司,5,AAA
148685,24中航K2,中航科创有限公司,10,AAA
148686,24广金03,广州金融控股集团有限公司,3,nan
148687,24深能01,深圳能源集团股份有限公司,10,AAA
148688,24东财证券03,东方财富证券股份有限公司,2,AAA
148689,24东财证券04,东方财富证券股份有限公司,3,AAA
148690,24桂投01,广西投资集团有限公司,5,AAA
148693,24深港02,深圳港集团有限公司,5,nan
148694,24厦港01,厦门国际港务有限公司,5,nan
148695,24蓉金01,成都交子金融控股集团有限公司,5,nan
148697,24涪陵04,重庆市涪陵国有资产投资经营集团有限公司,5,nan
148698,24广晟KY01,广东省广晟控股集团有限公司,nan,AAA
148699,24西部01,西部证券股份有限公司,3,AAA
148700,24资产03,深圳资产管理有限公司,3,AAA
148701,24资产04,深圳资产管理有限公司,5,AAA
148702,24深铁08,深圳市地铁集团有限公司,15,AAA
148703,24冀东01,金隅冀东水泥集团股份有限公司,5,AAA
148704,24东北01,东北证券股份有限公司,3,AAA
148705,24东莞01,东莞证券股份有限公司,3,nan
148706,24高科01,武汉高科国有控股集团有限公司,5,AA+
148707,24中山K2,中山公用事业集团股份有限公司,3,nan
148708,24榕金01,福州市金榕控股集团有限公司,3,nan
148709,24锡公Y1,无锡市市政公用产业集团有限公司,nan,nan
148710,24广建01,广东省建筑工程集团控股有限公司,3,AAA
148711,24广发06,广发证券股份有限公司,3,AAA
148712,24天山K1,天山材料股份有限公司,3,AAA
148714,24中海02,中海企业发展集团有限公司,5,AAA
148715,24拱城控02,杭州市拱墅区城市建设发展控股集团有限公司,5,nan
148716,24中航K3,中航科创有限公司,3,AAA
148717,24中航K4,中航科创有限公司,10,AAA
148718,24中建投资01,中建国际投资集团有限公司,5,AAA
148720,24圆融K2,厦门金圆投资集团有限公司,10,AAA
148721,24锡KY01,云南锡业股份有限公司,nan,AA+
148722,24国元02,国元证券股份有限公司,3,AAA
148723,24国元03,国元证券股份有限公司,5,AAA
148724,24陕投KY02,陕西投资集团有限公司,nan,AAA
148725,24穗开Y1,广州开发区投资集团有限公司,nan,AAA
148728,24金街01,金融街控股股份有限公司,5,AAA
148730,24运通01,广电运通集团股份有限公司,3,nan
148731,24攀钢Y3,攀钢集团有限公司,nan,AAA
148733,24深铁09,深圳市地铁集团有限公司,10,AAA
148734,24广能G1,广西能源集团有限公司,3,AA+
148735,24财信02,湖南财信金融控股集团有限公司,5,nan
148736,24长城01,长城证券股份有限公司,3,AAA
148737,24长城02,长城证券股份有限公司,5,AAA
148738,24路桥K3,中电建路桥集团有限公司,5,nan
148739,24厦资01,厦门资产管理有限公司,3,AA+
148740,24深机01,深圳市机场(集团)有限公司,3,AAA
148741,24风电KV01,中广核风电有限公司,10,AAA
148742,24徐工K1,徐州工程机械集团有限公司,5,nan
148744,24越租G2,广州越秀融资租赁有限公司,5,AAA
148745,24招租YK01,招商局融资租赁有限公司,nan,AAA
148746,24山路01,山东高速路桥集团股份有限公司,3,AAA
148747,24锡KY02,云南锡业股份有限公司,nan,nan
148749,24榕金02,福州市金榕控股集团有限公司,3,nan
148750,24工控资本01,广州工控资本管理有限公司,3,AA+
148751,24鞍矿K1,鞍钢集团矿业有限公司,5,AAA
148752,24蜀道Y2,蜀道投资集团有限责任公司,nan,AAA
148753,24西部02,西部证券股份有限公司,3,AAA
148754,24华股02,华西证券股份有限公司,3,AAA
148755,24广金K1,广州金融控股集团有限公司,10,nan
148756,24深投01,深圳市投资控股有限公司,3,AAA
148757,24深投02,深圳市投资控股有限公司,15,AAA
148759,24天材K3,天山材料股份有限公司,5,AAA
148760,GC风电KV01,中广核风电有限公司,10,AAA
148761,24福投04,福建省投资开发集团有限责任公司,3,nan
148763,24格金01,珠海格力金融投资管理有限公司,5,AAA
148764,24格力01,珠海格力集团有限公司,3,nan
148765,24广州数字科技K2,广州数字科技集团有限公司,5,nan
148766,24赣金01,江西省金融资产管理股份有限公司,3,nan
148768,24蜀道Y3,蜀道投资集团有限责任公司,nan,AAA
148769,24南集01,中国南山开发(集团)股份有限公司,3,AAA
148770,24南集02,中国南山开发(集团)股份有限公司,5,AAA
148771,24越租03,广州越秀融资租赁有限公司,3,AAA
148772,24越租04,广州越秀融资租赁有限公司,5,AAA
148773,24广金04,广州金融控股集团有限公司,3,nan
148774,24广金05,广州金融控股集团有限公司,5,nan
148775,24珠华01,珠海华发集团有限公司,5,AAA
148776,24广资Y1,广州资产管理有限公司,nan,AAA
148777,24招路K1,招商局公路网络科技控股股份有限公司,5,nan
148778,24路桥K4,中电建路桥集团有限公司,5,nan
148779,24穗开K1,广州开发区投资集团有限公司,5,AAA
148780,24长城03,长城证券股份有限公司,3,AAA
148781,24长城04,长城证券股份有限公司,5,AAA
148782,24广金06,广州金融控股集团有限公司,3,nan
148783,24广金07,广州金融控股集团有限公司,5,nan
148784,24广晟KY02,广东省广晟控股集团有限公司,nan,AAA
148785,24赣水01,江西省水利投资集团有限公司,5,AAA
148786,24赣水02,江西省水利投资集团有限公司,10,AAA
148787,24深铁10,深圳市地铁集团有限公司,15,AAA
148788,24山证01,山西证券股份有限公司,3,nan
148789,24福投06,福建省投资开发集团有限责任公司,3,nan
148791,24长汇K2,长安汇通集团有限责任公司,5,AAA
148792,24拱国控01,杭州市拱墅区国有资本控股集团有限公司,5,nan
148793,24蜀道Y4,蜀道投资集团有限责任公司,nan,AAA
148794,24河钢Y1,河钢股份有限公司,nan,AAA
148795,24河钢Y2,河钢股份有限公司,nan,AAA
148796,24金街03,金融街控股股份有限公司,5,AAA
148797,24金街04,金融街控股股份有限公司,7,AAA
148798,24水投K1,广州市水务投资集团有限公司,5,AAA
148799,24广新01,广东省广新控股集团有限公司,3,AAA
148800,24广新02,广东省广新控股集团有限公司,10,AAA
148801,24穗开Y2,广州开发区投资集团有限公司,nan,AAA
148802,24穗开Y3,广州开发区投资集团有限公司,nan,AAA
148803,24TCLK3,TCL科技集团股份有限公司,5,AAA
148804,24TCLK4,TCL科技集团股份有限公司,5,AAA
148805,24深创投03,深圳市创新投资集团有限公司,5,AAA
148806,24广资02,广州资产管理有限公司,5,AAA
148808,24东北02,东北证券股份有限公司,3,AAA
148809,24粤环保K1,广东省环保集团有限公司,5,nan
148810,24陕投K3,陕西投资集团有限公司,10,AAA
148811,24长城05,长城证券股份有限公司,3,AAA
148812,24长城06,长城证券股份有限公司,5,AAA
148813,24长江02,长江证券股份有限公司,3,AAA
148814,24榕水03,福州水务集团有限公司,5,nan
148815,24榕水04,福州水务集团有限公司,7,nan
148816,24厦资02,厦门资产管理有限公司,5,AA+
148817,24顺丰02,深圳顺丰泰森控股(集团)有限公司,5,nan
148818,24中航K5,中航科创有限公司,3,AAA
148819,24中航K6,中航科创有限公司,5,AAA
148820,24工控K1,广州工业投资控股集团有限公司,5,nan
148821,24川能K1,四川省能源投资集团有限责任公司,15,AAA
148822,24深创投04,深圳市创新投资集团有限公司,5,AAA
148823,24山证02,山西证券股份有限公司,3,nan
148824,24锡公02,无锡市市政公用产业集团有限公司,5,nan
148825,24风电GVK1,中广核风电有限公司,3,AAA
148826,24风电GVK2,中广核风电有限公司,10,AAA
148828,24顺控03,广东顺德控股集团有限公司,5,AAA
148829,24深担01,深圳担保集团有限公司,3,AAA
148830,24拱城控03,杭州市拱墅区城市建设发展控股集团有限公司,5,nan
148831,24越租G5,广州越秀融资租赁有限公司,3,AAA
148832,24越租G6,广州越秀融资租赁有限公司,5,AAA
148833,24重发03,重庆发展投资有限公司,10,AAA
148834,24资本K1,广投资本管理集团有限公司,5,AA+
148836,24越资02,广州越秀资本控股集团股份有限公司,10,AAA
148838,24光大02,中国光大集团股份公司,10,AAA
148839,24华股03,华西证券股份有限公司,3,AAA
148840,24金桂01,广西金桂浆纸业有限公司,5,nan
148841,24拱国控02,杭州市拱墅区国有资本控股集团有限公司,5,nan
148842,24粤环保K2,广东省环保集团有限公司,3,nan
148843,24深投03,深圳市投资控股有限公司,3,AAA
148844,24深投04,深圳市投资控股有限公司,15,AAA
148845,24蓉金02,成都交子金融控股集团有限公司,10,nan
148846,24东北03,东北证券股份有限公司,3,AAA
148847,24一创02,第一创业证券股份有限公司,5,AAA
148850,24穗开Y5,广州开发区投资集团有限公司,nan,AAA
148852,24中材K2,中材科技股份有限公司,3,nan
148854,24投资06,信达投资有限公司,5,AAA
148855,24粤财01,广东粤财投资控股有限公司,9,nan
148856,24国元04,国元证券股份有限公司,3,AAA
148857,24东财证券05,东方财富证券股份有限公司,3,AAA
148858,24东财证券06,东方财富证券股份有限公司,5,AAA
148859,24蛇口01,招商局蛇口工业区控股股份有限公司,3,AAA
148860,24蛇口02,招商局蛇口工业区控股股份有限公司,5,AAA
148861,24陕投K4,陕西投资集团有限公司,5,nan
148862,24河钢Y3,河钢股份有限公司,nan,nan
148863,24工控K2,广州工业投资控股集团有限公司,5,AAA
148865,24西部03,西部证券股份有限公司,3,AAA
148866,24赣担Y1,江西省信用融资担保集团股份有限公司,nan,AAA
148867,24川高01,四川高速公路建设开发集团有限公司,10,AAA
148868,24南集03,中国南山开发(集团)股份有限公司,3,nan
148869,24南集04,中国南山开发(集团)股份有限公司,5,nan
148870,24深港03,深圳港集团有限公司,3,AAA
148871,24深港04,深圳港集团有限公司,10,AAA
148872,24川投K1,四川省投资集团有限责任公司,5,nan
148873,24中航K7,中航科创有限公司,3,AAA
148874,24中航K8,中航科创有限公司,5,AAA
148875,24广资04,广州资产管理有限公司,5,AAA
148877,24招港K1,招商局港口集团股份有限公司,5,AAA
148879,24国经01,四川省国有资产经营投资管理有限责任公司,5,AAA
148880,24长轨G2,长沙市轨道交通集团有限公司,5,nan
148881,24榕金03,福州市金榕控股集团有限公司,5,nan
148882,24粤航03,广东省港航集团有限公司,3,nan
148884,24金街07,金融街控股股份有限公司,5,AAA
148886,24鞍钢集K1,鞍钢集团有限公司,5,nan
148888,24格力02,珠海格力集团有限公司,5,nan
148889,24交城01,中交城市投资控股有限公司,5,AAA
148891,24潍投02,潍坊市投资集团有限公司,3,nan
148892,24潍投03,潍坊市投资集团有限公司,7,nan
148893,24高科Y1,武汉高科国有控股集团有限公司,nan,AA+
148894,24粤环保K3,广东省环保集团有限公司,5,nan
148895,24水投K2,广州市水务投资集团有限公司,5,AAA
148896,24水投K3,广州市水务投资集团有限公司,10,AAA
148897,24陕投K5,陕西投资集团有限公司,10,nan
148899,24深投06,深圳市投资控股有限公司,15,AAA
148900,24蛇口03,招商局蛇口工业区控股股份有限公司,3,AAA
148901,24蛇口04,招商局蛇口工业区控股股份有限公司,5,AAA
148904,24绿发02,中国绿发投资集团有限公司,3,AAA
148906,24华控02,珠海华发投资控股集团有限公司,3,AAA
148907,24蓉金03,成都交子金融控股集团有限公司,5,AAA
148909,24东水Y1,东莞市水务环境投资控股集团有限公司,nan,nan
148910,24招租G1,招商局融资租赁有限公司,3,nan
148912,24川高Y1,四川高速公路建设开发集团有限公司,nan,AAA
148913,24福投07,福建省投资开发集团有限责任公司,5,nan
148914,24珠高K1,珠海市高新建设投资有限公司,5,AA+
148916,24重发04,重庆发展投资有限公司,10,AAA
148918,24冀东02,金隅冀东水泥集团股份有限公司,5,AAA
148919,24长江03,长江证券股份有限公司,3,AAA
148920,24交城03,中交城市投资控股有限公司,5,nan
148922,24河钢Y4,河钢股份有限公司,nan,AAA
148924,24西部04,西部证券股份有限公司,3,AAA
148926,24榕城05,福州城市建设投资集团有限公司,10,AAA
148927,24格力03,珠海格力集团有限公司,5,nan
148930,24中豫03,中原豫资投资控股集团有限公司,5,nan
148931,24深业03,深业集团有限公司,5,nan
148934,24山证04,山西证券股份有限公司,3,nan
148935,24资本K2,广投资本管理集团有限公司,5,AA+
148936,24川新能GCV01,四川省新能源动力股份有限公司,3,nan
148938,24深投07,深圳市投资控股有限公司,3,AAA
148939,24深投08,深圳市投资控股有限公司,15,AAA
148940,24东财证券07,东方财富证券股份有限公司,2,AAA
148945,24陕金02,陕西金融控股集团有限公司,5,nan
148946,24鲲鹏04,深圳市鲲鹏股权投资管理有限公司,2,AAA
148948,24长江04,长江证券股份有限公司,1.03,nan
148949,24长江05,长江证券股份有限公司,2,nan
148952,24宝安投资01,深圳市宝安区投资管理集团有限公司,5,AAA
148954,24深投10,深圳市投资控股有限公司,15,AAA
148957,24鞍钢集K3,鞍钢集团有限公司,3,nan
148958,24鞍钢集K4,鞍钢集团有限公司,5,nan
148960,24泉旅04,泉州文化旅游发展集团有限公司,5,nan
148961,24粤财02,广东粤财投资控股有限公司,9,nan
148962,24工控K4,广州工业投资控股集团有限公司,5,AAA
148964,24东财证券09,东方财富证券股份有限公司,2,AAA
148965,24东财证券10,东方财富证券股份有限公司,3,AAA
148966,24东北04,东北证券股份有限公司,3,AAA
148967,24克投01,克拉玛依市城市建设投资发展有限责任公司,5,nan
148968,24赣水K1,江西省水利投资集团有限公司,3,nan
148970,24赣金Y1,江西省金融资产管理股份有限公司,nan,nan
148971,24格力04,珠海格力集团有限公司,3,nan
148972,24粤航05,广东省港航集团有限公司,5,nan
148974,24广新K1,广东省广新控股集团有限公司,5,AAA
148976,24申证03,申万宏源证券有限公司,2,AAA
148977,24申证04,申万宏源证券有限公司,3,AAA
148978,24穗交Y1,广州交通投资集团有限公司,nan,AAA
148980,24格力05,珠海格力集团有限公司,3,nan
148981,24克投02,克拉玛依市城市建设投资发展有限责任公司,3,nan
148982,24粤海02,广东粤海控股集团有限公司,5,AAA
148983,24粤海03,广东粤海控股集团有限公司,15,AAA
148984,24重发06,重庆发展投资有限公司,5,AAA
148985,24重发07,重庆发展投资有限公司,5,AAA
148986,24广金08,广州金融控股集团有限公司,3,nan
148987,24广金09,广州金融控股集团有限公司,5,nan
148988,24广发08,广发证券股份有限公司,2,AAA
148989,24广发09,广发证券股份有限公司,3,AAA
148990,24国经02,四川省国有资产经营投资管理有限责任公司,5,AAA
148991,24高金K2,杭州高新金投控股集团有限公司,5,nan
148992,24广建02,广东省建筑工程集团控股有限公司,3,nan
148993,24福投08,福建省投资开发集团有限责任公司,5,nan
148994,24杭高03,杭州高新国有控股集团有限公司,5,nan
148995,24杭高04,杭州高新国有控股集团有限公司,5,nan
148996,24长江06,长江证券股份有限公司,1.08,nan
148997,24长江07,长江证券股份有限公司,3,nan
148999,24蜀道Y6,蜀道投资集团有限责任公司,nan,AAA
149001,泛物业02,民生证券股份有限公司,1.85,AAA
149002,泛物业03,民生证券股份有限公司,2.85,AAA
149003,泛物业04,民生证券股份有限公司,3.85,AAA
149004,泛物业05,民生证券股份有限公司,4.85,AAA
149005,泛物业06,民生证券股份有限公司,5.85,AAA
149007,泛物业次,民生证券股份有限公司,6.85,nan
149008,19电科投,中电科投资控股有限公司,3,AA
149010,19基建01,天津天保基建股份有限公司,3,AAA
149011,19河钢02,河钢股份有限公司,5,AAA
149012,19和佳S1,珠海和佳医疗设备股份有限公司,3,AAA
149013,19杰赛债,中电科普天科技股份有限公司,3,AA
149014,19怡亚01,深圳市怡亚通供应链股份有限公司,3,AAA
149015,19赛格01,深圳市赛格集团有限公司,5,AA+
149016,汇通12A1,国金证券股份有限公司,0.35,nan
149018,汇通12A3,国金证券股份有限公司,0.85,nan
149019,汇通12A4,国金证券股份有限公司,1.1,nan
149021,汇通12A6,国金证券股份有限公司,1.6,nan
149022,汇通12A7,国金证券股份有限公司,1.85,nan
149023,20长源01,国家能源集团长源电力股份有限公司,3,AA+
149024,金港优1,兴证证券资产管理有限公司,1.59,AAA
149025,金港优2,兴证证券资产管理有限公司,2.1,AA+
149026,20物美02,物美科技集团有限公司,3,AAA
149027,浙商2优A,天风证券股份有限公司,1.33,AAA
149028,浙商2优B,天风证券股份有限公司,2.33,AA+
149029,浙商2优C,天风证券股份有限公司,2.33,AA
149030,20领益01,领益科技(深圳)有限公司,3,AAA
149032,兴资3B,兴业财富资产管理有限公司,1.73,AAA
149033,兴资3次,兴业财富资产管理有限公司,1.73,nan
149034,17HJ优A,国金证券股份有限公司,1.24,AAA
149035,17HJ优B,国金证券股份有限公司,1.73,AA+
149036,17HJ次,国金证券股份有限公司,3.02,nan
149037,华鲁3A1,广发证券资产管理(广东)有限公司,1.04,AAA
149038,华鲁3A2,广发证券资产管理(广东)有限公司,1.55,AAA
149039,20国投Y1,国家开发投资集团有限公司,nan,AAA
149040,国药2优1,招商证券资产管理有限公司,1.5,AAA
149041,国药2优2,招商证券资产管理有限公司,1.5,AA
149043,国药2次2,招商证券资产管理有限公司,1.5,nan
149044,光租1A1,上海光大证券资产管理有限公司,0.88,AAA
149045,光租1A2,上海光大证券资产管理有限公司,1.88,AAA
149046,光租1A3,上海光大证券资产管理有限公司,2.38,AAA
149047,光租1B,上海光大证券资产管理有限公司,6.5,AA
149048,20火炬01,厦门火炬集团有限公司,3,AA
149049,建工1优,中银国际证券股份有限公司,3,AAA
149050,建工1次,中银国际证券股份有限公司,3,nan
149051,17云城A,开源证券股份有限公司,18.18,AAA
149052,17云城B,开源证券股份有限公司,18.18,AAA
149053,17云城C,开源证券股份有限公司,18.18,AAA
149054,华邦01A1,德邦证券股份有限公司,0.58,AAA
149055,华邦01A2,德邦证券股份有限公司,1.84,AAA
149056,华邦01A3,德邦证券股份有限公司,2.33,AAA
149057,华邦01A4,德邦证券股份有限公司,2.85,AAA
149058,华邦01A5,德邦证券股份有限公司,3.33,AAA
149059,17七局优,平安证券股份有限公司,3.02,AAA
149060,华邦01B,德邦证券股份有限公司,3.61,AA
149061,华邦01C,德邦证券股份有限公司,4.24,nan
149062,17七局次,平安证券股份有限公司,3.02,nan
149063,花呗54B,德邦证券股份有限公司,1.03,nan
149064,宝冶17优,中国国际金融股份有限公司,3.01,AAA
149065,宝冶17次,中国国际金融股份有限公司,3.01,nan
149066,南瑞优A,交银施罗德资产管理有限公司,1.07,AAA
149068,南瑞次级,交银施罗德资产管理有限公司,1.07,nan
149069,17悦达A,建信资本管理有限责任公司,0.1,AAA
149070,17悦达B,建信资本管理有限责任公司,0.12,AA+
149072,中建材2A,东兴证券股份有限公司,1,AAA
149073,中建材2B,东兴证券股份有限公司,1,AA+
149074,中建材2C,东兴证券股份有限公司,1,AA
149075,中建2次,东兴证券股份有限公司,1,nan
149077,17地矿B,长江证券(上海)资产管理有限公司,0.16,AA
149078,17地矿次,长江证券(上海)资产管理有限公司,0.22,nan
149079,18局优A,建信资本管理有限责任公司,0.25,AAA
149080,18局优B,建信资本管理有限责任公司,0.25,AA+
149081,18局次1,建信资本管理有限责任公司,0.25,nan
149082,18局次2,建信资本管理有限责任公司,0.25,nan
149083,葛洲坝A,华泰证券(上海)资产管理有限公司,0.58,AAA
149084,葛洲坝B,华泰证券(上海)资产管理有限公司,0.83,AA+
149085,20卓越02,深圳市卓越商业管理有限公司,4,AAA
149086,借呗49A1,德邦证券股份有限公司,1.04,AAA
149087,借呗49A2,德邦证券股份有限公司,1.04,AA
149088,借呗49B,德邦证券股份有限公司,1.04,nan
149089,20东信S1,北京东方国信科技股份有限公司,3,AAA
149090,20七狼01,福建七匹狼集团有限公司,3,AA+
149091,花呗55A2,德邦证券股份有限公司,1.03,AA+
149092,18智信01,中信证券股份有限公司,1,AAA
149093,睿信2号,华泰证券(上海)资产管理有限公司,1,AAA
149094,中电3优A,广发证券资产管理(广东)有限公司,0.92,AAA
149095,中电3优B,广发证券资产管理(广东)有限公司,0.92,AA
149096,20核租G1,中广核国际融资租赁有限公司,3,AA+
149097,20万集01,万达集团股份有限公司,3,AA+
149098,20蓝焰01,山西蓝焰控股股份有限公司,5,AAA
149099,中电3次D,广发证券资产管理(广东)有限公司,0.92,nan
149100,聚元3A1,华泰证券(上海)资产管理有限公司,0.38,AA+
149101,14地方债01,中华人民共和国财政部,3,nan
149102,14地方债02,中华人民共和国财政部,5,nan
149103,14地方债03,中华人民共和国财政部,7,nan
149104,14地方债04,中华人民共和国财政部,3,nan
149105,14地方债05,中华人民共和国财政部,5,nan
149106,14地方债06,中华人民共和国财政部,3,nan
149107,14地方债07,中华人民共和国财政部,5,nan
149108,14地方债08,中华人民共和国财政部,7,nan
149109,14地方债09,中华人民共和国财政部,3,nan
149110,14地方债10,中华人民共和国财政部,5,nan
149111,14地方债11,中华人民共和国财政部,3,nan
149112,14地方债12,中华人民共和国财政部,5,nan
149113,14地方债13,中华人民共和国财政部,7,nan
149114,创置优A,首创证券股份有限公司,18,AAA
149115,创置优B,首创证券股份有限公司,18,AAA
149116,创置次级,首创证券股份有限公司,18,nan
149117,佳源优01,华西证券股份有限公司,3,AA+
149118,佳源优02,华西证券股份有限公司,3,AA
149119,佳源次级,华西证券股份有限公司,3,nan
149120,铁建001A,平安证券股份有限公司,2.07,AAA
149121,铁建001C,平安证券股份有限公司,2.07,nan
149123,海融3次,华泰证券(上海)资产管理有限公司,1.5,nan
149124,国融优A1,深圳市融通资本管理股份有限公司,1.08,AAA
149125,国融优A2,深圳市融通资本管理股份有限公司,1.58,AAA
149126,国融优A3,深圳市融通资本管理股份有限公司,1.58,AAA
149127,18花01A1,中国国际金融股份有限公司,1.03,AAA
149128,18花01A2,中国国际金融股份有限公司,1.03,AA+
149129,18花01B,中国国际金融股份有限公司,1.03,nan
149130,花呗55A1,德邦证券股份有限公司,1.03,AAA
149131,花呗55B,德邦证券股份有限公司,1.03,nan
149132,18花02A1,中国国际金融股份有限公司,1.04,AAA
149133,18花02A2,中国国际金融股份有限公司,1.04,AA+
149134,18花02B,中国国际金融股份有限公司,1.04,nan
149135,18花03A1,中国国际金融股份有限公司,1.04,AAA
149136,18花03A2,中国国际金融股份有限公司,1.04,AA+
149137,18花03B,中国国际金融股份有限公司,1.04,nan
149139,18花04A2,中国国际金融股份有限公司,1.04,AA+
149140,18花04B,中国国际金融股份有限公司,1.04,nan
149141,国融优B,深圳市融通资本管理股份有限公司,2.08,AA+
149142,国融优C,深圳市融通资本管理股份有限公司,2.33,nan
149143,国融次级,深圳市融通资本管理股份有限公司,2.33,nan
149144,博格一A1,国开证券股份有限公司,0.28,AAA
149145,博格一A2,国开证券股份有限公司,1.28,AAA
149146,20深机01,深圳市机场(集团)有限公司,3,AAA
149147,20不动02,平安不动产有限公司,3,AAA
149148,PR五A,上海国泰君安证券资产管理有限公司,3.25,AAA
149149,PR五B,上海国泰君安证券资产管理有限公司,3.5,AA+
149150,PR五次,上海国泰君安证券资产管理有限公司,5,nan
149151,20中环01,TCL中环新能源科技股份有限公司,3,AA+
149152,20沃尔01,深圳市沃尔核材股份有限公司,3,AAA
149153,利拓1优A,国金证券股份有限公司,2.7,AAA
149154,利拓1优B,国金证券股份有限公司,2.7,AA+
149155,利拓1优C,国金证券股份有限公司,2.7,AA
149156,20鞍钢Y2,鞍山钢铁集团有限公司,nan,AAA
149157,彩1优1,上海北信瑞丰资产管理有限公司,1.01,AA+
149158,彩1优2,上海北信瑞丰资产管理有限公司,2.01,AA+
149159,彩1优3,上海北信瑞丰资产管理有限公司,3.02,AA+
149160,20湘路02,湖南省高速公路集团有限公司,5,AAA
149161,AUX6A1,兴证证券资产管理有限公司,0.63,AAA
149162,AUX6A2,兴证证券资产管理有限公司,1.63,AAA
149163,AUX6A3,兴证证券资产管理有限公司,2.63,AAA
149164,AUX6A4,兴证证券资产管理有限公司,3.13,AAA
149166,PR17四A,申万宏源证券有限公司,3.57,AAA
149167,17远东4B,申万宏源证券有限公司,4.08,AAA
149168,17远东4C,申万宏源证券有限公司,4.58,nan
149169,恒信05A1,华泰证券(上海)资产管理有限公司,0.09,AAA
149170,恒信05A2,华泰证券(上海)资产管理有限公司,2.59,AAA
149171,恒信05A3,华泰证券(上海)资产管理有限公司,4.09,AAA
149172,20申证D5,申万宏源证券有限公司,1,AAA
149173,18易鑫1A,天风证券股份有限公司,2.07,AAA
149174,18易鑫1B,天风证券股份有限公司,2.31,AA+
149175,20连金01,连云港市金融控股集团有限公司,5,AA+
149176,山财大01,上海国泰君安证券资产管理有限公司,0.62,AAA
149177,山财大02,上海国泰君安证券资产管理有限公司,1.66,AAA
149178,山财大03,上海国泰君安证券资产管理有限公司,2.71,AAA
149179,山财大04,上海国泰君安证券资产管理有限公司,3.75,AAA
149180,山财大05,上海国泰君安证券资产管理有限公司,4.79,AAA
149181,山财大06,上海国泰君安证券资产管理有限公司,5.83,AAA
149182,山财大07,上海国泰君安证券资产管理有限公司,6.9,AAA
149183,山财大08,上海国泰君安证券资产管理有限公司,7.92,AAA
149184,山财大09,上海国泰君安证券资产管理有限公司,8.98,AAA
149185,山财大10,上海国泰君安证券资产管理有限公司,10,AAA
149187,阳光A,国金证券股份有限公司,18,AAA
149188,阳光B,国金证券股份有限公司,18,AA+
149189,20大悦01,大悦城控股集团股份有限公司,5,AAA
149191,借呗48A2,德邦证券股份有限公司,1.03,AA
149192,借呗48B,德邦证券股份有限公司,1.03,nan
149193,20兴蓉01,成都市兴蓉环境股份有限公司,5,AAA
149194,17民通02,银河金汇证券资产管理有限公司,1.05,AA+
149195,17民通03,银河金汇证券资产管理有限公司,2.07,AA+
149196,17民通04,银河金汇证券资产管理有限公司,3.08,AA+
149197,17民通05,银河金汇证券资产管理有限公司,4.1,AA+
149199,17JC02A1,国金证券股份有限公司,1.49,AAA
149202,17JC02C,国金证券股份有限公司,3.02,AA
149203,17JC02次,国金证券股份有限公司,4.79,nan
149204,20兴投03,河南航空港投资集团有限公司,3,AAA
149205,20安纾02,深圳市人才安居集团有限公司,3,AAA
149206,20高铁01,神州高铁技术股份有限公司,3,AAA
149207,20华发Y2,珠海华发集团有限公司,nan,AAA
149208,H0阳城03,阳光城集团股份有限公司,4,AAA
149209,20金街03,金融街控股股份有限公司,5,AAA
149210,国控1A,华鑫证券有限责任公司,3.03,AAA
149211,国控1B,华鑫证券有限责任公司,3.79,AA
149213,保利R1次,前海开源资产管理有限公司,18,nan
149214,新建元1A,东吴证券股份有限公司,5.07,AAA
149216,20西部02,西部证券股份有限公司,2,AAA
149217,20长城04,长城证券股份有限公司,1.5,AAA
149218,20欣旺02,欣旺达电子股份有限公司,3,AAA
149219,华信01A,德邦证券股份有限公司,2,AA+
149220,华信01B,德邦证券股份有限公司,2,nan
149221,国控1次,华鑫证券有限责任公司,8.36,nan
149223,福田01B,平安证券股份有限公司,2.9,AA+
149224,福田01次,平安证券股份有限公司,2.9,nan
149225,石榴优A,天风证券股份有限公司,18,AA+
149226,石榴优B,天风证券股份有限公司,18,AA
149227,20兴城Y2,成都兴城投资集团有限公司,nan,AAA
149228,创富5A1,天风证券股份有限公司,0.11,AAA
149229,创富5A2,天风证券股份有限公司,0.36,AAA
149230,创富5A3,天风证券股份有限公司,0.61,AAA
149231,创富5A4,天风证券股份有限公司,1.61,AAA
149232,20潍投02,潍坊市投资集团有限公司,5,AA+
149233,18中安优,东兴证券股份有限公司,3,AAA
149234,18中安次,东兴证券股份有限公司,3,nan
149235,18金腾优,中国中投证券有限责任公司,20,AAA
149236,18金腾次,中国中投证券有限责任公司,20,nan
149237,18光明A,开源证券股份有限公司,21.31,AAA
149239,18光明C,开源证券股份有限公司,21.31,AA+
149240,青城3A1,广发证券资产管理(广东)有限公司,0.88,AAA
149241,青城3A2,广发证券资产管理(广东)有限公司,1.89,AAA
149242,青城3A3,广发证券资产管理(广东)有限公司,2.91,AAA
149243,20湘路06,湖南省高速公路集团有限公司,5,AAA
149245,20长新05,长春新区发展集团有限公司,5,AAA
149246,18花05A1,中国国际金融股份有限公司,1.04,AAA
149247,18花05A2,中国国际金融股份有限公司,1.04,AA+
149248,18花05B,中国国际金融股份有限公司,1.04,nan
149249,春申2优,华泰证券(上海)资产管理有限公司,1.73,nan
149250,春申2次,华泰证券(上海)资产管理有限公司,1.73,nan
149251,花呗56A1,德邦证券股份有限公司,1.04,AAA
149252,花呗56A2,德邦证券股份有限公司,1.04,AA+
149253,花呗56B,德邦证券股份有限公司,1.04,nan
149254,18金辉1A,天风证券股份有限公司,2.25,AAA
149255,18金辉1B,天风证券股份有限公司,2.25,AA+
149256,H0阳城04,阳光城集团股份有限公司,5,AAA
149257,18翌成A1,湘财证券股份有限公司,0.58,AAA
149258,18翌成A2,湘财证券股份有限公司,1.59,AAA
149259,18翌成A3,湘财证券股份有限公司,2.61,AAA
149260,18翌成B1,湘财证券股份有限公司,3.62,AA-
149261,18翌成次,湘财证券股份有限公司,3.62,nan
149262,中垠1A1,华泰证券(上海)资产管理有限公司,0.5,AAA
149263,中垠1A2,华泰证券(上海)资产管理有限公司,1.5,AAA
149264,中垠1A3,华泰证券(上海)资产管理有限公司,2.5,AAA
149265,中垠1A4,华泰证券(上海)资产管理有限公司,3.5,AAA
149266,20兴投04,河南航空港投资集团有限公司,3,AAA
149267,18自如1A,中信证券股份有限公司,2.05,AAA
149268,18自如1B,中信证券股份有限公司,2.05,A+
149269,18自如中,中信证券股份有限公司,2.05,BBB-
149270,松江A1,万家共赢资产管理有限公司,0.17,AAA
149271,松江A2,万家共赢资产管理有限公司,0.92,AAA
149272,松江A3,万家共赢资产管理有限公司,1.92,AAA
149273,松江A4,万家共赢资产管理有限公司,2.92,AAA
149274,PRA5,万家共赢资产管理有限公司,3.92,AAA
149275,松江A6,万家共赢资产管理有限公司,4.92,AAA
149276,松江A7,万家共赢资产管理有限公司,5.92,AAA
149278,松江A9,万家共赢资产管理有限公司,7.92,AAA
149279,松江A10,万家共赢资产管理有限公司,8.42,AAA
149281,花呗57A1,德邦证券股份有限公司,1,AAA
149282,花呗57A2,德邦证券股份有限公司,1,AA+
149283,花呗57B,德邦证券股份有限公司,1,nan
149285,18花呗1B,上海光大证券资产管理有限公司,1.04,AA+
149286,18花呗1C,上海光大证券资产管理有限公司,1.04,nan
149287,博格二A1,兴证证券资产管理有限公司,0.41,AAA
149288,博格二A2,兴证证券资产管理有限公司,1.4,AAA
149289,博格二A3,兴证证券资产管理有限公司,2.66,AAA
149290,博格二B,兴证证券资产管理有限公司,3.4,AA+
149291,博格二次,兴证证券资产管理有限公司,4.4,nan
149292,科高2优,联储证券有限责任公司,1.33,AAA
149293,科高2次,联储证券有限责任公司,1.33,nan
149294,宁远02A1,信达证券股份有限公司,0.5,AAA
149295,宁远02A2,信达证券股份有限公司,1,AAA
149296,宁远02A3,信达证券股份有限公司,1.5,AAA
149297,宁远02B,信达证券股份有限公司,1.5,AA-
149299,18长安A,信达证券股份有限公司,17.58,AAA
149300,18长安B,信达证券股份有限公司,17.58,AA+
149301,18长安次,信达证券股份有限公司,20,nan
149303,G福新02,平安证券股份有限公司,3,AAA
149304,G福新03,平安证券股份有限公司,4,AAA
149305,G福新04,平安证券股份有限公司,5,AAA
149307,G福新06,平安证券股份有限公司,7,AAA
149310,G福新09,平安证券股份有限公司,10,AAA
149312,G福新11,平安证券股份有限公司,12,AAA
149313,G福新次,平安证券股份有限公司,12,nan
149314,18花呗3B,上海光大证券资产管理有限公司,1.04,AA+
149316,花呗58A2,德邦证券股份有限公司,1.03,AA+
149317,花呗58B,德邦证券股份有限公司,1.03,nan
149318,花呗59A1,德邦证券股份有限公司,1.04,AAA
149320,花呗59B,德邦证券股份有限公司,1.04,nan
149321,18东莞1A,中国中投证券有限责任公司,3.04,AAA
149322,18东莞1B,中国中投证券有限责任公司,3.04,AA+
149323,20华发Y4,珠海华发集团有限公司,nan,AAA
149324,18聚01A1,中信证券股份有限公司,1.17,AAA
149325,18聚01A2,中信证券股份有限公司,2.43,AAA
149326,18聚01A3,中信证券股份有限公司,3.7,AAA
149327,18聚01B1,中信证券股份有限公司,4.21,AA
149328,18聚01次,中信证券股份有限公司,4.96,nan
149329,沂水02,西部证券股份有限公司,1.02,AAA
149330,沂水03,西部证券股份有限公司,2.04,AAA
149332,沂水05,西部证券股份有限公司,4.58,AAA
149333,智慧01优,招商证券资产管理有限公司,1.8,AAA
149334,智慧01次,招商证券资产管理有限公司,2.67,nan
149335,沂水次,西部证券股份有限公司,4.58,nan
149336,18易鑫2A,天风证券股份有限公司,2.08,AAA
149337,18易鑫2B,天风证券股份有限公司,2.33,AA+
149338,20海能01,海能达通信股份有限公司,3,AAA
149339,18豫盛A1,山西证券股份有限公司,1.05,AAA
149340,18豫盛A2,山西证券股份有限公司,2.07,AAA
149341,18豫盛A3,山西证券股份有限公司,3.09,AAA
149342,18豫盛B,山西证券股份有限公司,3.34,AA+
149343,18豫盛次,山西证券股份有限公司,4.53,nan
149344,国药2A1,广发证券资产管理(广东)有限公司,0.98,AAA
149345,国药2A2,广发证券资产管理(广东)有限公司,2.24,AAA
149347,国药2B,广发证券资产管理(广东)有限公司,3.49,AA
149348,21穗交01,广州交通投资集团有限公司,5,AAA
149349,PR皖新1A,光大保德信资产管理有限公司,17.82,AAA
149350,18皖新1B,光大保德信资产管理有限公司,17.82,AAA
149352,恒信06A2,上海海通证券资产管理有限公司,1.67,AAA
149353,恒信06A3,上海海通证券资产管理有限公司,2.68,AAA
149354,恒信06次,上海海通证券资产管理有限公司,2.68,nan
149355,PRYD01A,中国国际金融股份有限公司,3.28,AAA
149356,18YD01B,中国国际金融股份有限公司,4.04,AA
149357,18YD01C,中国国际金融股份有限公司,5.05,nan
149358,康富3A1,华泰证券(上海)资产管理有限公司,0.75,AAA
149359,康富3A2,华泰证券(上海)资产管理有限公司,1.75,AAA
149362,康富3B,华泰证券(上海)资产管理有限公司,4,AA+
149363,H1阳城01,阳光城集团股份有限公司,5,AAA
149364,21厦贸01,厦门国贸控股集团有限公司,5,AAA
149366,财通02,交银施罗德资产管理有限公司,0.75,AAA
149367,财通03,交银施罗德资产管理有限公司,1.25,AAA
149368,财通04,交银施罗德资产管理有限公司,1.75,AAA
149369,财通05,交银施罗德资产管理有限公司,2.25,AAA
149370,财通06,交银施罗德资产管理有限公司,2.75,AAA
149371,财通07,交银施罗德资产管理有限公司,3.25,AAA
149373,财通09,交银施罗德资产管理有限公司,4.25,AAA
149374,财通10,交银施罗德资产管理有限公司,4.5,AAA
149375,财通次级,交银施罗德资产管理有限公司,4.5,nan
149376,金供链优,国金证券股份有限公司,1.94,AAA
149377,21东北D1,东北证券股份有限公司,0.98,A-1
149378,21福投02,福建省投资开发集团有限责任公司,3,AAA
149379,21深航D1,深圳航空有限责任公司,1,nan
149380,18花06A1,中国国际金融股份有限公司,1.04,AAA
149381,18花06A2,中国国际金融股份有限公司,1.04,AA+
149382,18花06B,中国国际金融股份有限公司,1.04,nan
149384,18花07A2,中国国际金融股份有限公司,1.08,AA+
149385,18花07B,中国国际金融股份有限公司,1.08,nan
149386,18花08A1,中国国际金融股份有限公司,1.04,AAA
149387,18花08A2,中国国际金融股份有限公司,1.04,AA+
149388,18花08B,中国国际金融股份有限公司,1.04,nan
149389,18花09A1,中国国际金融股份有限公司,1.04,AAA
149390,18花09A2,中国国际金融股份有限公司,1.04,AA+
149391,18花09B,中国国际金融股份有限公司,1.04,nan
149393,21申宏01,申万宏源集团股份有限公司,5,AAA
149394,21申宏02,申万宏源集团股份有限公司,7,AAA
149396,同心1优,华泰证券(上海)资产管理有限公司,0.56,AAA
149397,21涪陵01,重庆市涪陵国有资产投资经营集团有限公司,5,AA+
149399,21珠华G1,珠海华发集团有限公司,5,AAA
149400,21广能G1,广西能源集团有限公司,5,AA+
149401,21皖能01,安徽省皖能股份有限公司,1,AAA
149403,21深铁02,深圳市地铁集团有限公司,3,AAA
149404,18融侨A,华融证券股份有限公司,2,AAA
149406,21盐港01,深圳港集团有限公司,3,AAA
149407,上雅优先,华西证券股份有限公司,18.04,AAA
149408,上雅次级,华西证券股份有限公司,18.04,nan
149409,18平安1A,天风证券股份有限公司,0.83,AAA
149410,18平安1B,天风证券股份有限公司,1.08,AA
149411,21中盈01,广东中盈盛达融资担保投资股份有限公司,5,AAA
149412,21广电01,广州数字科技集团有限公司,5,AAA
149413,21粤垦01,广东省农垦集团公司,5,AAA
149414,1如日A01,东兴证券股份有限公司,0.41,AAA
149415,21川能Y1,四川省能源投资集团有限责任公司,nan,AAA
149417,宁远03A1,信达证券股份有限公司,0.42,AAA
149418,宁远03A2,信达证券股份有限公司,0.67,AAA
149420,宁远03A4,信达证券股份有限公司,1.17,AAA
149421,宁远03A5,信达证券股份有限公司,1.25,AAA
149422,宁远03次,信达证券股份有限公司,1.25,nan
149423,悦达1A,申港证券股份有限公司,0.92,AAA
149424,悦达1B,申港证券股份有限公司,1.17,AA+
149425,悦达1次,申港证券股份有限公司,1.92,nan
149426,1如日A02,东兴证券股份有限公司,0.67,AAA
149427,18远东A1,上海国泰君安证券资产管理有限公司,0.76,AAA
149428,18远东A2,上海国泰君安证券资产管理有限公司,3.04,AAA
149429,18远东B,上海国泰君安证券资产管理有限公司,3.8,AA
149431,18沣邦1A,国金证券股份有限公司,1.17,AAA
149432,18沣邦1B,国金证券股份有限公司,1.92,AA+
149433,21桂交01,广西交通投资集团有限公司,5,AAA
149434,18信睿A,中信建投证券股份有限公司,2.22,AAA
149435,18信睿B,中信建投证券股份有限公司,2.22,AA+
149436,18信睿次,中信建投证券股份有限公司,2.3,nan
149437,华发优A,华金证券股份有限公司,2.24,AAA
149438,华发优B,华金证券股份有限公司,2.24,AA+
149439,1如日A03,东兴证券股份有限公司,0.92,AAA
149440,华发1次,华金证券股份有限公司,2.24,nan
149441,融鑫3A1,华福证券有限责任公司,0.97,AAA
149442,融鑫3A2,华福证券有限责任公司,1,AAA
149443,春申3优,华泰证券(上海)资产管理有限公司,1.62,AAA
149445,蚂蚁01A1,德邦证券股份有限公司,1.3,AAA
149447,蚂蚁01B,德邦证券股份有限公司,1.3,nan
149448,18花呗2A,上海光大证券资产管理有限公司,1.05,nan
149449,18花呗2B,上海光大证券资产管理有限公司,1.05,nan
149450,18花呗2C,上海光大证券资产管理有限公司,1.05,nan
149452,唯品花3B,中国国际金融股份有限公司,1.29,AA+
149453,21天投Y2,成都天府新区投资集团有限公司,nan,AAA
149454,21大族01,大族控股集团有限公司,3,AAA
149455,21广铁01,广州地铁集团有限公司,5,AAA
149456,18岚桥A1,中信建投证券股份有限公司,16.41,AAA
149457,18岚桥A2,中信建投证券股份有限公司,17.42,AA+
149458,18岚桥次,中信建投证券股份有限公司,17.42,nan
149459,AUX7A1,兴证证券资产管理有限公司,1.08,AAA
149460,AUX7A2,兴证证券资产管理有限公司,2.08,AAA
149461,AUX7A3,兴证证券资产管理有限公司,2.83,AAA
149462,AUX7A4,兴证证券资产管理有限公司,3.33,AAA
149463,AUX7B,兴证证券资产管理有限公司,3.58,AA+
149465,18富力1A,招商证券资产管理有限公司,18.27,AAA
149466,18富力1B,招商证券资产管理有限公司,18.27,nan
149467,G节能01,嘉实资本管理有限公司,0.51,AAA
149468,G节能02,嘉实资本管理有限公司,1.53,AAA
149471,G节能05,嘉实资本管理有限公司,4.57,AAA
149472,G节能次,嘉实资本管理有限公司,4.57,nan
149473,太盟8A1,国金证券股份有限公司,0.58,AAA
149474,太盟8A2,国金证券股份有限公司,1.59,AAA
149475,太盟8A3,国金证券股份有限公司,2.09,AAA
149476,太盟8B,国金证券股份有限公司,2.35,AA+
149477,21万科03,万科企业股份有限公司,5,AAA
149478,PR03A1,中银国际证券股份有限公司,0.83,AAA
149479,PR03A2,中银国际证券股份有限公司,1.84,AAA
149480,PR03A3,中银国际证券股份有限公司,2.6,AAA
149481,PR03B,中银国际证券股份有限公司,2.85,AA+
149482,PR03C,中银国际证券股份有限公司,3.11,AA
149483,诚泰03次,中银国际证券股份有限公司,4.88,nan
149485,正荣次,天风证券股份有限公司,3,nan
149486,18ZR2优A,中信证券股份有限公司,2.05,AAA
149487,18ZR2优B,中信证券股份有限公司,2.05,AA+
149488,18ZR2中A,中信证券股份有限公司,2.05,BBB-
149489,18京保1A,华泰证券(上海)资产管理有限公司,0.55,AA+
149490,18京保1B,华泰证券(上海)资产管理有限公司,0.55,nan
149491,PR宁铁01,中国中投证券有限责任公司,1.01,AAA
149492,PR宁铁02,中国中投证券有限责任公司,2.03,AAA
149494,G宁铁04,中国中投证券有限责任公司,4.06,AAA
149495,G宁铁05,中国中投证券有限责任公司,5.07,AAA
149496,G宁铁06,中国中投证券有限责任公司,6.09,AAA
149497,G宁铁07,中国中投证券有限责任公司,7.1,AAA
149498,G宁铁08,中国中投证券有限责任公司,8.12,AAA
149499,G宁铁09,中国中投证券有限责任公司,9.13,AAA
149500,G宁铁10,中国中投证券有限责任公司,10.15,AAA
149501,G宁铁次,南京地铁集团有限公司,10,nan
149503,百新2B,天风证券股份有限公司,2.02,AA+
149504,百新2C,天风证券股份有限公司,2.11,AA-
149505,21冀东01,金隅冀东水泥集团股份有限公司,5,AAA
149507,借呗50A2,德邦证券股份有限公司,1.04,AA+
149508,借呗50B,德邦证券股份有限公司,1.04,nan
149509,高供水01,民生证券股份有限公司,0.68,AA+
149510,高供水02,民生证券股份有限公司,1.69,AA+
149511,高供水03,民生证券股份有限公司,2.72,AA+
149512,高供水04,民生证券股份有限公司,3.73,AA+
149513,高供水05,民生证券股份有限公司,4.74,AA+
149514,高供水06,民生证券股份有限公司,5.75,AA+
149515,高供水次,民生证券股份有限公司,5.75,nan
149516,18花呗3A,上海光大证券资产管理有限公司,1.04,AAA
149517,18花呗3C,上海光大证券资产管理有限公司,1.04,nan
149518,18DZC优A,国金证券股份有限公司,21,AAA
149519,18DZC优B,国金证券股份有限公司,21,AAA
149520,21远东D2,远东国际融资租赁有限公司,1,nan
149521,1如日A04,东兴证券股份有限公司,1.17,AAA
149522,1如日A05,东兴证券股份有限公司,1.43,AAA
149523,1如日A06,东兴证券股份有限公司,1.68,AAA
149524,1如日A07,东兴证券股份有限公司,1.93,AAA
149525,1如日A08,东兴证券股份有限公司,2.19,AAA
149526,1如日A09,东兴证券股份有限公司,2.44,AAA
149527,1如日A10,东兴证券股份有限公司,2.7,AAA
149528,1如日次,东兴证券股份有限公司,3.2,nan
149530,18天房1C,渤海汇金证券资产管理有限公司,5.07,nan
149531,华泰2号,上海国泰君安证券资产管理有限公司,1,AAA
149532,华泰2次,上海国泰君安证券资产管理有限公司,1,nan
149533,远海租A1,上海光大证券资产管理有限公司,0.68,AAA
149534,远海租A2,上海光大证券资产管理有限公司,2.45,AAA
149535,远海租A3,上海光大证券资产管理有限公司,3.21,AAA
149536,21国信04,国信证券股份有限公司,5,AAA
149537,21天马01,天马微电子股份有限公司,5,AAA
149538,信证01优,博时资本管理有限公司,1.53,AAA
149539,国药3A1,华林证券股份有限公司,1.09,AAA
149540,国药3A2,华林证券股份有限公司,2.11,AAA
149542,国药3B,华林证券股份有限公司,3.88,AA+
149543,国药3次,华林证券股份有限公司,3.88,nan
149544,21国信07,国信证券股份有限公司,3,AAA
149545,18电投优,平安证券股份有限公司,2.66,AAA
149547,21金街03,金融街控股股份有限公司,5,AAA
149548,璀璨1A,尚隽商业保理(上海)有限公司,1,AAA
149549,18荣发01,深圳平安大华汇通财富管理有限公司,0.71,AAA
149550,18荣发02,深圳平安大华汇通财富管理有限公司,1.73,AAA
149551,18荣发03,深圳平安大华汇通财富管理有限公司,2.74,AAA
149553,宁远04A1,信达证券股份有限公司,0.81,AAA
149555,同煤联01,平安证券股份有限公司,0.88,AAA
149556,宁远04A3,信达证券股份有限公司,1.33,AAA
149557,宁远04A4,信达证券股份有限公司,1.58,AAA
149558,宁远04A5,信达证券股份有限公司,1.58,AAA
149559,宁远04次,信达证券股份有限公司,1.58,nan
149560,18京保2A,华泰证券(上海)资产管理有限公司,0.54,AAA
149561,18京保2B,华泰证券(上海)资产管理有限公司,0.54,nan
149562,18新城1A,招商证券资产管理有限公司,3,AAA
149563,18新城1B,招商证券资产管理有限公司,3,nan
149564,物资1A1,平安证券股份有限公司,1,AAA
149565,18天房1A,渤海汇金证券资产管理有限公司,3.04,AAA
149566,18中泰1A,中信建投证券股份有限公司,1.01,AAA
149567,18中泰1C,中信建投证券股份有限公司,1.01,nan
149568,18京蓝优,中信建投证券股份有限公司,8.17,AAA
149569,18京蓝次,中信建投证券股份有限公司,8.17,nan
149570,豫盛2A1,山西证券股份有限公司,0.84,AAA
149571,豫盛2A2,山西证券股份有限公司,1.86,AAA
149572,豫盛2A3,山西证券股份有限公司,2.88,AAA
149573,21DJLQ03,中电建路桥集团有限公司,5,AAA
149574,21申证08,申万宏源证券有限公司,3,AAA
149575,21申证09,申万宏源证券有限公司,5,AAA
149576,21深投03,深圳市投资控股有限公司,5,AAA
149577,21广能01,广西能源集团有限公司,3,AA+
149578,君同一优,上海国泰君安证券资产管理有限公司,0.27,AAA
149579,君同一次,上海国泰君安证券资产管理有限公司,0.27,nan
149580,天富03A1,前海开源资产管理有限公司,0.92,AA+
149581,天富03A2,前海开源资产管理有限公司,0.92,AA
149582,天富03次,前海开源资产管理有限公司,0.92,nan
149583,豫盛2B,山西证券股份有限公司,2.88,AA+
149584,豫盛2次,山西证券股份有限公司,2.96,nan
149585,18花10A1,中国国际金融股份有限公司,1.04,AAA
149586,18花10A2,中国国际金融股份有限公司,1.04,AA+
149587,18花10B,中国国际金融股份有限公司,1.04,nan
149588,18花11A1,中国国际金融股份有限公司,1.04,AAA
149589,18花11A2,中国国际金融股份有限公司,1.04,AA+
149590,18花11B,中国国际金融股份有限公司,1.04,nan
149591,18花12A1,中国国际金融股份有限公司,2.06,AAA
149593,18花12B,中国国际金融股份有限公司,2.06,nan
149594,汇通13A1,国金证券股份有限公司,0.75,AAA
149595,汇通13A2,国金证券股份有限公司,1.52,AAA
149596,汇通13A3,国金证券股份有限公司,2.28,AAA
149597,汇通13B,国金证券股份有限公司,2.87,nan
149598,华鑫融1A,国金证券股份有限公司,1.75,AAA
149599,华鑫融1B,国金证券股份有限公司,1.75,AA+
149600,华鑫融次,国金证券股份有限公司,1.75,nan
149601,恒信07A1,上海海通证券资产管理有限公司,0.77,AAA
149602,恒信07A2,上海海通证券资产管理有限公司,1.79,AAA
149603,恒信07A3,上海海通证券资产管理有限公司,2.55,AAA
149604,恒信07次,上海海通证券资产管理有限公司,2.8,nan
149606,18花呗4B,上海光大证券资产管理有限公司,1.04,AA+
149607,18花呗4C,上海光大证券资产管理有限公司,1.04,nan
149608,18汇融A1,天风证券股份有限公司,0.89,AAA
149609,18汇融A2,天风证券股份有限公司,1.91,AAA
149610,18汇融A3,天风证券股份有限公司,2.68,AAA
149611,18汇融B,天风证券股份有限公司,2.92,AA+
149612,18汇融C,天风证券股份有限公司,3.18,AA-
149613,18汇融次,天风证券股份有限公司,4.62,nan
149614,借呗51A1,德邦证券股份有限公司,1.04,AAA
149615,借呗51A2,德邦证券股份有限公司,1.04,AA+
149617,18京保3A,华泰证券(上海)资产管理有限公司,0.55,AAA
149618,18京保3B,华泰证券(上海)资产管理有限公司,0.55,nan
149619,18亚中02,中国中投证券有限责任公司,2.03,AAA
149620,18亚中03,中国中投证券有限责任公司,3.04,AAA
149621,18亚中04,中国中投证券有限责任公司,4.06,AAA
149622,18亚中05,中国中投证券有限责任公司,5.07,AAA
149623,广租优先,国开证券股份有限公司,3.87,AAA
149624,18亚中06,中国中投证券有限责任公司,6.09,AAA
149625,广租次级,国开证券股份有限公司,7.42,nan
149626,18亚中07,中国中投证券有限责任公司,7.1,AAA
149627,18亚中次,中国中投证券有限责任公司,7.1,nan
149628,18领昱1A,中信证券股份有限公司,3.04,AAA
149629,18领昱1B,中信证券股份有限公司,3.04,AA+
149632,福碧18次,华西证券股份有限公司,3.04,nan
149633,18亚中01,中国中投证券有限责任公司,1.01,AAA
149634,九州通3A,上海光大证券资产管理有限公司,0.98,AAA
149635,九州通3B,上海光大证券资产管理有限公司,0.98,AA+
149636,21冀东02,金隅冀东水泥集团股份有限公司,5,AAA
149637,花呗60A1,德邦证券股份有限公司,2.06,AAA
149638,花呗60A2,德邦证券股份有限公司,2.06,AA+
149639,花呗60B,德邦证券股份有限公司,2.06,nan
149640,18平租3A,深圳平安大华汇通财富管理有限公司,1.14,AAA
149641,18平租3B,深圳平安大华汇通财富管理有限公司,1.39,AA+
149642,18平租3C,深圳平安大华汇通财富管理有限公司,1.64,AA
149643,21DJLQ04,中电建路桥集团有限公司,3,AAA
149645,一局优B,开源证券股份有限公司,2,AA+
149646,一局次,开源证券股份有限公司,2,nan
149647,铁建003A,上海海通证券资产管理有限公司,2,AAA
149648,铁建003C,上海海通证券资产管理有限公司,2,nan
149649,首置18优,华西证券股份有限公司,2.03,AAA
149650,首置18次,华西证券股份有限公司,2.03,nan
149651,18联储A,开源证券股份有限公司,2.2,AAA
149653,18联储次,开源证券股份有限公司,2.2,nan
149656,合生汇01,长城证券股份有限公司,21.4,AAA
149657,21长江05,长江证券股份有限公司,3,AAA
149658,21广发13,广发证券股份有限公司,3,AAA
149661,21圆融K1,厦门金圆投资集团有限公司,3,AAA
149662,21圆融K2,厦门金圆投资集团有限公司,5,AAA
149664,21湘路08,湖南省高速公路集团有限公司,5,AAA
149665,21特信02,深圳市特发信息股份有限公司,3,AAA
149666,19二航次,中信证券股份有限公司,0.98,nan
149667,21珠港01,珠海港股份有限公司,5,AA+
149668,21徐工02,徐工集团工程机械股份有限公司,3,AAA
149670,21基建01,天津天保基建股份有限公司,3,AAA
149671,21厦港01,厦门国际港务有限公司,5,AAA
149672,21润租G2,华润融资租赁有限公司,3,AAA
149673,21国信10,国信证券股份有限公司,3,AAA
149674,21国信11,国信证券股份有限公司,5,AAA
149675,青山湖01,国开证券股份有限公司,1.52,AAA
149676,青山湖02,国开证券股份有限公司,2.54,AAA
149677,青山湖03,国开证券股份有限公司,3.55,AAA
149678,青山湖04,国开证券股份有限公司,4.57,AAA
149680,铁建006A,上海国泰君安证券资产管理有限公司,1.98,AAA
149682,18光贰优,中国中投证券有限责任公司,1.01,AAA
149683,21深投06,深圳市投资控股有限公司,5,AAA
149684,璀璨2A,深圳平安大华汇通财富管理有限公司,1.01,AAA
149686,18前海次,南方资本管理有限公司,0.58,nan
149687,借呗52A1,德邦证券股份有限公司,1.04,AAA
149689,借呗52B,德邦证券股份有限公司,1.04,nan
149691,借呗53A2,德邦证券股份有限公司,1.04,AA+
149692,借呗53B,德邦证券股份有限公司,1.04,nan
149693,国融2A1,深圳市融通资本管理股份有限公司,1.47,AAA
149694,国融2A2,深圳市融通资本管理股份有限公司,1.72,AAA
149695,国融2A3,深圳市融通资本管理股份有限公司,1.72,AAA
149696,国融2B,深圳市融通资本管理股份有限公司,1.72,AA+
149697,国融2C,深圳市融通资本管理股份有限公司,2.23,nan
149698,国融2次,深圳市融通资本管理股份有限公司,2.49,nan
149699,建房尾A,平安证券股份有限公司,1.89,AAA
149701,建房次,平安证券股份有限公司,1.89,nan
149702,18光大优,中国中投证券有限责任公司,1.53,AAA
149703,21广发20,广发证券股份有限公司,5,AAA
149704,18工诚1A,工银瑞信投资管理有限公司,2.53,AAA
149705,18世茂优,开源证券股份有限公司,20.02,AAA
149706,18世茂次,开源证券股份有限公司,20.02,nan
149707,1车01优,博时资本管理有限公司,1.01,AAA
149708,21山证02,山西证券股份有限公司,3,AAA
149709,18工诚1B,工银瑞信投资管理有限公司,4.21,nan
149710,邹热01,国融证券股份有限公司,0.54,AA+
149711,邹热02,国融证券股份有限公司,1.56,AA+
149712,邹热03,国融证券股份有限公司,2.58,AA+
149713,邹热04,国融证券股份有限公司,3.59,AA+
149714,邹热05,国融证券股份有限公司,4.6,AA+
149715,邹城次级,国融证券股份有限公司,4.6,nan
149716,融鑫4,华福证券有限责任公司,0.98,AAA
149717,兴泽1次,兴证证券资产管理有限公司,0.91,nan
149718,兴泽1优,兴证证券资产管理有限公司,0.91,AAA
149719,越物优02,中信证券华南股份有限公司,1.91,AAA
149720,越物优03,中信证券华南股份有限公司,2.92,AAA
149721,越物优04,中信证券华南股份有限公司,3.93,AAA
149722,越物优05,中信证券华南股份有限公司,4.95,AAA
149724,越物优07,中信证券华南股份有限公司,6.98,AAA
149725,越物优08,中信证券华南股份有限公司,7.99,AAA
149726,越物优09,中信证券华南股份有限公司,9.01,AAA
149727,21泸发展,泸州产业发展投资集团有限公司,5,AAA
149728,越物优01,广州证券股份有限公司,0.89,AAA
149729,平租18优,平安证券股份有限公司,2.76,AAA
149730,平租18次,平安证券股份有限公司,4.55,nan
149731,宁远05A1,信达证券股份有限公司,0.43,AAA
149732,宁远05A2,信达证券股份有限公司,0.93,AAA
149733,宁远05A3,信达证券股份有限公司,1.44,AAA
149734,宁远05A4,信达证券股份有限公司,1.95,AAA
149737,PR05A7,信达证券股份有限公司,2.96,AAA
149739,金地01A,长城证券股份有限公司,0.98,AAA
149740,21华股03,华西证券股份有限公司,3,AAA
149741,18亿家A1,中信建投证券股份有限公司,0.73,AAA
149742,18亿家A2,中信建投证券股份有限公司,1.75,AAA
149743,18亿家A3,中信建投证券股份有限公司,2.76,AAA
149744,18亿家A4,中信建投证券股份有限公司,3.78,AAA
149745,18亿家A5,中信建投证券股份有限公司,4.79,AAA
149746,18亿家A6,中信建投证券股份有限公司,5.81,AAA
149747,18亿家A7,中信建投证券股份有限公司,6.82,AAA
149748,18亿家A8,中信建投证券股份有限公司,7.84,AAA
149749,18亿家A9,中信建投证券股份有限公司,8.85,AAA
149750,18亿家次,中信建投证券股份有限公司,8.85,nan
149751,资源1A,深圳平安大华汇通财富管理有限公司,0.69,AAA
149753,资源1C,深圳平安大华汇通财富管理有限公司,2.72,AAA
149755,津逸锟1A,上海光大证券资产管理有限公司,1.35,AAA
149756,津逸锟1C,上海光大证券资产管理有限公司,1.35,nan
149757,G1华光01,国联证券股份有限公司,0.66,AAA
149758,G1华光02,国联证券股份有限公司,1.67,AAA
149759,G1华光03,国联证券股份有限公司,2.68,AAA
149760,悦达2A,东吴证券股份有限公司,1.33,AAA
149763,21嘉投03,浙江嘉兴国有资本投资运营有限公司,10,AAA
149764,18红企优,中国国际金融股份有限公司,2.44,AAA
149765,18红企次,中国国际金融股份有限公司,3.03,nan
149766,联保1优,广发证券资产管理(广东)有限公司,0.96,AAA
149767,22一创02,第一创业证券股份有限公司,5,AAA
149768,璀璨3A,深圳平安大华汇通财富管理有限公司,1.01,AAA
149770,18泛海1A,天风证券股份有限公司,18.27,AAA
149771,18泛海1B,天风证券股份有限公司,18.27,AA+
149772,22华股01,华西证券股份有限公司,3,AAA
149773,22长城01,长城证券股份有限公司,3,AAA
149774,22长城02,长城证券股份有限公司,5,AAA
149775,22国信01,国信证券股份有限公司,3,AAA
149776,融联1A1,国金证券股份有限公司,0.25,AAA
149777,融联1A2,国金证券股份有限公司,0.72,AAA
149779,22西部01,西部证券股份有限公司,3,AAA
149780,小米01优,中信证券股份有限公司,1.01,AAA
149781,18碧海01,中国中投证券有限责任公司,1.01,AA+
149782,18碧海02,中国中投证券有限责任公司,2.03,AA+
149783,18碧海03,中国中投证券有限责任公司,3.04,AA+
149784,18碧海04,中国中投证券有限责任公司,4.06,AA+
149785,18碧海05,中国中投证券有限责任公司,5.07,AA+
149786,22川能01,四川省能源投资集团有限责任公司,5,AAA
149787,18花呗5A,上海光大证券资产管理有限公司,1.04,AAA
149788,18花呗5B,上海光大证券资产管理有限公司,1.04,AA+
149789,18花呗5C,上海光大证券资产管理有限公司,1.04,nan
149790,18海融1A,华泰证券(上海)资产管理有限公司,2.03,AAA
149791,18海融1B,华泰证券(上海)资产管理有限公司,2.03,nan
149792,18金融优,中信证券股份有限公司,14.67,AAA
149793,22火炬01,厦门火炬集团有限公司,3,AA
149794,金地02A,长城证券股份有限公司,0.99,AAA
149795,22龙城01,太原市龙城发展投资集团有限公司,3,AAA
149796,铁建005A,兴证证券资产管理有限公司,1.55,AAA
149797,铁建005C,兴证证券资产管理有限公司,1.55,nan
149798,致远1A,中银国际证券股份有限公司,2.93,AAA
149799,致远1B,中银国际证券股份有限公司,4.84,nan
149800,18ZR3优A,中信证券股份有限公司,2.08,AAA
149801,18ZR3优B,中信证券股份有限公司,2.08,AA+
149802,18ZR3中A,中信证券股份有限公司,2.08,BBB-
149803,18永达1A,申万宏源证券有限公司,1.93,AAA
149804,18永达次,申万宏源证券有限公司,2.44,nan
149805,借呗54A1,德邦证券股份有限公司,1.04,AAA
149806,借呗54A2,德邦证券股份有限公司,1.04,AA+
149807,借呗54B,德邦证券股份有限公司,1.04,nan
149808,借呗55A1,德邦证券股份有限公司,1.04,AAA
149809,借呗55A2,德邦证券股份有限公司,1.04,AA+
149811,借呗56A1,德邦证券股份有限公司,1.04,AAA
149812,借呗56A2,德邦证券股份有限公司,1.04,AA+
149813,借呗56B,德邦证券股份有限公司,1.04,nan
149814,借呗57A1,德邦证券股份有限公司,1.04,AAA
149815,借呗57A2,德邦证券股份有限公司,1.04,AA+
149816,借呗57B,德邦证券股份有限公司,1.04,nan
149817,昌西01,申万宏源证券有限公司,0.51,AAA
149818,昌西02,申万宏源证券有限公司,1.53,AAA
149820,昌西04,申万宏源证券有限公司,3.55,AAA
149821,昌西05,申万宏源证券有限公司,4.57,AAA
149824,昌西08,申万宏源证券有限公司,7.61,AAA
149825,昌西09,申万宏源证券有限公司,8.63,AAA
149826,22申宏02,申万宏源集团股份有限公司,5,AAA
149827,PR大华A,上海海通证券资产管理有限公司,20.94,AAA
149828,18大华B,上海海通证券资产管理有限公司,20.94,AA+
149829,18大华C,上海海通证券资产管理有限公司,20.94,nan
149830,18正商优,柏瑞爱建资产管理(上海)有限公司,2.54,AA+
149831,22华资01,华能资本服务有限公司,3,AAA
149832,恒信08A1,上海海通证券资产管理有限公司,0.76,AAA
149833,恒信08A2,上海海通证券资产管理有限公司,1.52,AAA
149834,恒信08A3,上海海通证券资产管理有限公司,2.53,AAA
149835,恒信08次,上海海通证券资产管理有限公司,2.79,nan
149837,18易鑫4B,兴证证券资产管理有限公司,2.13,AA+
149838,18易鑫4C,兴证证券资产管理有限公司,2.89,nan
149839,18德远优,中国中投证券有限责任公司,2.95,AAA
149840,22深水02,深圳市水务(集团)有限公司,3,AAA
149841,18保置优,深圳华润元大资产管理有限公司,3.05,AAA
149843,18鑫宁A1,上海国泰君安证券资产管理有限公司,0.66,AAA
149845,18鑫宁B,上海国泰君安证券资产管理有限公司,1.68,AA
149846,18鑫宁次,上海国泰君安证券资产管理有限公司,2.44,nan
149847,18平租4A,兴证证券资产管理有限公司,2.52,AAA
149848,18平租4B,兴证证券资产管理有限公司,3.02,AA+
149849,18平租4C,兴证证券资产管理有限公司,3.53,AA
149850,18次4,兴证证券资产管理有限公司,4.55,nan
149851,中铝租01,开源证券股份有限公司,0.92,AAA
149852,中铝租02,开源证券股份有限公司,1.93,AAA
149853,中铝租03,开源证券股份有限公司,3.2,AAA
149854,中铝租次,开源证券股份有限公司,3.71,nan
149855,德盈2号2,德邦证券股份有限公司,0.79,AAA
149856,宝联1A,深圳平安大华汇通财富管理有限公司,1.01,AA+
149857,22东北01,东北证券股份有限公司,3,AAA
149858,18花13A1,中国国际金融股份有限公司,2.06,AAA
149859,18花13A2,中国国际金融股份有限公司,2.06,AA+
149861,18花14A1,中国国际金融股份有限公司,1.04,AAA
149862,18花14A2,中国国际金融股份有限公司,1.04,AA+
149863,18花14B,中国国际金融股份有限公司,1.04,nan
149864,18花15A1,中国国际金融股份有限公司,0.53,AAA
149865,18花15A2,中国国际金融股份有限公司,0.53,AA+
149867,18花16A1,中国国际金融股份有限公司,2.06,AAA
149869,18花16B,中国国际金融股份有限公司,2.06,nan
149870,22海普瑞,深圳市海普瑞药业集团股份有限公司,3,AAA
149871,22电建02,中国电建地产集团有限公司,5,AAA
149873,18借01A1,中国国际金融股份有限公司,2.06,AAA
149874,18借01A2,中国国际金融股份有限公司,2.06,AA+
149875,18借01B,中国国际金融股份有限公司,2.06,nan
149876,18借02A1,中国国际金融股份有限公司,2.06,AAA
149877,18借02A2,中国国际金融股份有限公司,2.06,AA+
149878,18借02B,中国国际金融股份有限公司,2.06,nan
149879,18借03A1,中国国际金融股份有限公司,2.06,AAA
149880,18借03A2,中国国际金融股份有限公司,2.06,AA+
149881,18借03B,中国国际金融股份有限公司,2.06,nan
149883,18借04A2,中国国际金融股份有限公司,2.06,AA+
149884,18借04B,中国国际金融股份有限公司,2.06,nan
149885,18借05A1,中国国际金融股份有限公司,2.06,AAA
149887,18借05B,中国国际金融股份有限公司,2.06,nan
149888,22鲲鹏02,深圳市鲲鹏股权投资管理有限公司,3,AAA
149889,22赣投Y1,江西省投资集团有限公司,nan,AAA
149890,22粤高01,广东省高速公路有限公司,10,AAA
149891,PRG康达1,渤海汇金证券资产管理有限公司,2.9,AA+
149892,G1康达02,渤海汇金证券资产管理有限公司,5.95,AA+
149893,G1康达03,渤海汇金证券资产管理有限公司,8.99,AA+
149894,G1康达04,渤海汇金证券资产管理有限公司,12.03,AA+
149895,G1康达05,渤海汇金证券资产管理有限公司,15.08,AA+
149896,G1康达次,渤海汇金证券资产管理有限公司,15.08,nan
149898,18红星1B,华泰证券(上海)资产管理有限公司,3.04,nan
149899,22申宏04,申万宏源集团股份有限公司,5,AAA
149900,22国元01,国元证券股份有限公司,3,AAA
149901,14贴现国债01,中华人民共和国财政部,0.75,nan
149902,14贴现国债02,中华人民共和国财政部,0.75,nan
149903,14贴现国债03,中华人民共和国财政部,0.5,nan
149905,14贴现国债05,中华人民共和国财政部,0.5,nan
149906,14贴现国债06,中华人民共和国财政部,0.25,nan
149907,14贴现国债07,中华人民共和国财政部,0.25,nan
149908,14贴现国债08,中华人民共和国财政部,0.25,nan
149909,花呗62A1,德邦证券股份有限公司,2.06,AAA
149910,花呗62A2,德邦证券股份有限公司,2.06,AA+
149911,花呗62B,德邦证券股份有限公司,2.06,nan
149912,花呗61A1,德邦证券股份有限公司,2.06,AAA
149913,花呗61A2,德邦证券股份有限公司,2.06,AA+
149914,花呗61B,德邦证券股份有限公司,2.06,nan
149915,福田02A,天弘创新资产管理有限公司,2.59,AAA
149916,福田02B,天弘创新资产管理有限公司,2.59,AA+
149917,福田02次,天弘创新资产管理有限公司,3.01,nan
149918,金地03A,长城证券股份有限公司,0.98,AAA
149920,18花呗6A,上海光大证券资产管理有限公司,1.05,AAA
149921,18花呗6B,上海光大证券资产管理有限公司,1.05,AA+
149922,18花呗6C,上海光大证券资产管理有限公司,1.05,nan
149923,22金街06,金融街控股股份有限公司,5,AAA
149924,22DJLQ01,中电建路桥集团有限公司,3,nan
149925,22深安居,深圳市安居集团有限公司,3,AAA
149926,22深能01,深圳能源集团股份有限公司,3,AAA
149927,22深能02,深圳能源集团股份有限公司,10,AAA
149928,22润置04,华润置地控股有限公司,3,AAA
149929,22润置05,华润置地控股有限公司,5,AAA
149930,22万科03,万科企业股份有限公司,5,AAA
149931,时代01优,中山证券有限责任公司,1.01,AA+
149932,时代01次,中山证券有限责任公司,1.01,nan
149933,18建花A,中信建投证券股份有限公司,2.06,AAA
149934,18建花B,中信建投证券股份有限公司,2.06,AAA
149935,18建花C,中信建投证券股份有限公司,2.06,nan
149936,18借呗1A,上海光大证券资产管理有限公司,2.06,AAA
149938,18借呗1C,上海光大证券资产管理有限公司,2.06,nan
149939,18借呗2A,上海光大证券资产管理有限公司,2.06,AAA
149940,18借呗2B,上海光大证券资产管理有限公司,2.06,AA+
149941,18借呗2C,上海光大证券资产管理有限公司,2.06,nan
149942,18国美优,平安证券股份有限公司,15,AAA
149943,18国美次,平安证券股份有限公司,15,nan
149944,18鹭01A1,中信证券股份有限公司,1.36,AAA
149945,18鹭01A2,中信证券股份有限公司,1.62,AAA
149946,18鹭01A3,中信证券股份有限公司,1.87,AAA
149947,18鹭01B1,中信证券股份有限公司,1.87,AA+
149948,18鹭01C1,中信证券股份有限公司,2.63,A
149949,22西部06,西部证券股份有限公司,3,AAA
149950,22中海05,中海企业发展集团有限公司,3,AAA
149951,22中海06,中海企业发展集团有限公司,5,AAA
149952,22珠港Y1,珠海港股份有限公司,nan,AA+
149953,22创投02,深圳市创新投资集团有限公司,5,AAA
149955,22火炬03,厦门火炬集团有限公司,3,nan
149956,22蛇口03,招商局蛇口工业区控股股份有限公司,3,AAA
149957,22蛇口04,招商局蛇口工业区控股股份有限公司,5,AAA
149958,22光大Y4,中国光大集团股份公司,nan,AAA
149960,22珠华Y1,珠海华发集团有限公司,nan,AAA
149961,22深担K1,深圳担保集团有限公司,3,AAA
149962,华润3优1,招商证券资产管理有限公司,2.04,AAA
149963,华润3优2,招商证券资产管理有限公司,2.04,AAA
149965,华润3次2,招商证券资产管理有限公司,2.04,nan
149966,18悠唐A,中国国际金融股份有限公司,18.32,AAA
149968,18悠唐次,中国国际金融股份有限公司,18.32,nan
149969,璀璨4A,深圳平安大华汇通财富管理有限公司,1.01,AAA
149970,AUX8A1,兴证证券资产管理有限公司,0.89,AAA
149971,AUX8A2,兴证证券资产管理有限公司,1.9,AAA
149972,AUX8A3,兴证证券资产管理有限公司,3.43,AAA
149973,AUX8B,兴证证券资产管理有限公司,3.93,AA
149975,联保2优,广发证券资产管理(广东)有限公司,0.99,AAA
149976,22万科06,万科企业股份有限公司,7,AAA
149977,18平安6A,上海国泰君安证券资产管理有限公司,2.83,AAA
149978,18平安6B,上海国泰君安证券资产管理有限公司,3.34,AA+
149980,18京保4A,华泰证券(上海)资产管理有限公司,0.54,AAA
149981,18京保4B,华泰证券(上海)资产管理有限公司,0.54,nan
149983,恒信09次,上海海通证券资产管理有限公司,1.94,nan
149984,18京保5A,华泰证券(上海)资产管理有限公司,1.07,AAA
149985,18京保5B,华泰证券(上海)资产管理有限公司,1.07,nan
149987,18铁置优,招商证券资产管理有限公司,3.04,AAA
149989,平裕3优,华泰证券股份有限公司,1.01,AAA
149990,花呗64A1,德邦证券股份有限公司,2.06,AAA
149991,花呗64A2,德邦证券股份有限公司,2.06,AA+
149992,花呗64B,德邦证券股份有限公司,2.06,nan
149994,花呗65A2,德邦证券股份有限公司,2.06,AA+
149995,花呗65B,德邦证券股份有限公司,2.06,nan
149996,融鑫5,华福证券有限责任公司,0.98,AAA
149997,18建花2A,中信建投证券股份有限公司,2.06,AAA
149998,18建花2B,中信建投证券股份有限公司,2.06,AAA
149999,18建花2C,中信建投证券股份有限公司,2.06,nan
152000,21成交01,成都交通投资集团有限公司,3,AAA
152001,PR温岭02,温岭市国有资产投资集团有限公司,7,AA+
152002,PR朔州01,朔州市投资建设开发有限公司,7,AA
152003,PR西工01,安顺市西秀区工业投资(集团)有限公司,7,AA
152004,PR尖山02,海宁市尖山新区开发有限公司,7,AA+
152005,PR安吉01,安吉县产业投资发展集团有限公司,7,AA+
152006,PR海城发,海宁市城市发展投资集团有限公司,7,AA+
152007,PR绵安02,绵阳安州投资控股集团有限公司,7,AAA
152008,PR孟投02,孟州市投资开发有限公司,7,AAA
152009,PR18赤壁,赤壁市蓝天城市建设投资开发有限责任公司,7,AAA
152010,PR梧州01,梧州市城市建设投资开发有限公司,10,AAA
152011,18京投09,北京市基础设施投资有限公司,10,AAA
152012,18京投10,北京市基础设施投资有限公司,15,AAA
152013,PR泰兴黄,泰兴市兴黄综合投资开发有限公司,7,AA
152014,PR西苑01,洛阳西苑国有资本投资有限公司,7,AA
152015,PR永安01,永安市国有资产投资经营有限责任公司,7,AA
152016,PR水城务,贵州水城水务投资有限责任公司,7,AA
152017,PR18滨江,南京滨江投资发展有限公司,7,AA+
152018,PR振东01,临沂振东建设投资有限公司,7,AA
152019,PR南溪02,宜宾市南溪区财源国有资产经营有限责任公司,7,AAA
152020,18和济01,江西和济投资有限公司,4,AA
152021,PR易盛德,扬州易盛德产业投资集团有限公司,10,AAA
152022,PR邵赛02,邵阳赛双清建设投资经营集团有限公司,7,AAA
152023,PR18宁铁,南京地铁集团有限公司,5,AAA
152024,PR铜管廊,铜仁水务集团有限公司,10,AA
152026,PR博望02,马鞍山市宁博投资发展有限责任公司,7,AA
152027,PR桐产投,桐乡市崇德投资发展集团有限公司,7,AA
152028,PR百东02,广西百色试验区发展集团有限公司,7,AA
152029,PR信丰01,信丰县城市建设投资开发有限公司,7,AAA
152030,PR振东02,临沂振东建设投资有限公司,7,AA
152031,18粤高01,广东省高速公路有限公司,15,AAA
152032,PR毕节债,毕节市天河城建开发投资有限公司,7,AA
152033,PR安发02,安宁发展投资集团有限公司,7,AA
152034,PR锡惠债,无锡惠基产业发展有限公司,7,AAA
152035,PR合力01,哈尔滨合力投资控股有限公司,7,AAA
152036,PR大冶债,湖北荆楚投资发展有限公司,7,AAA
152037,PR海发01,江苏海州湾发展集团有限公司,7,AAA
152038,PR绍柯债,绍兴柯岩建设投资有限公司,7,AA+
152039,PR禅城01,佛山市禅城区城建集团有限公司,8,AA
152040,18国盛01,上海国盛(集团)有限公司,5,AAA
152041,18蓉高投,成都高新投资集团有限公司,5,AAA
152042,18浙资01,浙江省国有资本运营有限公司,5,AAA
152043,18济西投,济南西城投资开发集团有限公司,10,AAA
152045,18嘉善债,嘉善县国有资产投资集团有限公司,7,AA+
152046,PR通化01,通化市丰源投资开发有限公司,7,AA
152047,PR先行,江苏先行建设有限公司,7,AAA
152048,PR泗阳02,泗阳县佳鼎实业有限公司,7,AAA
152049,PR利津01,利津县城市投资发展建设有限公司,7,AA+
152050,PR泰新01,泰州市新滨江开发有限责任公司,7,AAA
152051,PR18榕02,福州城市建设投资集团有限公司,10,AAA
152053,PR吴中发,江苏省吴中经济技术发展集团有限公司,7,AA+
152054,PR众鑫01,仪征市众鑫建设开发有限公司,7,AAA
152055,PR朔州02,朔州市投资建设开发有限公司,7,AA
152056,PR大荔债,大荔县城市开发投资集团有限公司,7,AAA
152057,18国新债,中国国新控股有限责任公司,5,AAA
152058,18珠管01,广东珠江投资管理集团有限公司,5,AAA
152059,PR长湖01,浙江长兴环太湖经济投资开发有限公司,7,AA
152062,PR泰华诚,泰州华诚医学投资集团有限公司,7,AA+
152063,PR南充债,南充临江东方投资集团有限公司,10,AA
152064,PR武义02,浙江武义城市建设投资集团有限公司,7,AA
152065,18湘高速,湖南省高速公路集团有限公司,7,AAA
152066,PR乌经债,乌鲁木齐经济技术开发区建设投资开发(集团)有限公司,7,AA+
152067,PR东坡02,眉山市东坡发展投资有限公司,7,AA
152068,PR昆空港,昆明空港投资开发集团有限公司,7,AA+
152069,PR桂东02,防城港市文旅集团有限公司,7,AA
152071,PR顺兴01,汝城县顺兴投资开发有限公司,7,AAA
152072,PR百东03,广西百色试验区发展集团有限公司,7,AA
152073,PR鑫鸿01,泰州东部新城发展集团有限公司,7,AAA
152074,PR景城债,景德镇市城市建设投资集团有限责任公司,7,AA
152075,G19广铁1,广州地铁集团有限公司,5,AAA
152076,PR赤城建,赤水市城市建设投资经营有限公司,7,AA+
152077,PR安方债,毕节市安方建设投资(集团)有限公司,7,AA
152078,G19水投1,广州市水务投资集团有限公司,10,AAA
152079,PR怀远债,怀远县城市投资发展有限责任公司,7,AAA
152081,PR常鼎债,常德市鼎城江南新城建设投资开发有限公司,7,AAA
152083,PR龙岭债,益阳市龙岭建设投资有限公司,7,AAA
152084,PR轩达02,湖南轩达建设投资有限公司,7,AA
152085,PR轩达01,湖南轩达建设投资有限公司,7,AA
152086,PR南康03,赣州市南康区城市建设发展集团有限公司,7,AA
152087,PR吴江城,苏州市吴江城市投资发展集团有限公司,10,AA+
152088,PR贾旅01,徐州市贾汪都市旅游投资发展有限公司,7,AAA
152089,PR潜江01,潜江市城市建设投资开发有限公司,7,AAA
152090,PR新平01,新平县城镇建设投资有限公司,7,AA+
152091,PR宜都债,宜都市国通投资开发有限责任公司,7,AA
152092,PR监利,监利市丰源城市投资开发有限责任公司,7,AAA
152093,PR栾川01,栾川县天业投资有限公司,7,AA
152094,PR上栗01,上栗县赣湘城市投资有限公司,7,AA
152095,PR麒麟债,曲靖市麒麟区城乡建设投资(集团)有限公司,7,AA
152096,PR西工02,安顺市西秀区工业投资(集团)有限公司,7,AA
152097,PR龙海01,漳州市龙海区国有资产投资经营有限公司,7,AA+
152098,PR绵经01,绵阳经开投资控股集团有限公司,7,AA
152099,PR冶高01,湖北大冶湖高新技术产业投资有限公司,7,AAA
152100,PR普陀01,舟山市普陀区国有资产投资经营有限公司,8,AA
152101,PR大洼债,大洼县城市建设投资有限公司,7,AA
152102,PR宏河债,山东宏河控股集团有限公司,7,AA+
152103,19盘双01,盘锦市双台子区经济开发投资有限公司,7,AA
152104,PR舟蓬01,舟山群岛新区蓬莱国有资产投资集团有限公司,8,AA
152105,PR金霞债,长沙金霞新城城市发展有限公司,7,AA+
152106,PR海发02,江苏海州湾发展集团有限公司,7,AA
152107,PR杨凌01,杨凌产业发展集团有限公司,7,AA
152108,PR西苑债,洛阳西苑国有资本投资有限公司,7,AA
152110,PR渝创01,重庆两江新区开发投资集团有限公司,5,AAA
152111,PR弥勒02,弥勒市农业投资开发有限责任公司,7,AAA
152112,PR白工02,贵阳白云工业发展投资有限公司,7,AA
152113,PR祥云债,连云港祥云投资有限公司,7,AA+
152114,PR19文停,威海市文登区城市资产经营有限公司,10,AA
152115,PR息烽债,息烽县城市建设投资有限公司,7,AA+
152116,PR19三峡,重庆三峡产业投资有限公司,7,AA+
152117,PR泰成兴,泰兴市成兴国有资产经营投资有限公司,7,AA+
152118,PR19东台,东台惠民城镇化建设集团有限公司,7,AAA
152119,PR浔经债,浙江湖州南浔经济建设开发有限公司,7,AA
152120,PR19简州,简阳发展(控股)有限公司,7,AAA
152121,PR瓯经投,温州瓯海科技产业发展集团有限公司,7,AA+
152122,19鄂科01,湖北省科技投资集团有限公司,15,AAA
152123,19粤路建,广东省公路建设有限公司,15,AAA
152124,PR袁州债,宜春市袁州区国有资产运营有限公司,7,AAA
152125,PR榕城03,福州城市建设投资集团有限公司,10,AAA
152126,PR钟山投,贵州钟山开发投资(集团)有限责任公司,10,AA
152127,PR桐工01,桐乡市工业发展投资集团有限公司,7,AA+
152128,PR金乡01,金乡城建投资运营集团有限公司,7,AA+
152129,19扬子01,南京扬子国资投资集团有限责任公司,5,AAA
152130,PR长顺债,贵州省长顺县国有资本营运有限责任公司,7,AA
152131,PR射阳01,射阳县城市投资发展有限责任公司,7,AAA
152132,PR普洱01,普洱市思茅国拓资产经营有限公司,7,AA
152133,19海城投,海安市城建开发投资集团有限公司,10,AAA
152134,H19华汽1,华晨汽车集团控股有限公司,5,AAA
152136,PR19梧州,梧州市城市建设投资开发有限公司,10,AAA
152138,PR梅发债,安化县梅山城投集团有限公司,7,AAA
152139,PR武管廊,南平武夷新区投资开发集团有限公司,7,AA
152140,PR普陀02,舟山市普陀区国有资产投资经营有限公司,8,AA
152141,G19云投1,云南省投资控股集团有限公司,10,AAA
152142,PR凤建02,泰州凤城河建设发展有限公司,7,AA+
152143,PR兰陵债,兰陵县国有资产运营有限公司,7,AA
152144,PR蒙自债,蒙自市城市建设投资有限责任公司,7,AA
152145,19柯桥01,绍兴市柯桥区国有资产投资经营集团有限公司,15,AA+
152146,PR翠屏债,宜宾市翠屏区国有资产经营管理有限责任公司,7,AAA
152147,PR夷陵02,湖北夷陵经济发展集团有限公司,7,AA
152148,PR楚晟债,湖南省楚之晟控股实业集团有限公司,7,AAA
152149,PR井冈债,井冈山市国有资产经营管理有限公司,7,AAA
152150,PR19安高,陕西安康高新产业发展投资(集团)有限公司,7,AAA
152151,PR山南01,淮南市山南开发建设有限责任公司,7,AA
152152,PR19淄创,淄博高新城市投资运营集团有限公司,7,AAA
152154,PR冶高02,湖北大冶湖高新技术产业投资有限公司,7,AA
152155,PR定南债,定南城建投资集团有限公司,7,AAA
152156,PR19海门,江苏海润城市发展集团有限公司,7,AAA
152157,19粤高01,广东省高速公路有限公司,15,AAA
152158,PR孟津债,洛阳盛世城市建设投资有限公司,7,AA+
152159,PR郯国资,郯城县城市国有资产运营有限公司,7,AAA
152160,PR成兴02,泰兴市成兴国有资产经营投资有限公司,7,AA+
152161,PR木渎债,苏州市木渎城乡投资开发有限公司,5,AAA
152162,PR信丰债,信丰县城市建设投资开发有限公司,7,AAA
152163,PR汉江债,汉江国有资本投资集团有限公司,7,AA+
152164,19德清01,德清县恒达建设发展有限公司,7,AAA
152165,PR渝中02,重庆渝中国有资产经营管理有限公司,7,AA+
152166,PR射阳02,射阳县城市投资发展有限责任公司,7,AA
152167,19同建债,大同市经济建设投资集团有限责任公司,7,AAA
152168,PR乐亭债,乐亭投资集团有限公司,7,AAA
152169,PR费城01,山东城资国有资产运营(集团)有限公司,7,AA
152170,PR博望01,马鞍山市宁博投资发展有限责任公司,7,AA
152171,PR君山01,岳阳市君山区城市建设投资有限公司,7,AA
152172,PR临潼债,西安市临潼区城市投资集团有限公司,7,AAA
152173,19川投01,四川省投资集团有限责任公司,10,AAA
152174,19川投02,四川省投资集团有限责任公司,5,AAA
152175,PR鱼台01,鱼台县鑫达经济开发投资有限公司,7,AAA
152176,19国盛01,上海国盛(集团)有限公司,5,AAA
152177,PR阿国投,阿勒泰地区国有资产投资经营集团有限公司,10,AA
152178,PR安吉债,安吉县产业投资发展集团有限公司,7,AA+
152179,PR锡西债,无锡市锡西新城产业发展集团有限公司,7,AAA
152180,19靖滨债,靖江市滨江新城投资开发有限公司,10,AAA
152181,19鄂科02,湖北省科技投资集团有限公司,15,AAA
152182,PR成兴03,泰兴市成兴国有资产经营投资有限公司,7,AA+
152183,PR利津02,利津县城市投资发展建设有限公司,7,AA+
152184,PR筑经01,贵阳经济开发区城市建设投资(集团)股份有限公司,7,AA
152185,PR渭投债,渭南市产业投资开发集团有限公司,7,AA
152186,PR贾旅02,徐州市贾汪都市旅游投资发展有限公司,7,AAA
152187,PR武穴债,武穴市城市建设投资开发有限公司,7,AAA
152188,PR济城01,济宁市新城发展投资有限责任公司,7,AA+
152191,PR通源01,通化市丰源投资开发有限公司,7,AA
152192,PR蓉国投,成都经开国投集团有限公司,7,AA+
152193,PR双鸭01,双鸭山市大地城市建设开发投资有限公司,7,AA
152194,PR旺通债,鞍山旺通投资开发建设有限公司,7,AA+
152195,PR红发债,涟水县交通产业发展(集团)有限公司,7,AA
152196,PR鹰炬能,鹰潭炬能投资集团有限公司,7,AA
152197,PR福州01,福州城市建设投资集团有限公司,10,AAA
152198,PR安岳01,安岳县兴安城市建设投资开发有限公司,7,AAA
152199,PR东财01,东营区财金投资发展有限责任公司,7,AAA
152200,PR东财02,东营区财金投资发展有限责任公司,7,AA+
152201,PR谷建01,谷城县建设投资经营有限公司,7,AA+
152202,PR舟山债,舟山交通投资集团有限公司,7,AA+
152203,19启迪01,启迪科技服务有限公司,10,AA+
152204,PR长湖02,浙江长兴环太湖经济投资开发有限公司,7,AA
152205,PR锡藕01,无锡市藕塘职教园区开发建设有限公司,7,AAA
152206,19广鑫01,广安鑫鸿投资控股有限公司,7,AA+
152207,PR桐工02,桐乡市工业发展投资集团有限公司,7,AA+
152208,19森特01,湖南森特实业投资有限公司,7,AA
152209,G19HGY1,河钢集团有限公司,nan,AAA
152210,19宜春债,宜春市创业投资有限公司,7,AA+
152211,19万年债,江西万年国有资源投资发展股份有限公司,7,AA+
152212,19伊川债,伊川财源实业投资有限责任公司,7,AAA
152213,19柯桥02,绍兴市柯桥区国有资产投资经营集团有限公司,15,AA+
152214,19国兴01,浙江国兴投资集团有限公司,7,AA+
152215,19金东01,连云港金东方港口投资有限公司,7,AAA
152216,G19广铁2,广州地铁集团有限公司,5,AAA
152217,G19青州,青州市宏源公有资产经营有限公司,8,AA+
152218,H19华汽2,华晨汽车集团控股有限公司,5,AAA
152219,19杨凌02,杨凌产业发展集团有限公司,7,AA
152221,G19城南1,盐城市城南新区开发建设投资有限公司,7,AAA
152222,19邯建投,邯郸市建设投资集团有限公司,7,AA+
152223,19曲经开,曲靖市经济开发投资集团有限公司,7,AA+
152226,19宜高投,宜昌高新投资开发有限公司,10,AA+
152227,19海控01,海南省发展控股有限公司,5,AAA
152228,19广控01,广东省广新控股集团有限公司,5,AAA
152229,19云建01,云南省建设投资控股集团有限公司,5,AAA
152230,PR句容债,句容市城市建设投资有限责任公司,7,AAA
152231,19中豫01,中原豫资投资控股集团有限公司,5,AAA
152232,19钟祥债,钟祥市城市建设投资公司,7,AA+
152233,19南网05,中国南方电网有限责任公司,6,AAA
152234,19北仑Q1,宁波市北仑区经济建设投资有限公司,7,AA+
152235,19龙海02,漳州市龙海区国有资产投资经营有限公司,7,AA+
152236,PR19柳东,广西柳州市东城投资开发集团有限公司,5,AA+
152237,19亳城建,亳州城建发展控股集团有限公司,7,AA+
152238,19金建01,舟山金建投资有限责任公司,7,AA+
152239,19即墨债,青岛市即墨区城市开发投资有限公司,7,AA+
152240,PR桂发01,桂阳县工业园建设开发有限公司,7,AA+
152241,19秦投01,四川秦巴新城投资集团有限公司,7,AA
152242,19颍上债,颍上县慎祥实业发展有限公司,7,AAA
152243,19兴蜀债,成都兴蜀投资开发有限责任公司,7,AAA
152244,19扬子02,南京扬子国资投资集团有限责任公司,5,AAA
152245,19怀工01,怀化高新产业投资发展集团有限公司,7,AA+
152246,19金灌01,江苏金灌投资发展集团有限公司,7,AAA
152247,19昌控01,南昌市产业投资集团有限公司,10,AA+
152248,19东财03,东营区财金投资发展有限责任公司,7,AAA
152249,19嵊城01,嵊州市城市建设投资发展集团有限公司,7,AA+
152250,19平天湖,安徽平天湖投资控股集团有限公司,7,AA
152251,19金凤凰,贵州金凤凰产业投资有限公司,7,AAA
152252,19南网06,中国南方电网有限责任公司,6,AAA
152253,19蓉兴01,成都兴城投资集团有限公司,5,AAA
152254,19中电01,中国电子信息产业集团有限公司,3,AAA
152255,19浙资01,浙江省国有资本运营有限公司,5,AAA
152256,19双鸭02,双鸭山市大地城市建设开发投资有限公司,7,AA
152257,19陕投01,陕西投资集团有限公司,5,AAA
152258,19陕投02,陕西投资集团有限公司,7,AAA
152259,G19长交1,长兴交通投资集团有限公司,7,AA+
152260,19苏交01,江苏交通控股有限公司,5,AAA
152261,19滨海债,滨海县城镇建设发展有限公司,7,AAA
152262,19国兴02,浙江国兴投资集团有限公司,7,AA+
152263,PR承绿债,承德市国控投资集团有限责任公司,7,AA
152264,19桂建01,广西建工集团有限责任公司,5,AAA
152265,G19广铁3,广州地铁集团有限公司,5,AAA
152266,19武夷债,南平武夷集团有限公司,7,AA
152267,19嘉善债,嘉善县国有资产投资集团有限公司,7,AA+
152268,PR遵交旅,遵义交旅投资(集团)有限公司,10,AA
152269,19咸宁债,咸宁市城市建设投资开发有限公司,7,AA
152270,19河投01,河南投资集团有限公司,5,AAA
152271,19齐交01,齐鲁交通发展集团有限公司,10,AAA
152272,19龙游债,龙游县国有资产经营有限公司,7,AA
152273,19临朐债,临朐沂山实业有限公司,7,AAA
152274,19沪建01,上海城投(集团)有限公司,10,AAA
152275,19沪建02,上海城投(集团)有限公司,5,AAA
152276,19瑞丽债,瑞丽仁隆投资开发有限责任公司,7,AA+
152277,19皋高债,如皋高新技术园区开发有限公司,7,AAA
152278,19皖投02,安徽省投资集团控股有限公司,10,AAA
152279,PR桃源01,桃源县城市建设投资开发有限公司,7,AA+
152280,19贵溪债,贵溪市国有控股集团有限公司,7,AA
152282,19通瑞01,重庆市通瑞农业发展有限公司,7,AAA
152283,PR19六横01,舟山市六横国有资产投资经营有限公司,7,AA+
152284,19大悟债,大悟县城市建设投资开发有限责任公司,7,AAA
152285,G19黄石,黄石市国有资产经营有限公司,7,AA+
152286,19西峡债,南阳财和投资有限公司,7,AAA
152287,19四面债,重庆市四面山旅游投资有限公司,7,AA+
152288,G19宁铁1,南京地铁集团有限公司,5,AAA
152289,G19萍昌,江西省萍乡市昌盛城市投资有限公司,7,AA+
152290,G19武铁1,武汉地铁集团有限公司,20,AAA
152291,19吴江02,苏州市吴江城市投资发展集团有限公司,10,AA+
152292,19桃源02,桃源县城市建设投资开发有限公司,7,AA+
152293,19银开债,银川高新技术产业开发有限责任公司,7,AA+
152294,19中豫02,中原豫资投资控股集团有限公司,5,AAA
152295,19长兴债,长兴城市建设投资集团有限公司,7,AA+
152296,19长子01,长子县国有资产经营有限公司,7,AAA
152297,19张建发,张家口建设发展集团有限公司,7,AAA
152298,19山高01,山东高速集团有限公司,5,AAA
152299,PR绵经02,绵阳经开投资控股集团有限公司,7,AA
152300,19扬子03,南京扬子国资投资集团有限责任公司,5,AAA
152301,19沪国际,上海国际集团有限公司,5,AAA
152302,19国资债,达州市高新科创有限公司,7,AAA
152303,19南网07,中国南方电网有限责任公司,6,AAA
152304,19易盛德,扬州易盛德产业投资集团有限公司,10,AAA
152305,19海资01,北京市海淀区国有资本运营有限公司,5,AAA
152306,19嵊城02,嵊州市城市建设投资发展集团有限公司,7,AA+
152307,19金灌02,江苏金灌投资发展集团有限公司,7,AA
152308,19扬子04,南京扬子国资投资集团有限责任公司,5,AAA
152309,19金建02,舟山金建投资有限责任公司,7,AA+
152310,19广建01,广元市园区建设投资集团有限公司,7,AA
152311,19西投01,西安投资控股有限公司,7,AA+
152312,19梁平债,重庆新梁产城置业发展有限公司,7,AAA
152313,19郑住投,郑州公共住宅建设投资有限公司,7,AA+
152315,19沛经开,沛县经济开发区发展有限公司,7,AA
152316,19兴堰01,都江堰兴堰投资有限公司,7,AAA
152317,19涪新债,重庆市涪陵区新城区开发(集团)有限公司,7,AA+
152318,PR天泰01,遂宁市天泰实业有限责任公司,5,AA+
152319,19西咸01,陕西西咸新区发展集团有限公司,5,AAA
152320,19西咸02,陕西西咸新区发展集团有限公司,7,AAA
152321,19众鑫01,仪征市众鑫建设开发有限公司,7,AAA
152322,19蓉产01,成都产业投资集团有限公司,7,AAA
152323,19蓉产02,成都产业投资集团有限公司,5,AAA
152324,19云建02,云南省建设投资控股集团有限公司,5,AAA
152325,19绵安01,绵阳安州投资控股集团有限公司,7,AAA
152326,19天水01,天水市城市建设投资(集团)有限公司,7,AA+
152327,19吉安债,吉安市城市建设投资开发有限公司,7,AA
152328,19永安01,永安市国有资产投资经营有限责任公司,7,AA
152329,19含浦01,湖南智谷投资发展集团有限公司,7,AA+
152330,19含浦02,湖南智谷投资发展集团有限公司,7,AA+
152331,19齐交02,齐鲁交通发展集团有限公司,5,AAA
152332,19乌铁01,乌鲁木齐经济技术开发区高铁枢纽综合投资(集团)有限公司,7,AA
152333,19南网08,中国南方电网有限责任公司,6,AAA
152334,19贵高科,贵州高科城市开发集团股份有限公司,7,AA
152335,19山高02,山东高速集团有限公司,10,AAA
152336,19安陆01,安陆市建设开发投资有限公司,7,AAA
152337,19禅城01,佛山市禅城区城建集团有限公司,8,AA
152338,19国兴03,浙江国兴投资集团有限公司,7,AA+
152339,19平原债,新乡平原示范区投资集团有限公司,7,AA+
152340,G19水投2,广州市水务投资集团有限公司,10,AAA
152341,19赣城投,赣州市赣县区城市建设投资集团有限公司,7,AAA
152342,19埇桥债,宿州埇桥城投集团(控股)有限公司,7,AAA
152343,19柯城债,衢州市柯城区国有资产经营有限责任公司,7,AA
152344,19崇川债,南通市崇川国有资产经营控股(集团)有限公司,7,AA+
152345,19天山债,南通天山置业有限公司,7,AAA
152346,19新天地,如东县新天地投资发展有限公司,7,AA+
152347,19天水02,天水市城市建设投资(集团)有限公司,7,AAA
152348,19渝江02,重庆两江新区开发投资集团有限公司,5,AAA
152349,19国开投,国家开发投资集团有限公司,10,AAA
152350,19潜江02,潜江市城市建设投资开发有限公司,7,AAA
152351,19台循债,台州循环经济发展有限公司,7,AA+
152352,19潍滨城,潍坊滨城投资开发有限公司,7,AA+
152353,19双鸭03,双鸭山市大地城市建设开发投资有限公司,7,AA
152354,19宁新城,宁海宁东新城开发投资有限公司,7,AA+
152355,G19广铁4,广州地铁集团有限公司,5,AAA
152356,G19望城1,长沙市望城区城市建设投资集团有限公司,7,AA+
152357,G19望城2,长沙市望城区城市建设投资集团有限公司,7,AA+
152358,PR福州02,福州城市建设投资集团有限公司,10,AAA
152359,19天轨01,天津轨道交通集团有限公司,5,AAA
152360,19樊城01,襄阳襄江国有资本投资运营集团有限公司,7,AAA
152361,19怀工02,怀化高新产业投资发展集团有限公司,7,AA+
152362,19皖投03,安徽省投资集团控股有限公司,5,AAA
152363,19广建02,广元市园区建设投资集团有限公司,7,AA
152364,19北部湾,广西北部湾国际港务集团有限公司,5,AAA
152365,PR栾川02,栾川县天业投资有限公司,7,AAA
152366,19金牛01,成都市金牛城市建设投资经营集团有限公司,7,AA+
152367,19华山债,陕西西岳华山城市建设投资开发有限公司,7,AAA
152370,19益阳01,益阳市城市建设投资运营集团有限责任公司,7,AAA
152371,19阳交债,四川阳安交通投资有限公司,7,AAA
152372,19秦投02,四川秦巴新城投资集团有限公司,7,AA
152373,PR邵开投,邵东新区开发建设投资有限责任公司,7,AAA
152374,PR惠临债,岳阳惠临投资发展有限公司,7,AAA
152375,19六横02,舟山市六横国有资产投资经营有限公司,7,AAA
152376,19杭投01,杭州市城市建设投资集团有限公司,10,AAA
152377,G19长交2,长兴交通投资集团有限公司,7,AA+
152378,19济建设,济南城市建设集团有限公司,5,AAA
152379,20龙川01,扬州龙川控股集团有限责任公司,7,AAA
152380,20启专债,启东城投集团有限公司,7,AA+
152382,20石首债,石首市博雅城市建设投资有限公司,7,AAA
152383,20吉利01,浙江吉利控股集团有限公司,5,AAA
152384,G20广铁1,广州地铁集团有限公司,5,AAA
152385,20嘉创债,嘉兴创意投资开发有限公司,7,AA+
152386,PR20福州,福州城市建设投资集团有限公司,10,AAA
152387,20镜湖债,芜湖市镜湖建设投资有限公司,7,AA+
152388,20海控01,海南省发展控股有限公司,5,AAA
152389,20豫辉债,辉县市豫辉投资有限公司,7,AAA
152390,G20遂河1,遂宁市河东开发建设投资有限公司,7,AA
152391,20德清01,德清县恒达建设发展有限公司,7,AAA
152392,20宁经开,宁乡经济技术开发区建设投资有限公司,7,AA+
152393,20乐行债,安徽乐行城市建设集团有限公司,7,AAA
152394,20郏产投,郏县发展投资集团有限公司,7,AAA
152395,20津资01,天津渤海国有资产经营管理有限公司,7,AAA
152396,G20晋开,福建省晋江市工业园区开发建设有限公司,5,AA+
152397,20同创01,滁州市同创建设投资有限责任公司,7,AA+
152398,20云建01,云南省建设投资控股集团有限公司,5,AAA
152399,20首基01,北京首钢基金有限公司,5,AAA
152400,20上投债,上饶投资控股集团有限公司,7,AAA
152401,G20广铁2,广州地铁集团有限公司,7,AAA
152402,20鄂交01,湖北交通投资集团有限公司,5,AAA
152403,20吉利02,浙江吉利控股集团有限公司,5,AAA
152404,20锡新城,无锡锡东新城建设发展有限公司,7,AA+
152405,20空港01,成都空港兴城投资集团有限公司,7,AA+
152406,20鄂科01,湖北省科技投资集团有限公司,20,AAA
152407,G20武控,武汉三镇实业控股股份有限公司,5,AA+
152408,20君山01,岳阳市君山区城市建设投资有限公司,7,AA
152409,20交投01,云南省交通投资建设集团有限公司,7,AAA
152410,20国新债,中国国新控股有限责任公司,5,AAA
152411,20雪浪债,无锡雪浪建设集团有限公司,7,AA+
152412,20鄂投01,湖北省联合发展投资集团有限公司,7,AAA
152413,20陕煤一,陕西煤业化工集团有限责任公司,15,AAA
152414,20昆高新,昆山高新集团有限公司,7,AA+
152415,20丽江债,丽江市古城区天和城市经营投资开发有限公司,7,AAA
152416,20天轨01,天津轨道交通集团有限公司,5,AAA
152417,20天轨02,天津轨道交通集团有限公司,10,AAA
152418,20泰信01,泰州华信药业投资有限公司,10,AA+
152419,G20德源1,常德市德源投资集团有限公司,7,AA+
152420,20天长债,天长市城镇发展(集团)有限公司,7,AAA
152421,20蜀州01,成都市蜀州城市建设投资有限责任公司,7,AAA
152422,20国盛01,上海国盛(集团)有限公司,5,AAA
152423,20邵东债,邵东新区开发建设投资有限责任公司,7,AA+
152424,20淮管廊,淮北市建投控股集团有限公司,7,AA+
152425,20金牛01,成都市金牛城市建设投资经营集团有限公司,7,AA+
152426,20北仑Q1,宁波市北仑区经济建设投资有限公司,7,AA+
152427,20沪建01,上海城投(集团)有限公司,7,AAA
152428,20沪建02,上海城投(集团)有限公司,10,AAA
152429,20空港债,陕西省西咸新区空港新城开发建设集团有限公司,7,AAA
152430,G20桐乡,桐乡市振东新区建设投资有限公司,7,AA+
152432,20渝隆债,重庆渝隆资产经营(集团)有限公司,7,AA+
152433,20齐交01,齐鲁交通发展集团有限公司,10,AAA
152434,20龙停债,龙口市城乡建设投资发展有限公司,7,AA+
152435,G20奉化,宁波市奉化区投资集团有限公司,7,AA+
152436,20万国债,万载县国有资产营运有限公司,7,AA+
152437,G20永兴,长兴县永兴建设开发有限公司,7,AA+
152438,20宜国01,宜宾发展控股集团有限公司,5,AAA
152439,G20武铁1,武汉地铁集团有限公司,20,AAA
152440,20仙桃债,仙桃市城市建设投资开发有限公司,7,AAA
152441,20兴发债,莆田兴发集团有限公司,7,AA
152442,20桂北01,广西北部湾投资集团有限公司,5,AAA
152443,20孝高创,孝感市高创投资有限公司,7,AA
152444,20五华债,五华县公共事业工程有限公司,7,AAA
152445,20双龙01,贵州双龙航空港开发投资(集团)有限公司,10,AA+
152446,20海投债,荆楚文化产业投资集团有限公司,7,AA
152447,20两江01,重庆两江新区开发投资集团有限公司,5,AAA
152448,20建安01,建安投资控股集团有限公司,10,AA+
152449,20昌控01,南昌市产业投资集团有限公司,10,AA+
152450,G20兴发1,宜昌兴发集团有限责任公司,10,AA+
152451,PR佛建债,佛山市建设发展集团有限公司,7,AA+
152452,20怀工01,怀化高新产业投资发展集团有限公司,7,AA+
152453,20景陶债,景德镇陶文旅控股集团有限公司,7,AA
152454,20京保01,北京保障房中心有限公司,20,AAA
152455,20兴城01,兴化市城市建设投资有限公司,7,AAA
152456,20兴城02,兴化市城市建设投资有限公司,7,AA+
152457,20虞专01,绍兴市上虞城市建设集团有限公司,7,AA+
152458,G20宁铁1,南京地铁集团有限公司,5,AAA
152459,20空港02,成都空港兴城投资集团有限公司,7,AA+
152460,20井开债,吉安市井冈山开发区金庐陵经济发展有限公司,7,AA+
152461,20厦轨01,厦门轨道建设发展集团有限公司,5,AAA
152462,20济建设,济南城市建设集团有限公司,10,AAA
152463,20天源债,盱眙县天源控股集团有限公司,7,AAA
152464,G20淮南,淮南市城市建设投资有限责任公司,7,AA
152465,20晋建01,山西建设投资集团有限公司,10,AA+
152466,20攸养老,湖南省攸州投资发展集团有限公司,7,AAA
152467,20湘速01,湖南省高速公路集团有限公司,7,AAA
152468,G20榆神1,陕西榆神能源开发建设集团有限公司,7,AA
152469,20黄桥债,苏州市三角咀生态园开发有限公司,7,AAA
152470,G20滨江,常州滨江投资发展集团有限公司,7,AAA
152471,20蓉产01,成都产业投资集团有限公司,7,AAA
152472,20桂交01,广西交通投资集团有限公司,5,AAA
152473,20西咸03,陕西西咸新区发展集团有限公司,5,AAA
152474,20西咸04,陕西西咸新区发展集团有限公司,7,AAA
152475,20云建02,云南省建设投资控股集团有限公司,5,AAA
152476,20松滋债,湖北松滋金松投资控股集团有限公司,7,AAA
152477,20龙川债,扬州龙川控股集团有限责任公司,7,AA+
152478,20渭投债,渭南市产业投资开发集团有限公司,7,AA
152479,20科学城,科学城(广州)投资集团有限公司,7,AA+
152480,20洞庭01,湖南洞庭资源控股集团有限公司,7,AA+
152481,20海资01,北京市海淀区国有资本运营有限公司,5,AAA
152482,20恩施债,恩施城市建设投资集团有限公司,7,AA+
152483,20眉岷债,眉山岷东开发投资有限公司,5,AA
152484,20叙州债,宜宾市叙州区国有资产经营有限公司,7,AAA
152485,G20公安1,公安县城建投资有限公司,7,AAA
152486,20崇左债,广西崇左市城市建设投资发展集团有限公司,7,AA
152487,20渝铝01,重庆铝产业开发投资集团有限公司,7,AA+
152488,20宜国02,宜宾发展控股集团有限公司,8,AAA
152489,G20广铁3,广州地铁集团有限公司,3,AAA
152490,20天投G1,成都天府新区投资集团有限公司,10,AAA
152491,20环天债,眉山环天实业有限公司,7,AAA
152492,20惠通01,重庆市永川区惠通建设发展有限公司,7,AA+
152493,20田东债,广西田东县龙远投资有限责任公司,7,AAA
152494,20陕煤二,陕西煤业化工集团有限责任公司,15,AAA
152495,20筑富债,江苏筑富实业投资有限公司,7,AAA
152496,G20遂东2,遂宁市河东开发建设投资有限公司,7,AA
152497,20黔西南,黔西南州城市建设投资(集团)有限公司,7,AA
152498,20陕高速,陕西省高速公路建设集团公司,10,AAA
152499,G20寿光,寿光市惠农新农村建设投资开发有限公司,7,AA+
152500,20陆嘴01,上海陆家嘴(集团)有限公司,3,AAA
152501,20兴安债,黔西南州兴安开发投资股份有限公司,7,AA+
152502,20厦轨02,厦门轨道建设发展集团有限公司,5,AAA
152503,20上党债,长治市上党区国有资本投资有限公司,7,AAA
152504,20梅溪湖,梅溪湖投资(长沙)有限公司,7,AAA
152505,20安陆01,安陆市建设开发投资有限公司,7,AAA
152506,20晋建02,山西建设投资集团有限公司,10,AAA
152507,20嘉兴01,嘉兴科技城投资发展集团有限公司,7,AA
152508,20皖投01,安徽省投资集团控股有限公司,5,AAA
152509,20桂发01,桂阳县工业园建设开发有限公司,7,AA+
152510,20东通01,柳州东通投资发展有限公司,7,AA+
152511,20丰都01,重庆丰都城乡建设集团有限公司,7,AA
152512,PR栾川01,栾川县天业投资有限公司,7,AAA
152513,20钦临01,广西钦州临海工业投资集团有限公司,7,AAA
152514,20安庆01,安庆化工建设投资有限公司,10,AAA
152515,20泰信02,泰州华信药业投资有限公司,10,AAA
152516,20泸投债,泸州市高新投资集团有限公司,7,AAA
152517,20洞庭02,湖南洞庭资源控股集团有限公司,7,AAA
152518,20禹投01,禹州市国运资本运营有限公司,7,AAA
152519,20渝百盐,重庆百盐投资(集团)有限公司,7,AAA
152520,20蜀州02,成都市蜀州城市建设投资有限责任公司,7,AAA
152521,20苏交01,江苏交通控股有限公司,5,AAA
152522,20京保02,北京保障房中心有限公司,18,AAA
152523,20豫资1,中原豫资投资控股集团有限公司,5,AAA
152525,20广金债,广安金财投融资(集团)有限责任公司,7,AAA
152526,20安溪债,安溪县小城镇建设投资有限公司,7,AAA
152527,G20水投1,广州市水务投资集团有限公司,10,AAA
152528,20海潮01,杭州望海潮建设有限公司,7,AA+
152529,20义经开,义乌经济技术开发区开发有限公司,7,AA+
152530,20天轨03,天津轨道交通集团有限公司,5,AAA
152531,20宜国03,宜宾发展控股集团有限公司,5,AAA
152532,20嘉湘01,嘉兴市湘家荡发展投资集团有限公司,7,AA
152533,20宜高投,宜昌高新投资开发有限公司,5,AA+
152534,20盛泽债,江苏盛泽投资有限公司,5,AAA
152535,G20云绿1,云南水务投资股份有限公司,10,AA+
152536,G20常鼎1,常德市鼎城江南新城建设投资开发有限公司,7,AAA
152537,20山水债,无锡山水产业投资发展集团有限公司,7,AA+
152538,20东乡债,抚州市东乡区城市投资发展有限公司,7,AAA
152539,20海安债,江苏海安商贸物流集团有限公司,7,AA+
152540,20黄冈债,黄冈市城市建设投资有限公司,7,AA+
152541,20青州债,青州市城市建设投资开发有限公司,7,AA+
152542,20闻川01,嘉兴市闻川城市投资发展集团有限公司,7,AA+
152543,G20广业1,广东省环保集团有限公司,7,AAA
152544,20沪地01,上海地产(集团)有限公司,5,AAA
152545,20邯城01,邯郸城市发展投资集团有限公司,7,AA+
152546,20禹投02,禹州市国运资本运营有限公司,7,AAA
152547,20乐清01,乐清市国有投资有限公司,7,AA+
152548,G20交通1,长兴交通投资集团有限公司,7,AA+
152549,20黄城债,黄石市城市建设投资开发有限责任公司,7,AA
152550,20荆门01,荆门高新技术产业开发有限责任公司,5,AA
152551,20当阳债,当阳市鑫源投资开发有限责任公司,7,AAA
152552,20汉江01,汉江国有资本投资集团有限公司,7,AAA
152554,20南平债,南平市土地发展集团有限公司,5,AA
152555,20财金债,山东省财金投资集团有限公司,5,AAA
152556,20开远01,开远市兴远开发投资集团有限公司,7,AA+
152557,20永兴01,永兴银都投资发展集团有限公司,7,AAA
152558,G20德源2,常德市德源投资集团有限公司,7,AA+
152559,20荆经开,荆州开发区城市建设投资开发有限公司,7,AAA
152560,20应城债,应城市蒲阳开发投资有限公司,7,AAA
152561,20江干债,杭州上城区城市建设综合开发有限公司,7,AA+
152563,20盐高01,盐城高新区投资集团有限公司,7,AA+
152564,20雨经01,长沙雨花经开开发建设有限公司,7,AAA
152565,20南川债,重庆市南川区城市建设投资(集团)有限公司,6,AA
152566,20定西债,定西国有投资(控股)集团有限公司,7,AAA
152567,20连云01,江苏方洋集团有限公司,7,AAA
152568,20丰管廊,丰城市城市建设投资有限公司,7,AAA
152569,20萍城投,萍乡市城市建设投资集团有限公司,7,AA
152570,20蒙开01,蒙自新型城镇化开发投资有限责任公司,7,AAA
152571,20禹投03,禹州市国运资本运营有限公司,7,AAA
152572,20天轨04,天津轨道交通集团有限公司,3,AAA
152573,20汇丰01,萍乡市汇丰投资有限公司,7,AAA
152574,20汇丰02,萍乡市汇丰投资有限公司,7,AAA
152575,20郑发01,郑州产业投资集团有限公司,7,AAA
152576,20温控01,温州高新技术产业开发区国有控股集团有限公司,7,AA+
152577,21虞新01,绍兴市上虞杭州湾新区城市建设投资发展有限公司,7,AA+
152578,20临海01,临海市国有资产投资控股集团有限公司,7,AA+
152579,20富开债,杭州富阳开发区建设投资集团有限公司,7,AA+
152580,20乌城01,乌鲁木齐城市建设投资(集团)有限公司,10,AAA
152581,20资中债,资中县兴资投资开发集团有限责任公司,7,AAA
152582,20渤水01,潍坊渤海水产综合开发有限公司,10,AA
152583,20温铁01,温州市铁路与轨道交通投资集团有限公司,15,AAA
152584,20云建03,云南省建设投资控股集团有限公司,5,AAA
152585,20衡高01,衡阳高新投资(集团)有限公司,7,AAA
152586,20蒙城债,蒙城县城市发展投资控股集团有限公司,7,AAA
152587,20高创03,山东高创建设投资集团有限公司,10,AAA
152588,G20资兴1,资兴市成诚投资有限公司,7,AAA
152589,20攸投01,湖南省攸州国有资产投资集团有限公司,7,AAA
152590,20京投03,北京市基础设施投资有限公司,3,AAA
152591,20富诚债,绵阳富诚投资集团有限公司,7,AAA
152592,20利民债,邹城市利民建设发展集团有限公司,7,AA+
152593,G20黔水1,黔西南州水资源开发投资(集团)有限公司,7,AA
152594,20鹤城投,黑龙江省鹤城建设投资发展集团有限公司,7,AA
152595,20玉投01,玉林市城市建设投资集团有限公司,7,AA
152596,G20冶高,湖北大冶湖高新技术产业投资有限公司,7,AAA
152597,G20宁铁2,南京地铁集团有限公司,6,AAA
152599,20晋江01,福建省晋江城市建设投资开发集团有限责任公司,7,AAA
152600,20晋江02,福建省晋江城市建设投资开发集团有限责任公司,7,AA+
152601,20临泉债,临泉县交通建设投资有限责任公司,7,AAA
152602,20濂溪债,九江市濂溪区城投(集团)有限公司,7,AA+
152603,20山高01,山东高速集团有限公司,3,AAA
152604,20川债01,四川省投资集团有限责任公司,5,AAA
152605,20雨花01,长沙市雨花城市建设投资集团有限公司,7,AA+
152606,20聊开债,聊城市兴业控股集团有限公司,7,AA
152608,20汇微01,龙岩文旅汇金发展集团有限公司,5,AA+
152609,20扶绥债,广西扶绥县城市开发投资有限公司,7,AAA
152610,20扬子债,南京扬子国资投资集团有限责任公司,10,AAA
152611,20宁国债,宁国市国有资产投资运营有限公司,7,AAA
152612,20湘速02,湖南省高速公路集团有限公司,7,AAA
152613,20宜国04,宜宾发展控股集团有限公司,5,AAA
152614,20明城02,三明市城市建设投资集团有限公司,7,AA
152615,20舟城01,舟山海城建设投资集团有限公司,7,AA+
152616,20邯城02,邯郸城市发展投资集团有限公司,7,AA+
152617,20十堰,十堰国有资本投资运营集团有限公司,5,AA
152618,20蓉高G1,成都高新投资集团有限公司,5,AAA
152619,20常鼎01,常德鼎力投资开发有限公司,7,AAA
152620,20丹高新,丹阳市开发区高新技术产业发展有限公司,5,AA+
152621,20白沙03,衡阳白沙洲开发建设投资有限公司,7,AAA
152623,20乐清02,乐清市国有投资有限公司,7,AA+
152624,20萧资01,杭州萧山国有资产经营集团有限公司,7,AAA
152625,20苏高投,江苏高科技投资集团有限公司,7,AAA
152626,G20吉安1,吉安市城市建设投资开发有限公司,7,AA+
152627,20大双债,重庆市大足区大双实业发展有限公司,7,AAA
152628,20南专01,湖州南浔交通水利投资建设集团有限公司,7,AAA
152629,20吉凤01,湘西自治州吉凤投资开发有限责任公司,7,AAA
152630,20中马债,广西中马钦州产业园区投资控股集团有限公司,7,AA
152631,PR皖江债,安庆皖江高科技投资发展有限公司,7,AAA
152632,20蓉园01,成都花园水城城乡建设投资有限责任公司,7,AAA
152633,20常城投,常德市城市建设投资集团有限公司,7,AAA
152634,20咸宁债,咸宁市城市建设投资开发有限公司,5,AA
152635,20醴陵债,醴陵市高新技术产业发展集团有限公司,7,AAA
152636,20浙投01,浙江省交通投资集团有限公司,3,AAA
152637,20钦临02,广西钦州临海工业投资集团有限公司,7,AAA
152638,20桂交02,广西交通投资集团有限公司,5,AAA
152639,20铸康债,成都铸康实业有限公司,7,AAA
152640,20雨经02,长沙雨花经开开发建设有限公司,7,AAA
152641,20安溪02,安溪县小城镇建设投资有限公司,7,AAA
152642,20国盛02,上海国盛(集团)有限公司,5,AAA
152643,20黄山债,黄山城投集团有限公司,5,AA+
152644,G20常鼎2,常德市鼎城江南新城建设投资开发有限公司,7,AA+
152645,20德兴债,德兴市投资控股集团有限公司,7,AAA
152646,20双福债,重庆市双福建设开发有限公司,7,AA+
152647,20浙资01,浙江省国有资本运营有限公司,3,AAA
152648,G20内建1,内江建工集团有限责任公司,7,AAA
152649,G20内建2,内江建工集团有限责任公司,7,AA
152650,20双龙02,贵州双龙航空港开发投资(集团)有限公司,10,AA+
152652,20盐高02,盐城高新区投资集团有限公司,7,AA+
152654,20桂农02,广西国控资本运营集团有限责任公司,7,AA+
152655,20胶州01,青岛胶州城市发展投资有限公司,7,AA+
152656,20福州02,福州城市建设投资集团有限公司,10,AAA
152658,20广元债,广元市园区建设投资集团有限公司,5,AA
152659,G20洪轨2,南昌轨道交通集团有限公司,10,AAA
152660,20娄海情,遵义市汇川区娄海情旅游发展投资有限公司,7,AA+
152661,20众邦债,黄石市众邦城市住房投资有限公司,7,AAA
152663,20宜国05,宜宾发展控股集团有限公司,8,AAA
152664,21盐资01,海盐县国有资产经营有限公司,7,AA+
152665,20宿州债,宿州市城市建设投资集团(控股)有限公司,5,AA+
152666,20莲专债,丽水市莲都区国有资产投资经营集团有限公司,7,AA+
152667,20洞头01,温州市洞头城市发展有限公司,7,AAA
152668,20桂城投,桂阳县城市建设投资有限公司,7,AAA
152670,20沪地02,上海地产(集团)有限公司,3,AAA
152671,20航高01,西安航天高技术产业发展集团有限公司,7,AAA
152672,20高创05,山东高创建设投资集团有限公司,10,AAA
152673,20乌建发,乌鲁木齐经济技术开发区建发国有资本投资运营(集团)有限公司,7,AA+
152674,20德联01,德清联创科技新城建设有限公司,7,AAA
152675,20温岭01,温岭市国有资产投资集团有限公司,7,AA+
152676,20宣州债,宣城市宣州区国有资本运营集团有限公司,7,AA+
152677,20大余债,大余县资产经营有限公司,7,AAA
152678,20宜管廊,宜春交通投资集团有限公司,7,AA+
152679,G20国通,宜都市国通投资开发有限责任公司,7,AA+
152680,20赤壁债,赤壁市蓝天城市建设投资开发有限责任公司,7,AAA
152681,20文登债,威海市文登区城市资产经营有限公司,7,AA+
152682,20瀛洲债,江苏瀛洲发展集团有限公司,7,AAA
152683,20常经02,常德市经济建设投资集团有限公司,7,AAA
152684,20蒙开02,蒙自新型城镇化开发投资有限责任公司,7,AAA
152685,G20环投,成都市金牛环境投资发展集团有限公司,7,AA+
152686,20荆城投,荆门市城市建设投资有限公司,7,AA
152687,20宜国06,宜宾发展控股集团有限公司,8,AAA
152688,20通投债,如东县通泰投资集团有限公司,7,AAA
152689,20沪国际,上海国际集团有限公司,5,AAA
152690,20天台债,浙江省天台县国有资产经营有限公司,7,AAA
152691,20杭投01,杭州市城市建设投资集团有限公司,10,AAA
152692,20嘉秀01,嘉兴市嘉秀发展投资控股集团有限公司,7,AA+
152693,21广益01,成都东方广益投资有限公司,7,AAA
152694,20渤水02,潍坊渤海水产综合开发有限公司,10,AAA
152695,20潜江债,潜江市城市建设投资开发有限公司,5,AAA
152696,21攀国投,攀枝花市国有投资(集团)有限责任公司,7,AA
152697,20浏城建,浏阳市城市建设集团有限公司,7,AA+
152699,20泗阳债,泗阳县佳鼎实业有限公司,7,AAA
152700,20曲经开,曲靖市经济开发投资集团有限公司,5,AA
152701,15汇金01,中央汇金投资有限责任公司,3,nan
152702,15汇金02,中央汇金投资有限责任公司,5,nan
152705,20龙驰01,泸州市龙驰实业集团有限责任公司,7,AAA
152706,20绵科债,绵阳科技城发展投资(集团)有限公司,5,AA
152707,20柯专01,绍兴柯岩建设投资有限公司,7,AA+
152708,20双鸭01,双鸭山市大地城市建设开发投资有限公司,7,AA
152709,20临泉02,临泉县交通建设投资有限责任公司,7,AAA
152710,20玉投02,玉林市城市建设投资集团有限公司,7,AA
152711,20柳东债,广西柳州市东城投资开发集团有限公司,5,AA+
152712,20威海01,威海城市投资集团有限公司,7,AA+
152713,20新津债,成都市新津交通建设投资有限责任公司,7,AAA
152714,20曲控一,西安曲江文化控股有限公司,5,AAA
152715,21肥西01,肥西县城乡建设投资(集团)有限公司,7,AA+
152716,20通瑞01,重庆市通瑞农业发展有限公司,7,AAA
152718,20夷陵债,湖北夷陵经济发展集团有限公司,10,AA+
152719,20淮北01,淮北市建投控股集团有限公司,4,AA+
152720,G21临川,抚州市临川区城镇建设开发投资有限公司,7,AA+
152721,21德兴债,德兴市投资控股集团有限公司,7,AAA
152722,21石控01,石家庄国控城市发展投资集团有限责任公司,7,AAA
152723,21石控02,石家庄国控城市发展投资集团有限责任公司,5,AAA
152724,21远安01,远安县栖凤城市建设投资开发有限公司,7,AAA
152725,21钱城01,杭州萧山钱江世纪城开发建设有限责任公司,7,AA+
152728,21衡高01,衡阳高新投资(集团)有限公司,7,AAA
152729,21福新01,福州新区开发投资集团有限公司,7,AAA
152730,21常鼎01,常德鼎力投资开发有限公司,7,AAA
152731,21永银01,永兴银都投资发展集团有限公司,7,AA+
152732,21永城01,永州潇湘源城市发展集团有限公司,7,AAA
152733,21当阳债,当阳市鑫源投资开发有限责任公司,5,AA+
152734,21东海投,东海县城市建设投资发展集团有限公司,7,AAA
152735,21济建设,济南城市建设集团有限公司,10,AAA
152736,21杭投01,杭州市城市建设投资集团有限公司,5,AAA
152737,21洞头01,温州市洞头城市发展有限公司,7,AAA
152738,21沪建01,上海城投(集团)有限公司,5,AAA
152739,21沪建02,上海城投(集团)有限公司,7,AAA
152740,21厦轨01,厦门轨道建设发展集团有限公司,5,AAA
152741,21科学城,科学城(广州)投资集团有限公司,7,AA+
152742,21鸠江债,芜湖市鸠江建设投资有限公司,7,AAA
152743,21渝铝01,重庆铝产业开发投资集团有限公司,7,AA+
152744,21麻城债,麻城市城市发展投资集团有限公司,7,AAA
152745,21聚鑫01,十堰聚鑫国有资本投资运营集团有限公司,7,AAA
152746,21陆嘴01,上海陆家嘴(集团)有限公司,3,AAA
152747,21兴城01,成都兴城投资集团有限公司,10,AAA
152748,21枝江债,枝江市国有资产管理有限公司,5,AA+
152749,21荔投01,莆田市荔城区国有资产投资有限公司,5,AA+
152750,21开远债,开远市兴远开发投资集团有限公司,7,AA+
152752,21新锦01,杭州市临安区新锦产业发展集团有限公司,7,AA+
152753,21赣铁01,江西省铁路航空投资集团有限公司,10,AAA
152754,21创元债,江油市创元开发建设投资公司,7,AAA
152755,21抚高新,抚州高新区发展投资集团有限公司,7,AA+
152756,21宁海01,宁海县城投集团有限公司,7,AA+
152757,21富阳01,杭州富阳城市建设投资集团有限公司,7,AA+
152758,21桂城01,桂阳县城市建设投资有限公司,7,AAA
152759,21安邦债,诸城安邦建设有限公司,7,AAA
152761,21绍专01,绍兴市交通控股集团有限公司,7,AAA
152762,21嘉兴01,嘉兴科技城投资发展集团有限公司,7,AA+
152763,21威海01,威海城市投资集团有限公司,7,AAA
152764,21昆城01,昆山城市建设投资发展集团有限公司,7,AAA
152765,21温控01,温州高新技术产业开发区国有控股集团有限公司,7,AA+
152766,21蓉产01,成都产业投资集团有限公司,5,AAA
152767,21监利债,监利市丰源城市投资开发有限责任公司,3,AAA
152768,21嘉投01,浙江嘉兴国有资本投资运营有限公司,10,AAA
152769,21邹城01,邹城市城资控股集团有限公司,7,AA+
152770,21龙微01,龙岩投资发展集团有限公司,5,AA
152771,21航高01,西安航天高技术产业发展集团有限公司,7,AAA
152772,21柳东债,广西柳州市东城投资开发集团有限公司,5,AA+
152773,21江北01,南京江北新区产业投资集团有限公司,7,AAA
152774,21武投01,武汉市城市建设投资开发集团有限公司,10,AAA
152775,21福州01,福州城市建设投资集团有限公司,10,AAA
152776,21北碚债,重庆市北碚区新城建设有限责任公司,7,AA
152778,21临海01,临海市国有资产投资控股集团有限公司,7,AA+
152779,21乌建发,乌鲁木齐经济技术开发区建发国有资本投资运营(集团)有限公司,7,AA+
152780,21瑞金债,瑞金市城市发展投资集团有限公司,7,AAA
152781,21乌镇债,乌镇实业(桐乡)有限公司,7,AA+
152782,21沪地01,上海地产(集团)有限公司,5,AAA
152783,21濉溪债,濉溪建设投资控股集团有限公司,7,AAA
152785,G21新庐1,吉安市新庐陵投资发展有限公司,7,AA+
152786,21天门债,天门市城市建设投资有限公司,7,AAA
152787,21通农债,如东金海岸投资开发集团有限公司,7,AAA
152788,21罗美债,临沂罗美城市建设有限公司,7,AAA
152789,21汉江01,汉江国有资本投资集团有限公司,5,AAA
152790,21定海01,舟山市定海区国有资产经营有限公司,7,AA+
152791,21株金01,株洲金城投资控股集团有限公司,7,AAA
152792,PR家庐陵,吉安市家庐陵投资开发有限公司,5,AA+
152793,21吉开01,吉林经济技术开发区城市建设发展有限责任公司,7,AA
152794,G21常鼎1,常德市鼎城江南新城建设投资开发有限公司,7,AA+
152795,G21景城1,景德镇市城市建设投资集团有限责任公司,7,AA
152796,21句容债,句容市城市建设投资有限责任公司,5,AAA
152797,21仪征债,仪征市建设发展有限公司,7,AAA
152798,21广饶债,广饶县经济发展投资集团有限公司,7,AAA
152799,G21环投,成都市金牛环境投资发展集团有限公司,7,AA+
152800,21嘉湘01,嘉兴市湘家荡发展投资集团有限公司,7,AA
152801,21首钢01,首钢集团有限公司,5,AAA
152802,21陆嘴02,上海陆家嘴(集团)有限公司,3,AAA
152803,21西高债,西安高新控股有限公司,7,AAA
152804,21上投01,上饶投资控股集团有限公司,5,AAA
152805,21龙港01,龙港市国有资本运营集团有限公司,7,AAA
152806,21温铁01,温州市铁路与轨道交通投资集团有限公司,15,AAA
152807,21海潮01,杭州望海潮建设有限公司,7,AA+
152808,21彭水债,彭水县城市建设投资有限责任公司,7,AAA
152809,21皖投01,安徽省投资集团控股有限公司,5,AAA
152810,21陕投01,陕西投资集团有限公司,7,AAA
152811,G21宁铁1,南京地铁集团有限公司,5,AAA
152812,G21虞资1,绍兴市上虞区国有资本投资运营有限公司,10,AA+
152813,21株循环,株洲循环经济投资发展集团有限公司,5,AA+
152814,21恩施债,恩施城市建设投资集团有限公司,5,AAA
152815,21天台债,浙江省天台县国有资产经营有限公司,7,AAA
152816,21吉利01,浙江吉利控股集团有限公司,5,AAA
152817,21川菜01,成都蜀都川菜产业投资发展有限公司,7,AAA
152818,21闽高01,福建省高速公路集团有限公司,10,AAA
152819,21双溪债,江苏双溪实业有限公司,7,AAA
152820,21钱城02,杭州萧山钱江世纪城开发建设有限责任公司,7,AA+
152821,21湖交投,湖州市交通投资集团有限公司,15,AAA
152822,21厦轨02,厦门轨道建设发展集团有限公司,10,AAA
152824,21宁城投,宁乡市城市建设投资集团有限公司,7,AA+
152825,21兴城02,成都兴城投资集团有限公司,10,AAA
152826,21浦集01,上海浦东发展(集团)有限公司,5,AAA
152827,21厦轨03,厦门轨道建设发展集团有限公司,3,AAA
152828,PR隆博债,成都隆博投资有限责任公司,7,AAA
152829,21盐资02,海盐县国有资产经营有限公司,7,AA+
152830,21榕新02,福州新区开发投资集团有限公司,7,AAA
152831,21舟山01,舟山海城建设投资集团有限公司,7,AA+
152833,21柯专01,绍兴柯岩建设投资有限公司,7,AA+
152834,21锡惠开,无锡惠开经济发展集团有限公司,7,AAA
152835,21鄂科01,湖北省科技投资集团有限公司,20,AAA
152836,21湘速01,湖南省高速公路集团有限公司,5,AAA
152837,21简发债,简阳发展(控股)有限公司,5,AAA
152838,21尖山01,海宁市尖山新区开发有限公司,7,AA+
152839,21铜建01,铜陵市建设投资控股有限责任公司,7,AA
152840,21湖城债,湖州市城市投资发展集团有限公司,7,AA+
152841,21海曙债,宁波市海曙开发建设投资集团有限公司,7,AA+
152843,21扬中债,扬中市交通投资发展有限公司,7,AAA
152844,21金湖02,金湖县国控城市建设发展集团有限公司,7,AAA
152845,21汉江02,汉江国有资本投资集团有限公司,5,AAA
152846,21国控01,江西省国有资本运营控股集团有限公司,3,AAA
152847,21宁资01,宁夏国有资本运营集团有限责任公司,3,AAA
152848,21丽旅01,丽水市文化旅游投资发展集团有限公司,7,AA
152849,21冶城01,湖北荆楚投资发展有限公司,7,AA+
152850,21龙马01,泰州市龙马建设发展有限公司,7,AAA
152851,21蓉高G1,成都高新投资集团有限公司,5,AAA
152852,21新泰01,新泰市统筹城乡发展集团有限公司,4,AA+
152853,21雨花01,长沙市雨花城市建设投资集团有限公司,7,AA+
152854,21绵兴债,绵阳新兴投资控股有限公司,7,AAA
152855,21萍城投,萍乡市城市建设投资集团有限公司,7,AA
152856,21咸高投,咸宁高新投资集团有限公司,7,AA
152857,21新城投,新昌县城市建设投资集团有限公司,7,AA+
152858,G21武铁1,武汉地铁集团有限公司,7,AAA
152859,21资城01,资兴市城市建设投资有限责任公司,7,AAA
152860,21诸城债,诸城市经开投资发展有限公司,7,AA+
152861,21晋陵01,常州市晋陵投资集团有限公司,7,AA+
152862,21世园债,西安世园投资(集团)有限公司,7,AAA
152863,21诸专01,诸暨市城乡投资集团有限公司,7,AA+
152864,21穗交02,广州交通投资集团有限公司,10,AAA
152865,21金松债,湖北松滋金松投资控股集团有限公司,5,AAA
152866,21山高01,山东高速集团有限公司,5,AAA
152867,21博融债,江苏博融农业发展有限公司,7,AAA
152868,21新专01,新余市城市建设投资开发有限公司,7,AA
152869,21金东01,金华市金东城市建设投资集团有限公司,7,AAA
152870,21金东02,金华市金东城市建设投资集团有限公司,7,AAA
152871,21广鑫债,广安鑫鸿投资控股有限公司,7,AAA
152872,21海陵G1,泰州海陵城市发展集团有限公司,7,AAA
152873,21海陵G2,泰州海陵城市发展集团有限公司,7,AAA
152874,21全椒债,全椒全瑞投资控股集团有限公司,7,AAA
152875,21合盛01,景德镇合盛产业投资发展有限公司,7,AA
152876,21世园01,西安世园投资(集团)有限公司,7,AA+
152877,G21武铁2,武汉地铁集团有限公司,10,AAA
152878,21首集01,北京首都创业集团有限公司,3,AAA
152879,21长湖债,浙江长兴环太湖经济投资开发有限公司,7,AAA
152880,21岳交01,岳阳市交通建设投资集团有限公司,7,AA
152881,21邵区01,邵东新区开发建设投资有限责任公司,7,AAA
152882,21郓城债,郓城县水浒城市建设投资有限公司,7,AAA
152883,21宜昌01,宜昌城市发展投资集团有限公司,7,AA+
152884,21高投01,新昌县高新园区投资集团有限公司,7,AA+
152885,21崇工01,广西崇左市城市工业投资发展集团有限公司,7,AA
152886,21桂北01,广西北部湾投资集团有限公司,5,AAA
152887,21西咸02,陕西西咸新区发展集团有限公司,5,AAA
152891,21成华债,成都成华城市更新集团有限责任公司,10,AA+
152892,21通瑞01,重庆市通瑞农业发展有限公司,7,AA+
152893,21开福02,长沙开福城投集团有限责任公司,7,AA+
152894,21渝长寿,重庆长寿开发投资(集团)有限公司,7,AA+
152895,21海潮02,杭州望海潮建设有限公司,7,AA+
152896,21广安01,广安经济技术开发区恒生投资开发有限公司,7,AAA
152897,21广安02,广安经济技术开发区恒生投资开发有限公司,7,AA
152898,21广宁01,广宁县汇业资产运营有限公司,7,AAA
152900,21利辛债,利辛县城乡发展建设投资集团有限公司,7,AAA
152901,21天盈01,四川天盈实业有限责任公司,7,AA
152902,21娄高01,太仓娄城高新集团有限公司,7,AA+
152903,21嘉控01,嘉兴市嘉秀发展投资控股集团有限公司,7,AA+
152904,21兴荣债,重庆市兴荣控股集团有限公司,7,AA
152905,21玉投债,玉山投资控股集团有限公司,7,AA+
152906,21郑住投,郑州公共住宅建设投资有限公司,7,AA+
152907,21温铁02,温州市铁路与轨道交通投资集团有限公司,15,AAA
152908,21高淳债,南京高淳国有资产经营控股集团有限公司,7,AAA
152909,21郑地02,郑州城市发展集团有限公司,7,AAA
152910,21郑地03,郑州城市发展集团有限公司,5,AAA
152911,21六开01,南京六合经济技术开发集团有限公司,7,AAA
152912,21温岭01,温岭市国有资产投资集团有限公司,7,AA+
152913,21永城02,永州潇湘源城市发展集团有限公司,7,AAA
152914,21虞专01,绍兴市上虞城市建设集团有限公司,7,AA+
152915,21兴蒲债,成都蒲江建设投资集团有限公司,7,AAA
152916,G21城建1,南通城市建设集团有限公司,7,AAA
152917,21昌兴债,萍乡市昌兴投资有限公司,7,AAA
152918,21阳新债,阳新县城镇建设投资开发有限公司,7,AAA
152919,G21临川2,抚州市临川区城镇建设开发投资有限公司,7,AA+
152921,21阜交债,阜宁县交通投资有限公司,7,AAA
152922,21景投01,景德镇市古镇投资管理有限公司,7,AA+
152923,21远安02,远安县栖凤城市建设投资开发有限公司,7,AAA
152924,21文登01,威海市文登区城市资产经营有限公司,7,AA+
152926,G21兴发,宜昌兴发集团有限责任公司,10,AA+
152927,21东阳01,东阳市国有资产投资有限公司,7,AA+
152928,21天投01,成都天府新区投资集团有限公司,10,AAA
152929,21临沧债,临沧市国有资本投资运营集团有限公司,7,AA
152930,21龙建01,柳州市龙建投资发展有限责任公司,5,AA+
152931,21东投债,山东东财建设投资集团有限公司,7,AA+
152932,21利民01,邹城市利民建设发展集团有限公司,7,AA+
152933,21嘉滨01,嘉兴滨海控股集团有限公司,7,AA+
152934,21京诚债,京山市京诚投资开发集团有限公司,5,AAA
152935,21寿城01,寿光市城市建设投资开发有限公司,7,AAA
152936,21万经开,重庆市万盛经济技术开发区开发投资集团有限公司,7,AA
152937,21胶城01,青岛胶州城市发展投资有限公司,7,AA+
152938,21金发债,江苏金坛国发国际投资发展有限公司,7,AA+
152939,21东津01,襄阳东津国有资本投资集团有限公司,5,AA
152940,21东津02,襄阳东津国有资本投资集团有限公司,3,AA
152941,21攸投01,湖南省攸州国有资产投资集团有限公司,7,AA+
152943,21德感01,重庆市德感工业园区建设有限公司,7,AA+
152944,21安泰债,聊城市安泰城乡投资开发有限责任公司,7,AA+
152946,G21天宁1,常州天宁建设发展集团有限公司,7,AA+
152947,21海鸿01,江苏海鸿投资控股集团有限公司,10,AAA
152948,21阳山债,无锡安阳山产业发展有限公司,7,AAA
152949,21扬庆01,扬州庆和瑞投资建设有限公司,7,AAA
152950,21旅业债,苏州太湖旅业发展有限公司,7,AAA
152951,21晋陵02,常州市晋陵投资集团有限公司,7,AA+
152952,21开州债,濮阳开州投资集团有限公司,7,AAA
152953,21信养老,上饶市信州区投资控股集团有限公司,7,AA+
152954,21靖江港,靖江港口集团有限公司,5,AAA
152955,G21长金1,浙江长兴创新投资集团有限公司,7,AA+
152956,21亦庄02,北京亦庄国际投资发展有限公司,3,AAA
152957,21亦庄03,北京亦庄国际投资发展有限公司,5,AAA
152958,21黄石01,黄石市城市发展投资集团有限公司,7,AA+
152959,21厦轨04,厦门轨道建设发展集团有限公司,5,AAA
152960,21皖交01,安徽省交通控股集团有限公司,5,AAA
152961,G21丰城1,丰城发展投资控股集团有限公司,7,AA+
152962,21平投01,平顶山发展投资控股集团有限公司,7,AAA
152963,21枫桥债,苏州高新区枫桥工业园有限公司,7,AAA
152964,21邵区02,邵东新区开发建设投资有限责任公司,7,AA+
152965,21南雄01,南雄市国有资产投资有限责任公司,7,AAA
152966,21邵区03,邵东新区开发建设投资有限责任公司,7,AA+
152967,G21抚州1,抚州市市属国有资产投资控股集团有限公司,7,AA+
152968,21惠城铁,无锡沪宁城铁惠山站区投资开发建设有限公司,7,AAA
152969,21周口01,周口市城建投资发展有限公司,5,AA+
152970,21荆门01,荆门高新技术产业开发有限责任公司,5,AA
152971,21广元G1,广元市投资发展集团有限公司,4,AAA
152972,21宁城05,宁乡市城市建设投资集团有限公司,7,AA+
152973,21水集01,水发集团有限公司,5,AAA
152974,21融投01,金华融盛投资发展集团有限公司,7,AA
152975,21杭实01,杭州市实业投资集团有限公司,7,AAA
152976,21天心01,长沙天心城市建设投资开发集团有限公司,5,AAA
152977,21乐投债,乐山国有资产投资运营(集团)有限公司,7,AA+
152979,21宁安01,南京安居建设集团有限责任公司,5,AAA
152980,21曲控一,西安曲江文化控股有限公司,5,AAA
152981,21宜宾01,宜宾发展控股集团有限公司,8,AAA
152982,21杭交投,杭州市交通投资集团有限公司,10,AAA
152983,21投控01,嵊州市投资控股有限公司,7,AA+
152984,21赣铁02,江西省铁路航空投资集团有限公司,5,AAA
152985,21京投01,北京市基础设施投资有限公司,3,AAA
152986,21邹城02,邹城市城资控股集团有限公司,7,AA+
152987,21广控01,广东省广物控股集团有限公司,3,AAA
152988,21桃源01,桃源县城市建设投资开发有限公司,7,AAA
152989,21洪湖债,洪湖市弘瑞投资开发有限公司,7,AAA
152990,21金洲债,长沙金洲新城开发建设投资有限公司,5,AAA
152991,21西秦债,陕西省西咸新区秦汉新城开发建设集团有限责任公司,7,AAA
152992,21蓉国投,成都经开国投集团有限公司,7,AA+
152993,21长发05,长沙城市发展集团有限公司,7,AAA
152994,21厦居01,厦门安居集团有限公司,9,AAA
152995,21宁专01,宁乡经济技术开发区建设投资有限公司,7,AAA
152996,21荣财鑫,荣成市财鑫投资有限公司,7,AA+
152997,21宁专02,宁乡经济技术开发区建设投资有限公司,7,AA+
152998,21玉交01,玉环市交通投资集团有限公司,7,AA+
152999,21锡新城,无锡锡东新城建设发展有限公司,7,AA+
155001,18红美01,红星美凯龙家居集团股份有限公司,3,AAA
155003,18都城01,都城伟业集团有限公司,5,AA+
155004,18平证06,平安证券股份有限公司,5,AAA
155005,18金诚01,金诚信矿业管理股份有限公司,3,AA
155006,18上药01,上海医药集团股份有限公司,3,AAA
155007,18宜华03,宜华企业(集团)有限公司,3,AA+
155009,18远海05,中国远洋海运集团有限公司,10,AAA
155010,18龙湖06,重庆龙湖企业拓展有限公司,5,AAA
155012,18广核01,中国广核集团有限公司,3,AAA
155013,18中租二,中民投租赁控股有限公司,3,AAA
155014,18铁龙01,中铁铁龙集装箱物流股份有限公司,2,AA+
155015,18电投10,国家电力投资集团有限公司,3,AAA
155016,18电投11,国家电力投资集团有限公司,5,AAA
155017,18鲁商02,山东省商业集团有限公司,3,AA+
155018,18邮政01,中国邮政集团有限公司,5,AAA
155019,18浙商01,浙江省浙商资产管理股份有限公司,5,AAA
155022,18实业08,新疆广汇实业投资(集团)有限责任公司,3,AA+
155024,18台纾01,台州市金融投资有限责任公司,5,AA+
155025,18光大01,中国光大集团股份公司,3,AAA
155026,18沪资03,上海国际集团资产管理有限公司,5,AAA
155027,18杭机01,杭州萧山国际机场有限公司,5,AAA
155028,18闽纾债,福建省投资开发集团有限责任公司,5,AAA
155029,18青城05,青岛城市建设投资(集团)有限责任公司,10,AAA
155030,18三友03,唐山三友化工股份有限公司,5,AA+
155032,18中铝03,中国铝业股份有限公司,3,AAA
155033,18中铝04,中国铝业股份有限公司,5,AAA
155035,18柳投控,广西柳州市投资控股集团有限公司,3,AA+
155036,18电投12,国家电力投资集团有限公司,3,AAA
155037,18电投13,国家电力投资集团有限公司,5,AAA
155038,18海通05,海通证券股份有限公司,3,AAA
155039,18粤桥02,广东省路桥建设发展有限公司,15,AAA
155040,18高新01,上海市北高新股份有限公司,5,AA+
155041,18远高01,宁夏远高实业集团有限公司,2,AA
155042,18锦江02,锦江国际集团有限公司,5,AAA
155043,18复星05,上海复星高科技(集团)有限公司,4,AAA
155044,18元禾02,苏州元禾控股股份有限公司,5,AAA
155045,18豫园01,上海豫园旅游商城(集团)股份有限公司,5,AAA
155047,18华泰G1,华泰证券股份有限公司,3,AAA
155048,18华泰G2,华泰证券股份有限公司,5,AAA
155049,18齐鲁02,齐鲁交通发展集团有限公司,3,AAA
155050,18中航G1,中航证券有限公司,3,AAA
155051,18迈科02,西安迈科金属国际集团有限公司,3,AA
155052,18南航01,中国南方航空股份有限公司,3,AAA
155053,G18首股,北京首创生态环保集团股份有限公司,5,AAA
155054,18国药01,国药控股股份有限公司,3,AAA
155055,18津投11,天津城市基础设施建设投资集团有限公司,4,AAA
155056,18津投12,天津城市基础设施建设投资集团有限公司,5,AAA
155057,G18龙源2,龙源电力集团股份有限公司,3,AAA
155058,18京能01,北京京能电力股份有限公司,3,AAA
155059,18镇投01,镇江国有投资控股集团有限公司,3,AA+
155060,18联想03,联想控股股份有限公司,5,AAA
155061,18富力08,广州富力地产股份有限公司,7.79,AAA
155063,18渝信03,同方国信投资控股有限公司,3,AAA
155065,18三福01,泰州三福重工集团有限公司,5,AA
155066,18中储02,中储发展股份有限公司,5,AA+
155067,18复药02,上海复星医药(集团)股份有限公司,4,AAA
155068,18复药03,上海复星医药(集团)股份有限公司,5,AAA
155069,18保文02,保利文化集团股份有限公司,3,AA+
155070,18大众01,大众交通(集团)股份有限公司,3,AA+
155071,18首置03,首创置业有限公司,3,AAA
155072,18首置04,首创置业有限公司,5,AAA
155074,18悦达01,悦达资本股份有限公司,5,AA+
155076,18宁农01,宁夏农垦集团有限公司,5,AA+
155077,18东风03,东风汽车集团股份有限公司,3,AAA
155078,18东风04,东风汽车集团股份有限公司,5,AAA
155079,18新大03,中融新大集团有限公司,3,AAA
155080,18汽车G3,广汇汽车服务有限责任公司,3,AA+
155081,18沱牌01,四川沱牌舍得集团有限公司,5,AA
155082,18时代13,广州市时代控股集团有限公司,3,AA+
155083,18时代14,广州市时代控股集团有限公司,5,AA+
155085,18紫光04,紫光集团有限公司,5,AAA
155086,18津投13,天津城市基础设施建设投资集团有限公司,4,AAA
155087,18津投14,天津城市基础设施建设投资集团有限公司,5,AAA
155088,18粤控02,广东粤海控股集团有限公司,5,AAA
155089,18中泰01,中泰证券股份有限公司,3,AAA
155090,H18福晟3,福建福晟集团有限公司,3,AA+
155091,18景国02,景德镇市国资运营投资控股集团有限责任公司,3,AA
155092,18花样年,花样年集团(中国)有限公司,3,AA+
155093,18万向01,中国万向控股有限公司,3,AA+
155095,18皖投02,安徽省投资集团控股有限公司,5,AAA
155097,18亨通01,江苏亨通光电股份有限公司,2,AA+
155098,19国管01,北京国有资本运营管理有限公司,5,AAA
155100,18海纾困,北京市海淀区国有资本运营有限公司,5,AAA
155102,18华夏06,华夏幸福基业股份有限公司,5,AAA
155103,18华夏07,华夏幸福基业股份有限公司,7,AAA
155104,H18铁牛2,铁牛集团有限公司,5,AA+
155106,18富力10,广州富力地产股份有限公司,7.71,AAA
155108,19浦土01,上海浦东土地控股(集团)有限公司,5,AAA
155111,18海亮03,海亮集团有限公司,2,AA+
155112,18金光01,金光纸业(中国)投资有限公司,3,AAA
155113,18爱建01,上海爱建集团股份有限公司,3,AA+
155115,18南山05,南山集团有限公司,3,AAA
155116,18新大陆,新大陆科技集团有限公司,3,AA
155117,18鸿坤03,北京鸿坤伟业房地产开发有限公司,4,AA
155118,18伊泰02,内蒙古伊泰煤炭股份有限公司,3,AAA
155119,19津住01,天津住宅建设发展集团有限公司,2,AA
155120,18新大04,中融新大集团有限公司,3,AAA
155121,18海怡02,广东星河湾房地产(集团)有限公司,3,AA
155123,19中粮01,中粮置业投资有限公司,6,AAA
155124,19中粮02,中粮置业投资有限公司,7,AAA
155125,19津投01,天津城市基础设施建设投资集团有限公司,4,AAA
155126,19津投02,天津城市基础设施建设投资集团有限公司,5,AAA
155127,19铁工01,中国中铁股份有限公司,3,AAA
155129,19葛洲01,中国葛洲坝集团股份有限公司,5,AAA
155130,19京投01,北京市基础设施投资有限公司,3,AAA
155131,19京投02,北京市基础设施投资有限公司,5,AAA
155132,19蓝星01,中国蓝星(集团)股份有限公司,3,AAA
155133,19金隅01,北京金隅集团股份有限公司,5,AAA
155134,19金隅02,北京金隅集团股份有限公司,7,AAA
155136,19闽电01,福建省电子信息(集团)有限责任公司,3,AAA
155138,19联想01,联想控股股份有限公司,3,AAA
155139,19联想02,联想控股股份有限公司,5,AAA
155140,19镇投01,镇江国有投资控股集团有限公司,3,AA+
155142,19世茂G1,上海世茂股份有限公司,3,AAA
155143,19栖建01,南京栖霞建设股份有限公司,5,AA+
155144,19汽车01,广汇汽车服务集团股份公司,3,AA+
155145,19阳集01,福建阳光集团有限公司,3,AA+
155146,19无锡01,无锡市新发集团有限公司,5,AA+
155147,19无锡02,无锡市新发集团有限公司,8,AA+
155148,19南山01,南山集团有限公司,3,AAA
155150,19临债01,上海临港控股股份有限公司,4,AAA
155151,19临债02,上海临港控股股份有限公司,5,AAA
155152,19红星01,红星美凯龙控股集团有限公司,3,AAA
155154,19渤海01,渤海证券股份有限公司,3,AAA
155155,19光水01,中国光大水务有限公司,5,AAA
155156,19绿城01,绿城房地产集团有限公司,5,AAA
155158,19新燃01,新奥(中国)燃气投资有限公司,3,AAA
155159,19CHNE01,国家能源投资集团有限责任公司,3,AAA
155160,19渝物01,重庆公路物流基地建设有限公司,5,AA
155161,19津投03,天津城市基础设施建设投资集团有限公司,6,AAA
155162,19津投04,天津城市基础设施建设投资集团有限公司,10,AAA
155163,19蓝光01,四川蓝光发展股份有限公司,3,AA+
155164,19建材01,中国建材股份有限公司,3,AAA
155165,19建材02,中国建材股份有限公司,5,AAA
155166,19中铝01,中国铝业股份有限公司,3,AAA
155167,19航租01,中航国际融资租赁有限公司,5,AAA
155168,19口岸01,泰州口岸船舶有限公司,3,AA
155169,19紫光01,紫光集团有限公司,5,AAA
155171,19正才01,杭州正才控股集团有限公司,3,AA+
155172,19实业01,新疆广汇实业投资(集团)有限责任公司,3,AA+
155175,19东方01,东方集团股份有限公司,3,AA+
155176,19山招01,山东招金集团有限公司,5,AAA
155177,19长电01,中国长江电力股份有限公司,3,AAA
155178,19住总01,北京住总集团有限责任公司,5,AA+
155180,G19三峡1,中国长江三峡集团有限公司,5,AAA
155181,G19三峡2,中国长江三峡集团有限公司,10,AAA
155182,19CHNE02,国家能源投资集团有限责任公司,3,AAA
155183,19翔业01,厦门翔业集团有限公司,3,AAA
155185,19南航01,中国南方航空股份有限公司,3,AAA
155186,19蓝星02,中国蓝星(集团)股份有限公司,3,AAA
155188,19金茂投,上海金茂投资管理集团有限公司,5,AAA
155189,19龙湖01,重庆龙湖企业拓展有限公司,5,AAA
155190,19龙湖02,重庆龙湖企业拓展有限公司,7,AAA
155191,19信债01,中国中信有限公司,3,AAA
155192,19信债02,中国中信有限公司,5,AAA
155193,19平证01,平安证券股份有限公司,5,AAA
155194,19泰达01,天津泰达投资控股有限公司,5,AAA
155195,19国美01,国美电器有限公司,6,AA+
155196,19津投05,天津城市基础设施建设投资集团有限公司,6,AAA
155197,19津投06,天津城市基础设施建设投资集团有限公司,10,AAA
155198,19柳投控,广西柳州市投资控股集团有限公司,3,AA+
155200,19远海02,中国远洋海运集团有限公司,10,AAA
155201,19陆债01,上海陆家嘴金融贸易区开发股份有限公司,5,AAA
155203,19渝高01,重庆高速公路集团有限公司,5,AAA
155204,19华宇01,重庆华宇集团有限公司,5,AA
155205,H19福晟1,福建福晟集团有限公司,3,AA+
155206,H19远高1,宁夏远高实业集团有限公司,5,AA
155207,19新燃02,新奥(中国)燃气投资有限公司,3,AAA
155208,19招商G1,招商证券股份有限公司,3,AAA
155209,19广能01,广汇能源股份有限公司,2,AA+
155210,19苏城01,苏州城市建设投资发展(集团)有限公司,5,AAA
155211,19建材03,中国建材股份有限公司,3,AAA
155213,19苏垦01,江苏省农垦集团有限公司,3,AAA
155214,19浙旅01,浙江省旅游投资集团有限公司,5,AA+
155215,19北汽01,北京汽车集团有限公司,5,AAA
155216,19漳九01,漳州市九龙江集团有限公司,5,AA+
155217,19洪政G1,南昌市政公用集团有限公司,5,AAA
155219,19中航G1,中航证券有限公司,3,AAA
155220,19兵装01,中国兵器装备集团有限公司,2,AAA
155221,19兵装02,中国兵器装备集团有限公司,5,AAA
155222,19兵装03,中国兵器装备集团有限公司,5,AAA
155223,19葛洲02,中国葛洲坝集团股份有限公司,5,AAA
155224,19住总03,北京住总集团有限责任公司,5,AA+
155228,19中希01,中国希格玛有限公司,3,AA
155229,19阳煤01,山西华阳集团新能股份有限公司,5,AAA
155230,19台州01,台州市国有资本运营集团有限公司,5,AA+
155231,19兴发01,湖北兴发化工集团股份有限公司,3,AA+
155232,19红星03,红星美凯龙控股集团有限公司,3,AAA
155234,19银宝G1,江苏银宝控股集团有限公司,5,AA+
155235,19特变01,新疆特变电工集团有限公司,5,AA+
155236,19杭纾01,杭州市金融投资集团有限公司,5,AAA
155239,19中林02,中国林业集团有限公司,5,AA+
155240,19华泰G1,华泰证券股份有限公司,3,AAA
155242,H19成龙1,成龙建设集团有限公司,5,AA
155244,19闽交02,福建省交通运输集团有限责任公司,3,AA+
155245,19风电01,中广核风电有限公司,3,AAA
155246,19风电02,中广核风电有限公司,10,AAA
155247,19京发G1,京投发展股份有限公司,5,AAA
155248,19华润01,华润电力投资有限公司,3,AAA
155250,19中信02,中国中信有限公司,10,AAA
155251,19湖州01,湖州市城市投资发展集团有限公司,5,AA+
155252,19中铁04,中国铁建房地产集团有限公司,5,AAA
155254,19世茂G2,上海世茂股份有限公司,3,AAA
155255,19远洋01,北京远洋控股集团有限公司,5,AAA
155256,19远洋02,北京远洋控股集团有限公司,7,AAA
155257,19北方01,中国北方工业有限公司,5,AAA
155259,19中原01,中原证券股份有限公司,3,AAA
155260,19荣和01,广西荣和有限责任公司,5,AA
155261,19东风01,东风汽车集团股份有限公司,3,AAA
155263,19国科01,中国科学院控股有限公司,5,AAA
155265,19阳集02,福建阳光集团有限公司,3,AA+
155266,19建集01,厦门建发集团有限公司,5,AAA
155268,19新城01,新城控股集团股份有限公司,4,AAA
155269,19新城02,新城控股集团股份有限公司,5,AAA
155270,G19鲁金1,山东黄金矿业股份有限公司,3,AAA
155271,19鲁创01,鲁信创业投资集团股份有限公司,10,AAA
155272,19五资01,五矿资本控股有限公司,3,AAA
155273,19华夏01,华夏幸福基业股份有限公司,5,AAA
155274,19国新01,中国国新控股有限责任公司,5,AAA
155275,19三友01,唐山三友化工股份有限公司,5,AA+
155277,19川发01,四川发展(控股)有限责任公司,5,AAA
155278,19川发02,四川发展(控股)有限责任公司,10,AAA
155279,19紫光02,紫光集团有限公司,3,AAA
155280,19云投01,云南省康旅控股集团有限公司,3,AAA
155281,19起步01,起步股份有限公司,3,AAA
155283,19常高01,常高新集团有限公司,5,AA+
155285,19唐租01,大唐融资租赁有限公司,5,AA+
155286,19爱建01,上海爱建集团股份有限公司,3,AA+
155287,19平证03,平安证券股份有限公司,5,AAA
155288,19成大01,辽宁成大股份有限公司,3,AA+
155289,19三峡01,重庆三峡融资担保集团股份有限公司,5,AAA
155290,19中保01,中国投融资担保股份有限公司,5,AAA
155291,19鑫苑01,鑫苑(中国)置业有限公司,5,AA
155292,19镇投03,镇江国有投资控股集团有限公司,3,AA+
155294,19云工02,云南省工业投资控股集团有限责任公司,3,AA+
155295,19光明01,光明食品(集团)有限公司,5,AAA
155296,19西南01,西南证券股份有限公司,3,AAA
155297,19漳九02,漳州市九龙江集团有限公司,5,AA+
155298,19建银01,中国建银投资有限责任公司,3,AAA
155301,19兰石01,兰州兰石集团有限公司,5,AAA
155302,19特电01,特变电工股份有限公司,3,AAA
155303,19京客隆,北京京客隆商业集团股份有限公司,5,AAA
155304,19禹洲01,厦门禹洲鸿图地产开发有限公司,5,AA+
155305,19禹洲02,厦门禹洲鸿图地产开发有限公司,5,AA+
155306,19伊泰01,内蒙古伊泰煤炭股份有限公司,5,AAA
155307,19建材05,中国建材股份有限公司,3,AAA
155309,19新工01,南京新工投资集团有限责任公司,7,AAA
155310,19汇鸿01,江苏汇鸿国际集团股份有限公司,5,AA+
155311,19硅谷01,天堂硅谷资产管理集团有限公司,5,AA+
155312,19节能01,国网综合能源服务集团有限公司,3,AA+
155313,19碧地01,碧桂园地产集团有限公司,5,AAA
155314,19洋河01,江苏洋河集团有限公司,5,AAA
155315,19路桥01,厦门路桥建设集团有限公司,3,AAA
155316,19海通01,海通证券股份有限公司,3,AAA
155317,19浙投01,浙商创投股份有限公司,5,AA+
155318,19铁投01,中国铁建投资集团有限公司,5,AAA
155319,19津投07,天津城市基础设施建设投资集团有限公司,6,AAA
155320,19津投08,天津城市基础设施建设投资集团有限公司,10,AAA
155321,19楚天01,湖北楚天智能交通股份有限公司,5,AA+
155322,19无锡03,无锡市新发集团有限公司,5,AA+
155324,19湘粮债,湖南粮食集团有限责任公司,5,AA
155325,19佛控01,佛山市投资控股集团有限公司,5,AAA
155326,19汇金01,龙岩文旅汇金发展集团有限公司,3,AAA
155327,19香江01,深圳香江控股股份有限公司,4,AA
155328,19首集01,北京首都创业集团有限公司,5,AAA
155329,19国信一,江苏省国信集团有限公司,3,AAA
155331,19铁工03,中国中铁股份有限公司,3,AAA
155332,19铁工04,中国中铁股份有限公司,3,AAA
155333,19西股01,西部矿业股份有限公司,5,AA+
155334,19中旅01,中国旅游集团有限公司,3,AAA
155336,19沪国01,上海国有资产经营有限公司,3,AAA
155337,19舜通01,宁波舜通集团有限公司,5,AA
155339,19中产01,中原资产管理有限公司,3,AAA
155340,19华宝01,华宝投资有限公司,3,AAA
155342,19建材07,中国建材股份有限公司,3,AAA
155344,19鲁资01,山东省国有资产投资控股有限公司,5,AAA
155346,19安租01,平安国际融资租赁有限公司,5,AAA
155347,19口岸02,泰州口岸船舶有限公司,3,AA
155348,19京能01,北京能源集团有限责任公司,3,AAA
155349,19中信03,中国中信有限公司,10,AAA
155350,19国联01,无锡市国联发展(集团)有限公司,5,AAA
155351,19兴杭01,闽西兴杭国有资产投资经营有限公司,5,AAA
155352,19华电01,中国华电集团有限公司,3,AAA
155353,19创控01,昆山创业控股集团有限公司,3,AAA
155355,19航控02,中航工业产融控股股份有限公司,3,AAA
155356,H19福晟2,福建福晟集团有限公司,3,AA+
155357,19华能01,华能国际电力股份有限公司,10,AAA
155358,19华泰G3,华泰证券股份有限公司,3,AAA
155362,19杭机01,杭州萧山国际机场有限公司,5,AAA
155363,19泸水01,泸州市兴泸水务(集团)股份有限公司,5,AA
155364,19上实01,上海实业发展股份有限公司,5,AA+
155366,19浦集01,上海浦东发展(集团)有限公司,3,AAA
155367,19中林03,中国林业集团有限公司,5,AA+
155368,19能投01,云南省能源投资集团有限公司,3,AAA
155370,19葛洲03,中国葛洲坝集团股份有限公司,5,AAA
155371,19国君G1,国泰君安证券股份有限公司,3,AAA
155373,19津投09,天津城市基础设施建设投资集团有限公司,6,AAA
155374,19津投10,天津城市基础设施建设投资集团有限公司,10,AAA
155375,19中天01,中天钢铁集团有限公司,3,AA+
155376,19雅砻01,雅砻江流域水电开发有限公司,5,AAA
155377,19朝纾01,北京朝阳国有资本运营管理有限公司,5,AAA
155378,19赣投01,江西省投资集团有限公司,3,AAA
155380,19西集01,西王集团有限公司,5,AA+
155382,19金光01,金光纸业(中国)投资有限公司,3,AAA
155383,19邮政01,中国邮政集团有限公司,5,AAA
155384,19紫竹01,上海紫竹高新区(集团)有限公司,5,AA+
155385,19电控01,北京电子控股有限责任公司,3,AAA
155386,19晋中01,晋中市公用基础设施投资控股(集团)有限公司,5,AA
155388,19深航01,深圳航空有限责任公司,3,AAA
155389,19南网01,中国南方电网有限责任公司,3,AAA
155390,19绿原01,新疆绿原国有资本投资运营有限公司,3,AA
155391,19世茂G3,上海世茂股份有限公司,7.61,AAA
155392,19新际01,新兴际华集团有限公司,3,AAA
155394,19宏泰债,湖北宏泰集团有限公司,5,AA+
155395,19陆债03,上海陆家嘴金融贸易区开发股份有限公司,5,AAA
155396,19宜华01,宜华企业(集团)有限公司,3,AA+
155397,19宜华02,宜华企业(集团)有限公司,2,AA+
155398,19国租01,国药控股(中国)融资租赁有限公司,3,AA+
155399,19鲁高01,山东高速集团有限公司,15,AAA
155400,19杭实01,杭州市实业投资集团有限公司,5,AAA
155402,19齐鲁01,齐鲁交通发展集团有限公司,5,AAA
155403,19淮矿01,淮北矿业股份有限公司,3,AA+
155404,19富力01,广州富力地产股份有限公司,4,AAA
155405,19富力02,广州富力地产股份有限公司,6.36,AAA
155406,19恒大01,恒大地产集团有限公司,4,AAA
155407,19恒大02,恒大地产集团有限公司,5,AAA
155408,19无锡05,无锡市新发集团有限公司,5,AA+
155410,19光大债,中国光大实业(集团)有限责任公司,3,AA
155411,19穗专01,广州市城市建设开发有限公司,5,AAA
155413,19宇通01,郑州宇通集团有限公司,5,AAA
155414,19粤港01,广州港股份有限公司,3,AAA
155416,19隧道01,上海隧道工程股份有限公司,3,AAA
155417,19南航02,中国南方航空股份有限公司,3,AAA
155418,19泰富01,中信泰富有限公司,3,AAA
155419,19南网02,中国南方电网有限责任公司,3,AAA
155420,19南网03,中国南方电网有限责任公司,5,AAA
155421,19津投11,天津城市基础设施建设投资集团有限公司,6,AAA
155422,19津投12,天津城市基础设施建设投资集团有限公司,10,AAA
155424,19风电03,中广核风电有限公司,5,AAA
155425,19风电04,中广核风电有限公司,10,AAA
155426,19国投01,国家开发投资集团有限公司,3,AAA
155427,19川桥01,四川路桥建设集团股份有限公司,3,AA+
155428,19金辉01,金辉集团股份有限公司,4,AA+
155429,19平证05,平安证券股份有限公司,5,AAA
155430,19润药01,华润医药控股有限公司,3,AAA
155431,19京投03,北京市基础设施投资有限公司,3,AAA
155432,19京投04,北京市基础设施投资有限公司,5,AAA
155433,19中泰01,中泰证券股份有限公司,3,AAA
155434,19苏城02,苏州城市建设投资发展(集团)有限公司,5,AAA
155435,19南网04,中国南方电网有限责任公司,5,AAA
155436,19穗建01,广州市城市建设开发有限公司,3,AAA
155437,19穗建02,广州市城市建设开发有限公司,5,AAA
155438,19远租01,海发宝诚融资租赁有限公司,3,AA+
155439,19中船01,中国船舶工业集团有限公司,4,AAA
155441,19中核01,中国核工业集团有限公司,3,AAA
155443,19中飞01,中飞租融资租赁有限公司,3,AA+
155444,19津投13,天津城市基础设施建设投资集团有限公司,4,AAA
155446,19安租04,平安国际融资租赁有限公司,5,AAA
155447,19义纾01,义乌市国有资本运营有限公司,5,AA+
155448,PR融侨01,融侨集团股份有限公司,5,AA+
155449,19航控04,中航工业产融控股股份有限公司,3,AAA
155450,19小商01,浙江中国小商品城集团股份有限公司,3,AA+
155451,19泰达02,天津泰达投资控股有限公司,5,AAA
155452,19京电01,北京京能电力股份有限公司,3,AAA
155454,19时代04,广州市时代控股集团有限公司,5,AAA
155456,19南山03,南山集团有限公司,3,AAA
155457,19国投电,国投电力控股股份有限公司,10,AAA
155458,19红美02,红星美凯龙家居集团股份有限公司,4,AAA
155459,19航控05,中航工业产融控股股份有限公司,3,AAA
155460,19津投15,天津城市基础设施建设投资集团有限公司,4,AAA
155461,19津投16,天津城市基础设施建设投资集团有限公司,5,AAA
155462,19中船03,中国船舶工业集团有限公司,4,AAA
155463,19环球01,中国环球租赁有限公司,5,AAA
155466,19兴泰01,合肥兴泰金融控股(集团)有限公司,3,AAA
155467,19昆交01,昆明交通产业股份有限公司,5,AA+
155469,19能源01,中化能源股份有限公司,3,AAA
155471,H19鲁星1,山东三星集团有限公司,5,AA
155472,19华电02,中国华电集团有限公司,3,AAA
155473,19华电03,中国华电集团有限公司,5,AAA
155475,19沪国02,上海国有资产经营有限公司,5,AAA
155476,19阳集03,福建阳光集团有限公司,3,AA+
155477,19联想03,联想控股股份有限公司,5,AAA
155478,19联通01,中国联合网络通信有限公司,3,AAA
155480,G19天成1,华能天成融资租赁有限公司,3,AAA
155481,19光大01,中国光大集团股份公司,3,AAA
155482,19光大02,中国光大集团股份公司,5,AAA
155483,19鲁高Y1,山东高速集团有限公司,nan,AAA
155484,H19蓝光2,四川蓝光发展股份有限公司,3,AA+
155485,19渝物02,重庆公路物流基地建设有限公司,5,AA
155486,19北控01,北京控股集团有限公司,3,AAA
155487,19海宁01,海宁市资产经营公司,5,AA+
155489,19芯鑫01,芯鑫融资租赁有限责任公司,2,AAA
155490,19节能02,国网综合能源服务集团有限公司,3,AA+
155491,19中产02,中原资产管理有限公司,5,AAA
155492,19永钢01,江苏永钢集团有限公司,5,AA+
155493,19花样年,花样年集团(中国)有限公司,3,AA+
155494,19伊泰02,内蒙古伊泰煤炭股份有限公司,5,AAA
155495,19东方02,东方集团股份有限公司,3,AA+
155496,19美置03,美的置业集团有限公司,4,AAA
155499,19兰石02,兰州兰石集团有限公司,5,AAA
155500,19融信01,融信(福建)投资集团有限公司,7.33,AAA
155501,19融信02,融信(福建)投资集团有限公司,7.33,AAA
155502,19鸿商01,鸿商产业控股集团有限公司,3,AA+
155503,19西集03,西王集团有限公司,5,AA+
155504,19北汽02,北京汽车集团有限公司,3,AAA
155505,19北汽03,北京汽车集团有限公司,5,AAA
155507,19文投01,北京市文化投资发展集团有限责任公司,3,AAA
155508,19津投17,天津城市基础设施建设投资集团有限公司,4,AAA
155509,19津投18,天津城市基础设施建设投资集团有限公司,5,AAA
155510,19恒健01,广东恒健投资控股有限公司,5,AAA
155511,19华润02,华润电力投资有限公司,3,AAA
155512,19铁工05,中国中铁股份有限公司,3,AAA
155513,19铁工06,中国中铁股份有限公司,5,AAA
155514,19华能02,华能国际电力股份有限公司,3,AAA
155515,19晋建发,山西园区建设发展集团有限公司,5,AA+
155516,19北新01,北新建材集团有限公司,5,AAA
155518,19建房01,建发房地产集团有限公司,7,AAA
155519,19建房02,建发房地产集团有限公司,6,AAA
155520,19龙湖03,重庆龙湖企业拓展有限公司,5,AAA
155521,19龙湖04,重庆龙湖企业拓展有限公司,7,AAA
155522,19国电01,国电电力发展股份有限公司,3,AAA
155523,19榕建01,福州建工集团有限公司,5,AA
155524,19中证G1,中信证券股份有限公司,3,AAA
155525,19中证G2,中信证券股份有限公司,5,AAA
155526,19青控02,青岛城投城金控股集团有限公司,5,AAA
155527,19京融G1,北京华融基础设施投资有限责任公司,5,AAA
155528,19京融G2,北京华融基础设施投资有限责任公司,5,AAA
155529,19中信04,中国中信有限公司,10,AAA
155530,19中信05,中国中信有限公司,15,AAA
155531,19国联02,无锡市国联发展(集团)有限公司,3,AAA
155533,19常高03,常高新集团有限公司,5,AA+
155535,19建银03,中国建银投资有限责任公司,3,AAA
155536,19建银04,中国建银投资有限责任公司,5,AAA
155537,19邮政02,中国邮政集团有限公司,3,AAA
155538,19新工02,南京新工投资集团有限责任公司,5,AAA
155539,19西南02,西南证券股份有限公司,3,AAA
155540,19津保01,天津保税区投资控股集团有限公司,3,AAA
155541,19环球02,中国环球租赁有限公司,5,AAA
155542,19京发G2,京投发展股份有限公司,5,AAA
155543,19华电04,中国华电集团有限公司,3,AAA
155546,19昆交03,昆明交通产业股份有限公司,5,AA+
155548,19电气01,上海电气控股集团有限公司,5,AAA
155549,19财金01,山东省财金投资集团有限公司,5,AAA
155551,19皖投01,安徽省投资集团控股有限公司,5,AAA
155552,19鲁能01,鲁能集团有限公司,5,AAA
155554,19金证债,深圳市金证科技股份有限公司,5,AAA
155555,19津投19,天津城市基础设施建设投资集团有限公司,4,AAA
155556,19津投20,天津城市基础设施建设投资集团有限公司,5,AAA
155557,19当代01,当代节能置业股份有限公司,3,AA
155558,19伊泰03,内蒙古伊泰煤炭股份有限公司,5,AAA
155559,19渤海02,渤海证券股份有限公司,3,AAA
155560,19宏泰02,湖北宏泰集团有限公司,5,AA+
155561,19国投02,国家开发投资集团有限公司,10,AAA
155562,19北汽05,北京汽车集团有限公司,3,AAA
155563,19北汽06,北京汽车集团有限公司,5,AAA
155565,19中交G1,中国交通建设股份有限公司,5,AAA
155566,19中交G2,中国交通建设股份有限公司,7,AAA
155567,19湘投01,湖南省能源投资集团有限公司,5,AA+
155569,19碧地02,碧桂园地产集团有限公司,4,AAA
155570,19宁安01,南京安居建设集团有限责任公司,5,AAA
155571,19中核03,中国核工业集团有限公司,5,AAA
155573,19不动04,平安不动产有限公司,7,AAA
155574,19江河01,江河创建集团股份有限公司,2,AA+
155575,19兵装05,中国兵器装备集团有限公司,3,AAA
155576,19锡公01,无锡市市政公用产业集团有限公司,5,AAA
155578,19国科03,中国科学院控股有限公司,5,AAA
155579,19国科04,中国科学院控股有限公司,8,AAA
155580,19南方01,南方工业资产管理有限责任公司,3,AA+
155583,19南山04,南山集团有限公司,3,AAA
155584,19国创01,苏州国发创业投资控股有限公司,5,AAA
155585,19建材09,中国建材股份有限公司,10,AAA
155586,19建房03,建发房地产集团有限公司,7,AAA
155587,19建房04,建发房地产集团有限公司,6,AAA
155588,19京融G3,北京华融基础设施投资有限责任公司,5,AAA
155589,19京融G4,北京华融基础设施投资有限责任公司,5,AAA
155590,19无锡07,无锡市新发集团有限公司,5,AA+
155592,H19蓝光4,四川蓝光发展股份有限公司,3,AA+
155594,19中铝G3,中国铝业股份有限公司,10,AAA
155595,19美置04,美的置业集团有限公司,5,AAA
155596,19东吴债,东吴证券股份有限公司,3,AAA
155597,19民生G1,民生证券股份有限公司,3,AA+
155598,19景国01,景德镇市国资运营投资控股集团有限责任公司,5,AA
155599,19航集01,中国南方航空集团有限公司,3,AAA
155600,19联发01,联发集团有限公司,5,AAA
155601,19联发02,联发集团有限公司,5,AAA
155602,19焦煤01,山西焦煤集团有限责任公司,3,AAA
155603,19焦煤02,山西焦煤集团有限责任公司,5,AAA
155604,G19天成2,华能天成融资租赁有限公司,3,AAA
155605,19中交G3,中国交通建设股份有限公司,5,AAA
155606,19中交G4,中国交通建设股份有限公司,10,AAA
155607,19华福G1,华福证券有限责任公司,3,AA+
155608,19宇通02,郑州宇通集团有限公司,5,AAA
155609,19津投21,天津城市基础设施建设投资集团有限公司,3,AAA
155611,19国宏01,洛阳国宏投资控股集团有限公司,5,AA
155612,19中车G1,中国中车集团有限公司,5,AAA
155613,19中车G2,中国中车集团有限公司,10,AAA
155614,19中信06,中国中信有限公司,10,AAA
155615,19中信07,中国中信有限公司,20,AAA
155616,19恒健02,广东恒健投资控股有限公司,5,AAA
155617,19西集04,西王集团有限公司,5,AA+
155618,19东航01,中国东方航空股份有限公司,5,AAA
155619,19航集02,中国南方航空集团有限公司,3,AAA
155620,19津保02,天津保税区投资控股集团有限公司,3,AAA
155621,19大唐Y5,中国大唐集团有限公司,nan,AAA
155622,19大唐Y6,中国大唐集团有限公司,nan,AAA
155623,19川发03,四川发展(控股)有限责任公司,5,AAA
155624,19川发04,四川发展(控股)有限责任公司,7,AAA
155625,19都城01,都城伟业集团有限公司,5,AA+
155626,19新际03,新兴际华集团有限公司,5,AAA
155627,19新际04,新兴际华集团有限公司,10,AAA
155629,19建材11,中国建材股份有限公司,5,AAA
155631,19不动05,平安不动产有限公司,5,AAA
155632,19不动06,平安不动产有限公司,7,AAA
155633,19豫投01,河南投资集团有限公司,5,AAA
155634,19云投G1,云南省投资控股集团有限公司,3,AAA
155635,19云投G2,云南省投资控股集团有限公司,5,AAA
155636,19椒江01,台州市椒江区国有资本运营集团有限公司,5,AA+
155637,19宁德01,宁德市国有资产投资经营有限公司,5,AA
155638,19包钢联,内蒙古包钢钢联股份有限公司,5,AAA
155639,19国管02,北京国有资本运营管理有限公司,5,AAA
155642,19浦土02,上海浦东土地控股(集团)有限公司,5,AAA
155643,19航集03,中国南方航空集团有限公司,3,AAA
155644,19陕金01,陕西金融资产管理股份有限公司,3,AAA
155646,19金茂02,上海金茂投资管理集团有限公司,5,AAA
155647,19沪开01,上海城开(集团)有限公司,3,AA+
155648,19滇城01,云南城投置业股份有限公司,3,AAA
155651,H19华集1,华晨汽车集团控股有限公司,3,AAA
155652,19鸿商02,鸿商产业控股集团有限公司,3,AA+
155653,19杭旅01,杭州市商贸旅游集团有限公司,3,AAA
155655,19天地一,天地源股份有限公司,3,AA
155656,19保利01,中国保利集团有限公司,3,AAA
155657,19保利02,中国保利集团有限公司,5,AAA
155658,19国集01,国药集团融资租赁有限公司,3,AA
155659,19华证01,华鑫证券有限责任公司,5,AA+
155660,19红狮01,红狮控股集团有限公司,5,AAA
155661,19建房05,建发房地产集团有限公司,7,AAA
155662,19建房06,建发房地产集团有限公司,6,AAA
155663,19国控01,国药控股股份有限公司,3,AAA
155664,19鲁资03,山东省国有资产投资控股有限公司,5,AAA
155665,19鲁资04,山东省国有资产投资控股有限公司,5,AAA
155666,19阳股02,山西华阳集团新能股份有限公司,5,AAA
155667,19君创01,君创国际融资租赁有限公司,3,AAA
155669,19南建01,重庆市南岸区城市建设发展(集团)有限公司,5,AA+
155670,19北汽08,北京汽车集团有限公司,3,AAA
155671,19北汽09,北京汽车集团有限公司,5,AAA
155673,19洪政G3,南昌市政公用集团有限公司,7,AAA
155674,19长电02,中国长江电力股份有限公司,5,AAA
155675,19国新02,中国国新控股有限责任公司,10,AAA
155676,19当代F1,武汉当代科技产业集团股份有限公司,5,AA+
155677,19中铝G4,中国铝业股份有限公司,3,AAA
155679,19兴发02,湖北兴发化工集团股份有限公司,3,AA+
155680,G19三峡3,中国长江三峡集团有限公司,3,AAA
155681,G19三峡4,中国长江三峡集团有限公司,10,AAA
155682,19沱牌01,四川沱牌舍得集团有限公司,5,AA
155683,19云建G1,云南省建设投资控股集团有限公司,3,AAA
155684,G19鲁高1,山东高速集团有限公司,3,AAA
155685,19新湖01,新湖中宝股份有限公司,4,AA+
155688,19奥园02,奥园集团有限公司,4,AAA
155689,19正荣02,正荣地产控股有限公司,4,AAA
155691,19朗诗01,朗诗集团股份有限公司,5,AA
155692,19航控07,中航工业产融控股股份有限公司,3,AAA
155693,19航控08,中航工业产融控股股份有限公司,5,AAA
155694,19安租07,平安国际融资租赁有限公司,5,AAA
155695,19昆租01,昆明市安居集团有限公司,7,AA+
155696,19昆租02,昆明市安居集团有限公司,7,AA+
155697,19路劲01,北京路劲隽御房地产开发有限公司,3,AA+
155699,19希望01,新希望五新实业集团有限公司,3,AAA
155701,19杭城01,杭州市城市建设投资集团有限公司,5,AAA
155702,G19科环,国电科技环保集团有限责任公司,5,AAA
155703,19昆交05,昆明交通产业股份有限公司,5,AAA
155704,19昆速01,昆明市高速公路建设开发股份有限公司,5,AA+
155706,19建材12,中国建材股份有限公司,3,AAA
155708,19建材14,中国建材股份有限公司,10,AAA
155709,19上汽01,上海汽车集团股份有限公司,3,AAA
155710,19汽车02,广汇汽车服务集团股份公司,3,AA+
155712,19钢联03,内蒙古包钢钢联股份有限公司,5,AAA
155713,19CHNE03,国家能源投资集团有限责任公司,3,AAA
155714,19建银05,中国建银投资有限责任公司,3,AAA
155715,19建银06,中国建银投资有限责任公司,5,AAA
155716,19西集05,西王集团有限公司,5,AA+
155719,19世茂01,上海世茂建设有限公司,5,AAA
155721,19通用01,中国通用技术(集团)控股有限责任公司,3,AAA
155723,19台金01,台州市金融投资集团有限公司,5,AA+
155724,19泸水02,泸州市兴泸水务(集团)股份有限公司,5,AA
155725,19上报01,上海上报资产管理有限公司,5,AA+
155726,19北方03,中国北方工业有限公司,3,AAA
155727,19牡丹01,黑牡丹(集团)股份有限公司,5,AA+
155728,19招金01,招金矿业股份有限公司,3,AAA
155729,19建工01,北京建工集团有限责任公司,5,AA+
155731,19北新能,北京新能源汽车股份有限公司,3,AA+
155732,19绵投01,绵阳市投资控股(集团)有限公司,5,AA+
155733,19淄矿01,淄博矿业集团有限责任公司,5,AAA
155734,19邮政03,中国邮政集团有限公司,3,AAA
155735,19国贸01,中国国际贸易中心股份有限公司,5,AAA
155736,19嘉宝01,光大嘉宝股份有限公司,5,AA+
155737,19爱众01,四川广安爱众股份有限公司,5,AA
155738,19朝纾02,北京朝阳国有资本运营管理有限公司,5,AAA
155739,H19远高2,宁夏远高实业集团有限公司,5,AA
155740,19财信01,湖南财信投资控股有限责任公司,5,AAA
155741,19华兴01,福建省华兴集团有限责任公司,3,AAA
155742,19赣国资,江西省国有资本运营控股集团有限公司,5,AAA
155743,19保利03,中国保利集团有限公司,3,AAA
155745,19沪众01,上海大众公用事业(集团)股份有限公司,3,AAA
155746,19云工03,云南省工业投资控股集团有限责任公司,3,AA+
155747,19HDGJ01,华电国际电力股份有限公司,3,AAA
155749,19恒力01,恒力石化股份有限公司,3,AAA
155750,19小商02,浙江中国小商品城集团股份有限公司,3,AA+
155751,19正奇01,正奇控股股份有限公司,3,AAA
155753,19南建02,重庆市南岸区城市建设发展(集团)有限公司,5,AA+
155754,19凯盛01,凯盛科技集团有限公司,3,AA+
155756,19唐新01,中国大唐集团新能源股份有限公司,3,AAA
155758,19发展01,山东发展投资控股集团有限公司,5,AAA
155760,19穗建04,广州市城市建设开发有限公司,5,AAA
155761,19青城G1,青岛城市建设投资(集团)有限责任公司,8,AAA
155762,19国发01,苏州国际发展集团有限公司,5,AAA
155764,19杉杉01,杉杉集团有限公司,5,AA+
155765,19建发01,厦门建发股份有限公司,2,AAA
155766,19南山05,南山集团有限公司,3,AAA
155767,19青租01,青岛城乡建设融资租赁有限公司,3,AA+
155768,19中财01,中国中金财富证券有限公司,5,AAA
155769,19能源03,中化能源股份有限公司,3,AAA
155771,19国君G4,国泰君安证券股份有限公司,3,AAA
155772,19CHNE04,国家能源投资集团有限责任公司,3,AAA
155773,19津投23,天津城市基础设施建设投资集团有限公司,3,AAA
155774,19津投24,天津城市基础设施建设投资集团有限公司,5,AAA
155775,19中地01,中煤地质集团有限公司,5,AAA
155776,19东风03,东风汽车集团股份有限公司,3,AAA
155778,19联想04,联想控股股份有限公司,3,AAA
155780,19陕金02,陕西金融资产管理股份有限公司,4,AAA
155781,19新燃03,新奥(中国)燃气投资有限公司,3,AAA
155782,19同方01,同方股份有限公司,3,AAA
155784,19义乌01,义乌市国有资本运营有限公司,5,AA+
155786,19成大02,辽宁成大股份有限公司,3,AA+
155787,19天集03,天士力控股集团有限公司,2,AA+
155788,19中航G2,中航证券有限公司,3,AA+
155792,19赣投03,江西省投资集团有限公司,5,AAA
155793,19新能02,北京新能源汽车股份有限公司,3,AA+
155794,19CHNE05,国家能源投资集团有限责任公司,3,AAA
155796,19港航02,江西省港航建设投资集团有限公司,5,AA+
155797,19沪城01,上海城建(集团)有限公司,5,AAA
155799,19宁投01,宁德市交通投资集团有限公司,5,AA
155800,19华证02,华鑫证券有限责任公司,5,AA+
155801,19宝钛01,宝鸡钛业股份有限公司,5,AAA
155802,19宝钛02,宝鸡钛业股份有限公司,5,AAA
155803,19华创03,华创证券有限责任公司,4,AA+
155804,19华创04,华创证券有限责任公司,5,AA+
155805,19天富债,新疆天富集团有限责任公司,5,AA+
155806,19青城G2,青岛城市建设投资(集团)有限责任公司,8,AAA
155807,19中华01,山东中华发电有限公司,3,AAA
155808,19中信08,中国中信有限公司,20,AAA
155809,19油气01,中国化工油气股份有限公司,5,AAA
155810,19贵安G1,贵州贵安发展集团有限公司,5,AA+
155811,19伟驰01,伟驰控股集团有限公司,5,AA
155812,19国集02,国药集团融资租赁有限公司,3,AA
155813,19杉杉02,杉杉集团有限公司,5,AA+
155814,19兴业G1,兴业证券股份有限公司,3,AAA
155816,19紫金01,南京紫金投资集团有限责任公司,5,AAA
155817,19川发05,四川发展(控股)有限责任公司,7,AAA
155818,19川发06,四川发展(控股)有限责任公司,10,AAA
155819,19昆速03,昆明市高速公路建设开发股份有限公司,5,AA+
155821,19新际05,新兴际华集团有限公司,5,AAA
155822,19财金02,山东省财金投资集团有限公司,5,AAA
155826,19杭交01,杭州市交通投资集团有限公司,5,AAA
155827,19国丰01,烟台国丰投资控股集团有限公司,3,AAA
155828,19国丰02,烟台国丰投资控股集团有限公司,5,AAA
155829,19雪松01,雪松实业集团有限公司,3,AA+
155830,19海通02,海通证券股份有限公司,3,AAA
155831,19世茂03,上海世茂建设有限公司,5,AAA
155832,19世茂04,上海世茂建设有限公司,7,AAA
155833,19中大01,物产中大集团股份有限公司,3,AAA
155834,19华电06,中国华电集团有限公司,2,AAA
155835,19国联03,无锡市国联发展(集团)有限公司,5,AAA
155836,19张江01,上海张江高科技园区开发股份有限公司,5,AAA
155837,19渝高股,重庆渝东高速公路有限公司,5,AAA
155838,19安信G1,安信证券股份有限公司,3,AAA
155839,19镇投05,镇江国有投资控股集团有限公司,3,AA+
155840,19京投05,北京市基础设施投资有限公司,3,AAA
155842,19国投03,国家开发投资集团有限公司,5,AAA
155843,19国投04,国家开发投资集团有限公司,10,AAA
155844,19柳投资,广西柳州市投资控股集团有限公司,5,AA+
155845,19京洁01,北京京能清洁能源电力股份有限公司,3,AAA
155846,19电建Y1,中国电力建设股份有限公司,nan,AAA
155847,19上汽02,上海汽车集团股份有限公司,3,AAA
155848,19延长Y5,陕西延长石油(集团)有限责任公司,nan,AAA
155850,19滇建Y1,云南省建设投资控股集团有限公司,nan,AAA
155852,19润药Y1,华润医药控股有限公司,nan,AAA
155853,19交建Y1,中国交通建设股份有限公司,nan,AAA
155855,19铁建Y3,中国铁建股份有限公司,nan,AAA
155856,19铁建Y4,中国铁建股份有限公司,nan,AAA
155857,19首股Y1,北京首创生态环保集团股份有限公司,nan,AAA
155859,19通用Y1,中国通用技术(集团)控股有限责任公司,nan,AAA
155862,19中化Y1,中国中化股份有限公司,nan,AAA
155864,19CHNG9Y,中国华能集团有限公司,nan,AAA
155865,19CHNG0Y,中国华能集团有限公司,nan,AAA
155866,22穗建08,广州市城市建设开发有限公司,7,AAA
155867,19中工Y1,中铝国际工程股份有限公司,nan,AAA
155868,19铁建Y1,中国铁建股份有限公司,nan,AAA
155869,19铁建Y2,中国铁建股份有限公司,nan,AAA
155870,19信保Y1,江苏省信用再担保集团有限公司,nan,AAA
155871,19延长Y3,陕西延长石油(集团)有限责任公司,nan,AAA
155872,19延长Y4,陕西延长石油(集团)有限责任公司,nan,AAA
155873,19平煤Y1,平顶山天安煤业股份有限公司,nan,AAA
155874,19华电Y3,中国华电集团有限公司,nan,AAA
155875,19华电Y4,中国华电集团有限公司,nan,AAA
155876,电投Y25,国家电力投资集团有限公司,nan,AAA
155877,电投Y26,国家电力投资集团有限公司,nan,AAA
155878,19延长Y1,陕西延长石油(集团)有限责任公司,nan,AAA
155879,19延长Y2,陕西延长石油(集团)有限责任公司,nan,AAA
155881,19大唐Y7,中国大唐集团有限公司,nan,AAA
155882,19大唐Y8,中国大唐集团有限公司,nan,AAA
155883,19住总Y1,北京住总集团有限责任公司,nan,AAA
155884,19CHNG7Y,中国华能集团有限公司,nan,AAA
155885,19CHNG8Y,中国华能集团有限公司,nan,AAA
155886,G19京Y1,北京市基础设施投资有限公司,nan,AAA
155887,G19京Y2,北京市基础设施投资有限公司,nan,AAA
155888,19建集Y1,厦门建发集团有限公司,nan,AAA
155889,19华电Y1,中国华电集团有限公司,nan,AAA
155890,19华电Y2,中国华电集团有限公司,nan,AAA
155891,电投Y23,国家电力投资集团有限公司,nan,AAA
155892,电投Y24,国家电力投资集团有限公司,nan,AAA
155893,电投Y21,国家电力投资集团有限公司,nan,AAA
155894,电投Y22,国家电力投资集团有限公司,nan,AAA
155895,电投Y19,国家电力投资集团有限公司,nan,AAA
155896,电投Y20,国家电力投资集团有限公司,nan,AAA
155897,19象屿Y2,厦门象屿集团有限公司,nan,AAA
155898,19山招Y3,山东招金集团有限公司,nan,AAA
155899,19北控Y1,北京控股集团有限公司,nan,AAA
155901,19晋建Y2,山西建设投资集团有限公司,nan,AAA
155902,电投Y17,国家电力投资集团有限公司,nan,AAA
155903,电投Y18,国家电力投资集团有限公司,nan,AAA
155904,电投Y15,国家电力投资集团有限公司,nan,AAA
155905,电投Y16,国家电力投资集团有限公司,nan,AAA
155906,19四局Y1,中交建筑集团有限公司,nan,AAA
155907,电投Y13,国家电力投资集团有限公司,nan,AAA
155908,电投Y14,国家电力投资集团有限公司,nan,AAA
155910,19路建Y1,中交路桥建设有限公司,nan,AAA
155911,19中交Y1,中交第二航务工程局有限公司,nan,AAA
155912,19国泰Y1,国泰租赁有限公司,nan,AA+
155913,19漳九Y2,漳州市九龙江集团有限公司,nan,AA+
155914,19远发Y8,中远海运发展股份有限公司,nan,AAA
155916,19风电Y1,中广核风电有限公司,nan,AAA
155917,19风电Y2,中广核风电有限公司,nan,AAA
155918,19核建Y5,中国核工业建设股份有限公司,5,AAA
155919,19核建Y3,中国核工业建设股份有限公司,nan,AAA
155920,19大唐Y3,中国大唐集团有限公司,nan,AAA
155921,19大唐Y4,中国大唐集团有限公司,nan,AAA
155922,19CHNG5Y,中国华能集团有限公司,nan,AAA
155923,19CHNG6Y,中国华能集团有限公司,nan,AAA
155924,19特变Y1,特变电工股份有限公司,nan,AAA
155925,电投Y11,国家电力投资集团有限公司,nan,AAA
155926,电投Y12,国家电力投资集团有限公司,nan,AAA
155927,19远发Y6,中远海运发展股份有限公司,3,AAA
155929,19CHNG3Y,中国华能集团有限公司,5,AAA
155930,19CHNG4Y,中国华能集团有限公司,10,AAA
155931,19葛洲Y1,中国葛洲坝集团股份有限公司,3,AAA
155933,19电投Y9,国家电力投资集团有限公司,3,AAA
155934,19电投Y0,国家电力投资集团有限公司,5,AAA
155935,19电投Y7,国家电力投资集团有限公司,nan,AAA
155936,19电投Y8,国家电力投资集团有限公司,nan,AAA
155937,19象屿Y1,厦门象屿集团有限公司,nan,AAA
155938,19电投Y5,国家电力投资集团有限公司,nan,AAA
155939,19电投Y6,国家电力投资集团有限公司,nan,AAA
155940,19山招Y1,山东招金集团有限公司,nan,AAA
155941,19远发Y3,中远海运发展股份有限公司,nan,AAA
155943,19大唐Y1,中国大唐集团有限公司,nan,AAA
155944,19大唐Y2,中国大唐集团有限公司,nan,AAA
155945,19桂建Y1,广西建工集团有限责任公司,nan,AAA
155947,19漳九Y1,漳州市九龙江集团有限公司,nan,AA+
155948,19中航Y5,中国航空技术国际控股有限公司,nan,AAA
155950,19CHNG1Y,中国华能集团有限公司,nan,AAA
155952,19远发Y1,中远海运发展股份有限公司,nan,AAA
155954,19中航Y3,中国航空技术国际控股有限公司,nan,AAA
155956,G19新Y1,新天绿色能源股份有限公司,nan,AAA
155957,19电投Y3,国家电力投资集团有限公司,nan,AAA
155958,19电投Y4,国家电力投资集团有限公司,nan,AAA
155959,19不动Y2,平安不动产有限公司,nan,AAA
155960,19中航Y1,中国航空技术国际控股有限公司,nan,AAA
155962,19建材Y1,中国建材股份有限公司,nan,AAA
155964,19安租Y1,平安国际融资租赁有限公司,nan,AAA
155966,19电投Y1,国家电力投资集团有限公司,nan,AAA
155967,19电投Y2,国家电力投资集团有限公司,nan,AAA
155969,19中公Y1,中交一公局集团有限公司,nan,AAA
155970,19核建Y1,中国核工业建设股份有限公司,3,AAA
155971,19核建Y2,中国核工业建设股份有限公司,5,AAA
155972,18远发Y1,中远海运发展股份有限公司,nan,AAA
155974,18中电Y1,中国电子信息产业集团有限公司,nan,AAA
155976,G18八Y1,中国水利水电第八工程局有限公司,nan,AA+
155977,18环球Y1,中国环球租赁有限公司,nan,AAA
155979,18化学Y1,中国化学工程集团有限公司,nan,AAA
155981,18云投Y1,云南省城市建设投资集团有限公司,nan,AAA
155982,18铁Y09,中国中铁股份有限公司,nan,AAA
155983,18铁Y10,中国中铁股份有限公司,nan,AAA
155984,18象屿Y3,厦门象屿集团有限公司,nan,AAA
155985,18津保Y3,天津保税区投资控股集团有限公司,nan,AAA
155987,18美达Y1,江苏苏美达集团有限公司,nan,AA+
155988,18铁投Y4,中国铁建投资集团有限公司,nan,AAA
155989,18阳煤Y4,山西华阳集团新能股份有限公司,nan,AAA
155990,18漳九Y1,漳州市九龙江集团有限公司,nan,AA+
155992,18中化Y7,中国中化股份有限公司,nan,AAA
155993,18中化Y8,中国中化股份有限公司,nan,AAA
155994,18鲁高Y3,山东高速集团有限公司,nan,AAA
155996,18青城Y4,青岛城市建设投资(集团)有限责任公司,nan,AAA
155997,18建集Y4,厦门建发集团有限公司,nan,AAA
155998,18联投Y3,湖北省联合发展投资集团有限公司,nan,AAA
155999,19不动Y1,平安不动产有限公司,nan,AAA
163003,19浙纾02,浙江省国有资本运营有限公司,5,AAA
163004,19厦航01,厦门航空有限公司,3,AAA
163005,19北汽11,北京汽车集团有限公司,3,AAA
163006,19北汽12,北京汽车集团有限公司,5,AAA
163008,19宝龙G1,上海宝龙实业发展(集团)有限公司,5,AA+
163010,19浦集02,上海浦东发展(集团)有限公司,5,AAA
163011,19浦集03,上海浦东发展(集团)有限公司,10,AAA
163012,19龙控04,深圳市龙光控股有限公司,6.98,AAA
163013,19平煤债,平顶山天安煤业股份有限公司,5,AAA
163014,19申资01,上海申通地铁资产经营管理有限公司,3,AA+
163015,19碧地03,碧桂园地产集团有限公司,4,AAA
163016,19贵安G2,贵州贵安发展集团有限公司,5,AA+
163017,19新湖03,新湖中宝股份有限公司,4,AA+
163019,19中金04,中国国际金融股份有限公司,6,AAA
163020,19上国投,上海上国投资产管理有限公司,5,AAA
163021,19君创03,君创国际融资租赁有限公司,3,AAA
163023,19鸿坤01,北京鸿坤伟业房地产开发有限公司,4,AA
163024,19东方债,东方证券股份有限公司,3,AAA
163025,19花样02,花样年集团(中国)有限公司,3,AA+
163026,19杭纾03,杭州市金融投资集团有限公司,5,AAA
163028,19漳九03,漳州市九龙江集团有限公司,6,AA+
163029,19济金控,济南金投控股集团有限公司,5,AA+
163030,19鲁高02,山东高速集团有限公司,5,AAA
163031,19山金01,山东省金融资产管理股份有限公司,5,AAA
163033,19兖东01,兖矿东华建设有限公司,3,AAA
163034,19津保03,天津保税区投资控股集团有限公司,3,AAA
163035,19伊利01,内蒙古伊利实业集团股份有限公司,3,AAA
163036,19实业03,新疆广汇实业投资(集团)有限责任公司,3,AA+
163037,19狮桥01,狮桥融资租赁(中国)有限公司,3,AA+
163038,19豫园01,上海豫园旅游商城(集团)股份有限公司,5,AAA
163039,19当代02,武汉当代科技产业集团股份有限公司,5,AA+
163040,19朗诗02,朗诗集团股份有限公司,5,AA
163041,19文投02,北京市文化投资发展集团有限责任公司,3,AAA
163042,19国资01,安徽省国有资本运营控股集团有限公司,5,AA+
163043,19洛钼01,洛阳栾川钼业集团股份有限公司,3,AAA
163044,G19华综1,珠海华发综合发展有限公司,5,AAA
163045,19绿城02,绿城房地产集团有限公司,5,AAA
163046,19绿城03,绿城房地产集团有限公司,7,AAA
163047,19金辉03,金辉集团股份有限公司,4,AA+
163049,19东科02,广东东阳光科技控股股份有限公司,3,AA+
163050,19豫投02,河南投资集团有限公司,10,AAA
163051,19油气02,中国化工油气股份有限公司,3,AAA
163052,19长电03,中国长江电力股份有限公司,3,AAA
163053,19中泰02,中泰证券股份有限公司,3,AAA
163054,19兴投01,河南航空港投资集团有限公司,3,AAA
163055,19绿城04,绿城房地产集团有限公司,2,AAA
163056,19华租01,华电融资租赁有限公司,3,AAA
163057,19川发07,四川发展(控股)有限责任公司,5,AAA
163058,19川发08,四川发展(控股)有限责任公司,10,AAA
163059,19常高05,常高新集团有限公司,5,AA+
163060,19常高06,常高新集团有限公司,5,AA+
163061,19温交01,温州市交通发展集团有限公司,7,AA+
163063,19青信03,青岛国信发展(集团)有限责任公司,5,AAA
163065,19津保04,天津保税区投资控股集团有限公司,3,AAA
163066,19淄矿02,淄博矿业集团有限责任公司,3,AAA
163067,19苏农01,苏州市农业发展集团有限公司,5,AA+
163068,19中航04,中国航空集团有限公司,2,AAA
163069,19中航05,中国航空集团有限公司,3,AAA
163070,G19唐环1,大唐环境产业集团股份有限公司,5,AAA
163071,19津投25,天津城市基础设施建设投资集团有限公司,5,AAA
163072,19津投26,天津城市基础设施建设投资集团有限公司,5,AAA
163073,19津投27,天津城市基础设施建设投资集团有限公司,10,AAA
163074,19同辐债,中国同辐股份有限公司,3,AA+
163075,19正奇03,正奇控股股份有限公司,3,AAA
163077,19远东三,远东国际融资租赁有限公司,5,AAA
163079,19株国06,株洲市国有资产投资控股集团有限公司,5,AA+
163081,19靖江港,靖江港口集团有限公司,5,AA
163082,19云投02,云南省康旅控股集团有限公司,3,AAA
163083,19齐鲁Y1,齐鲁交通发展集团有限公司,nan,AAA
163084,20国泰债,国泰租赁有限公司,3,AA+
163085,19诚通01,中国诚通控股集团有限公司,3,AAA
163086,19兰创01,山西兰花科技创业股份有限公司,5,AAA
163087,19当代03,武汉当代科技产业集团股份有限公司,5,AA+
163090,20建投01,中国建银投资有限责任公司,3,AAA
163091,20京汽01,北京汽车股份有限公司,3,AAA
163092,20安信G1,安信证券股份有限公司,3,AAA
163093,20成高01,四川成南高速公路有限责任公司,5,AAA
163094,20江东01,江东控股集团有限责任公司,5,AA+
163096,20长电01,中国长江电力股份有限公司,3,AAA
163097,20长电02,中国长江电力股份有限公司,5,AAA
163098,20津保01,天津保税区投资控股集团有限公司,3,AAA
163099,20张江01,上海张江高科技园区开发股份有限公司,5,AAA
163100,20龙控01,深圳市龙光控股有限公司,6.84,AAA
163101,20津投01,天津城市基础设施建设投资集团有限公司,3,AAA
163102,20津投02,天津城市基础设施建设投资集团有限公司,5,AAA
163103,20青信01,青岛国信发展(集团)有限责任公司,5,AAA
163104,20建发01,厦门建发股份有限公司,2,AAA
163105,20国君G1,国泰君安证券股份有限公司,3,AAA
163106,20潍柴01,潍柴控股集团有限公司,5,AAA
163108,20CHNE01,国家能源投资集团有限责任公司,3,AAA
163109,20奉发01,上海奉贤发展(集团)有限公司,5,AA+
163110,20东方01,浙江东方金融控股集团股份有限公司,3,AAA
163112,20金隅02,北京金隅集团股份有限公司,7,AAA
163113,20象屿01,厦门象屿股份有限公司,5,AA+
163114,20大宁01,上海大宁资产经营(集团)有限公司,7,AA+
163115,20鲁创01,鲁信创业投资集团股份有限公司,7,AAA
163116,20义乌01,义乌市国有资本运营有限公司,3,AA+
163117,20义乌02,义乌市国有资本运营有限公司,5,AA+
163118,H20华集1,华晨汽车集团控股有限公司,3,AAA
163119,20甘交G1,甘肃省公路交通建设集团有限公司,5,AAA
163120,20伟驰01,伟驰控股集团有限公司,5,AA
163121,20风电01,中广核风电有限公司,3,AAA
163123,20青城G1,青岛城市建设投资(集团)有限责任公司,8,AAA
163124,20中航01,中国航空技术国际控股有限公司,3,AAA
163125,20中航02,中国航空技术国际控股有限公司,5,AAA
163126,20中财G1,中国中金财富证券有限公司,5,AAA
163127,20红星01,红星美凯龙控股集团有限公司,3,AAA
163128,20红星02,红星美凯龙控股集团有限公司,5,AAA
163129,20贵安G1,贵州贵安发展集团有限公司,5,AA+
163130,20财富01,财信证券股份有限公司,5,AAA
163131,20国投01,浙江嘉兴国有资本投资运营有限公司,5,AAA
163132,20国投02,浙江嘉兴国有资本投资运营有限公司,5,AAA
163133,20中电01,中国电子信息产业集团有限公司,3,AAA
163134,20平证01,平安证券股份有限公司,5,AAA
163135,20顾家01,顾家集团有限公司,3,AA
163136,20云投01,云南省康旅控股集团有限公司,3,AAA
163137,20诚通01,中国诚通控股集团有限公司,3,AAA
163138,20宝龙01,上海宝龙实业发展(集团)有限公司,5,AA+
163139,20龙湖01,重庆龙湖企业拓展有限公司,5,AAA
163140,20龙湖02,重庆龙湖企业拓展有限公司,7,AAA
163141,20时代01,广州市时代控股集团有限公司,7,AAA
163142,20时代02,广州市时代控股集团有限公司,5,AAA
163144,20国新01,中国国新控股有限责任公司,5,AAA
163145,20复地01,复地(集团)股份有限公司,3,AAA
163146,20津投03,天津城市基础设施建设投资集团有限公司,6,AAA
163147,20津投04,天津城市基础设施建设投资集团有限公司,5,AAA
163148,20海通01,海通证券股份有限公司,3,AAA
163149,20兴业G1,兴业证券股份有限公司,3,AAA
163150,20东科01,广东东阳光科技控股股份有限公司,2,AA+
163152,20CHNE02,国家能源投资集团有限责任公司,3,AAA
163153,20浦建01,上海浦东建设股份有限公司,5,AA+
163154,20凯盛01,凯盛科技集团有限公司,3,AA+
163155,20凯盛02,凯盛科技集团有限公司,3,AA+
163156,20中证G1,中信证券股份有限公司,3,AAA
163157,20中证G2,中信证券股份有限公司,5,AAA
163158,20长交01,长兴交通投资集团有限公司,5,AA+
163160,20嘉投01,浙江嘉兴国有资本投资运营有限公司,5,AAA
163161,20财金01,山东省财金投资集团有限公司,7,AAA
163162,20天集01,天士力控股集团有限公司,2,AA+
163164,20航控01,中航工业产融控股股份有限公司,3,AAA
163165,20航控02,中航工业产融控股股份有限公司,5,AAA
163166,20三友01,唐山三友化工股份有限公司,3,AA+
163168,20华发02,珠海华发实业股份有限公司,5,AAA
163169,20广越01,广州越秀集团股份有限公司,5,AAA
163170,20广越02,广州越秀集团股份有限公司,7,AAA
163171,20美置01,美的置业集团有限公司,4,AAA
163172,20豫园01,上海豫园旅游商城(集团)股份有限公司,5,AAA
163175,20中信02,中国中信有限公司,10,AAA
163176,20象屿02,厦门象屿股份有限公司,5,AA+
163177,20安租Y1,平安国际融资租赁有限公司,nan,AAA
163178,20中冶01,中国冶金科工集团有限公司,3,AAA
163179,20北电01,北京电子城高科技集团股份有限公司,3,AAA
163180,20银宝G1,江苏银宝控股集团有限公司,5,AA+
163181,20东风01,东风汽车集团股份有限公司,3,AAA
163182,20国新02,中国国新控股有限责任公司,10,AAA
163183,20贵安G2,贵州贵安发展集团有限公司,5,AA+
163185,20涪交02,重庆市涪陵交通旅游建设投资集团有限公司,5,AA
163186,20国金01,国金证券股份有限公司,2,AAA
163187,20国金02,国金证券股份有限公司,3,AAA
163188,20奥园01,奥园集团有限公司,5,AAA
163189,20兰石01,兰州兰石集团有限公司,5,AAA
163190,20绵投01,绵阳市投资控股(集团)有限公司,5,AA+
163191,20新投01,新疆投资发展(集团)有限责任公司,5,AA+
163192,20能源01,中化能源股份有限公司,3,AAA
163193,20能源02,中化能源股份有限公司,5,AAA
163195,20渝枢02,重庆国际物流枢纽园区建设有限责任公司,5,AA+
163197,20龙湖04,重庆龙湖企业拓展有限公司,7,AAA
163198,20兰创01,山西兰花科技创业股份有限公司,5,AAA
163199,20青城G2,青岛城市建设投资(集团)有限责任公司,8,AAA
163200,G20天成2,华能天成融资租赁有限公司,3,AAA
163202,20联储G1,联储证券有限责任公司,3,AA
163203,20津投05,天津城市基础设施建设投资集团有限公司,5,AAA
163204,20津投06,天津城市基础设施建设投资集团有限公司,10,AAA
163205,20成高02,四川成南高速公路有限责任公司,5,AAA
163206,20金控01,江苏金坛投资控股有限公司,5,AAA
163207,20航集01,中国南方航空集团有限公司,3,AAA
163208,20武金01,武汉金融控股(集团)有限公司,10,AAA
163209,20国机01,中国机械工业集团有限公司,5,AAA
163210,20皖控01,安徽省国有资本运营控股集团有限公司,5,AA+
163211,20海国01,北京市海淀区国有资本运营有限公司,3,AAA
163212,20焦煤01,山西焦煤集团有限责任公司,3,AAA
163213,20焦煤02,山西焦煤集团有限责任公司,5,AAA
163214,20甬港01,宁波舟山港集团有限公司,3,AAA
163215,20甬港02,宁波舟山港集团有限公司,10,AAA
163216,20世茂G1,上海世茂股份有限公司,6.82,AAA
163217,20津保02,天津保税区投资控股集团有限公司,3,AAA
163219,20中铝01,中国铝业股份有限公司,5,AAA
163220,20诚通02,中国诚通控股集团有限公司,3,AAA
163221,20诚通03,中国诚通控股集团有限公司,5,AAA
163222,20信投G1,中信建投证券股份有限公司,3,AAA
163223,20信投G2,中信建投证券股份有限公司,5,AAA
163224,20柳投资,广西柳州市投资控股集团有限公司,5,AA+
163225,20宝钢01,宝山钢铁股份有限公司,3,AAA
163226,20浦集01,上海浦东发展(集团)有限公司,5,AAA
163228,20渝水01,重庆水务集团股份有限公司,5,AAA
163229,20亦纾01,北京亦庄国际投资发展有限公司,3,AAA
163230,20北方01,中国北方稀土(集团)高科技股份有限公司,3,AAA
163231,20首创01,北京首创生态环保集团股份有限公司,5,AAA
163232,20民生G1,民生证券股份有限公司,3,AA+
163233,20建租01,中建投租赁股份有限公司,3,AA+
163234,20兖煤01,兖矿能源集团股份有限公司,3,AAA
163235,20兖煤02,兖矿能源集团股份有限公司,5,AAA
163236,20兖煤03,兖矿能源集团股份有限公司,10,AAA
163237,20浙交01,浙江省交通投资集团有限公司,5,AAA
163238,20浙交02,浙江省交通投资集团有限公司,10,AAA
163239,20新控01,新城控股集团股份有限公司,3,AAA
163241,20宁证01,南京证券股份有限公司,2,AAA
163242,20绿城01,绿城房地产集团有限公司,5,AAA
163244,20中证G3,中信证券股份有限公司,3,AAA
163245,20中证G4,中信证券股份有限公司,5,AAA
163246,20上国投,上海上国投资产管理有限公司,5,AAA
163247,20国投G1,国家开发投资集团有限公司,3,AAA
163248,20国投G2,国家开发投资集团有限公司,10,AAA
163249,20同方01,同方股份有限公司,3,AAA
163251,20象屿G1,厦门象屿集团有限公司,5,AAA
163252,20象屿G2,厦门象屿集团有限公司,7,AAA
163253,20电信01,中国电信股份有限公司,3,AAA
163254,20同安01,同安控股有限责任公司,5,AA+
163255,20建材01,中国建材股份有限公司,5,AAA
163256,20临矿01,临沂矿业集团有限责任公司,5,AAA
163257,20铁投G1,中国铁建投资集团有限公司,5,AAA
163258,20铁投G2,中国铁建投资集团有限公司,7,AAA
163259,20红美01,红星美凯龙家居集团股份有限公司,3,AAA
163260,20海国02,北京市海淀区国有资本运营有限公司,5,AAA
163261,20汽车G1,广汇汽车服务有限责任公司,3,AA+
163262,20武金02,武汉金融控股(集团)有限公司,10,AAA
163263,20北港01,广西北部湾国际港务集团有限公司,5,AAA
163264,20北控01,北京控股集团有限公司,3,AAA
163265,20南海01,广东南海控股集团有限公司,5,AAA
163266,20湖州01,湖州市城市投资发展集团有限公司,5,AA+
163267,20建工01,北京建工集团有限责任公司,5,AAA
163268,20建工02,北京建工集团有限责任公司,5,AAA
163269,20人福01,人福医药集团股份公司,3,AA+
163270,20新投02,新疆投资发展(集团)有限责任公司,5,AA+
163271,20风电03,中广核风电有限公司,3,AAA
163272,20风电04,中广核风电有限公司,5,AAA
163273,20厦航01,厦门航空有限公司,3,AAA
163275,H20蓝光2,四川蓝光发展股份有限公司,3,AA+
163276,20中船01,中国船舶工业集团有限公司,3,AAA
163278,20新汶01,新汶矿业集团有限责任公司,5,AAA
163279,20电控01,北京电子控股有限责任公司,3,AAA
163280,20铁投G3,中国铁建投资集团有限公司,5,AAA
163281,20CHNE03,国家能源投资集团有限责任公司,3,AAA
163282,20宜春01,宜春交通投资集团有限公司,5,AA
163283,20狮桥01,狮桥融资租赁(中国)有限公司,2,AA+
163284,20联想01,联想控股股份有限公司,3,AAA
163286,20兴信01,兴业国信资产管理有限公司,5,AAA
163287,20控租01,国药控股(中国)融资租赁有限公司,3,AAA
163289,20川发02,四川发展(控股)有限责任公司,10,AAA
163290,20海通02,海通证券股份有限公司,3,AAA
163292,S20凉山1,凉山州发展(控股)集团有限责任公司,5,AA+
163293,20川金01,四川金融控股集团有限公司,3,AAA
163294,20华远01,华远地产股份有限公司,3,AA
163295,20诚通04,中国诚通控股集团有限公司,3,AAA
163297,20冀资01,河北省资产管理有限公司,3,AA+
163298,20陕建01,陕西建工集团股份有限公司,5,AAA
163299,20杭城01,杭州市城市建设投资集团有限公司,5,AAA
163300,20深高01,深圳高速公路集团股份有限公司,5,AAA
163301,20保利01,保利发展控股集团股份有限公司,5,AAA
163303,20楚天01,湖北楚天智能交通股份有限公司,5,AA+
163304,20穗建01,广州市城市建设开发有限公司,5,AAA
163306,20港发债,湖北港口集团有限公司,3,AA+
163307,20南钢01,南京南钢钢铁联合有限公司,3,AA+
163308,20镇投G1,镇江国有投资控股集团有限公司,3,AA+
163309,20中林01,中国林产品集团有限公司,3,AA+
163310,20美置02,美的置业集团有限公司,5,AAA
163311,20财信02,财信证券股份有限公司,3,AAA
163312,20中铝02,中国铝业股份有限公司,3,AAA
163313,20新际Y2,新兴际华集团有限公司,nan,AAA
163314,20远租01,海发宝诚融资租赁有限公司,3,AA+
163315,20时代04,广州市时代控股集团有限公司,7,AAA
163316,20时代05,广州市时代控股集团有限公司,5,AAA
163317,20首集01,北京首都创业集团有限公司,5,AAA
163318,20香建01,中山城市建设集团有限公司,5,AA
163319,20中煤01,中国中煤能源股份有限公司,5,AAA
163320,20能源03,中化能源股份有限公司,3,AAA
163321,20能源04,中化能源股份有限公司,5,AAA
163322,20温交01,温州市交通发展集团有限公司,7,AA+
163323,20中信03,中国中信有限公司,10,AAA
163324,20中信04,中国中信有限公司,20,AAA
163325,20国君G2,国泰君安证券股份有限公司,3,AAA
163327,20国电01,国电电力发展股份有限公司,3,AAA
163328,20四局Y1,中交建筑集团有限公司,nan,AAA
163330,20桂农01,广西农垦集团有限责任公司,3,AA+
163331,20鲁高01,山东高速集团有限公司,3,AAA
163332,20港航01,江西省港航建设投资集团有限公司,5,AA+
163333,20实业01,新疆广汇实业投资(集团)有限责任公司,3,AA+
163334,20华证01,华宝证券股份有限公司,3,AAA
163335,20中车01,中国中车股份有限公司,3,AAA
163336,20兵器01,中国兵器工业集团有限公司,3,AAA
163337,20邮政01,中国邮政集团有限公司,3,AAA
163338,20赣版01,江西省出版传媒集团有限公司,7,AAA
163339,20中证G5,中信证券股份有限公司,1.02,AAA
163340,20中证G6,中信证券股份有限公司,3,AAA
163341,20中证G7,中信证券股份有限公司,5,AAA
163342,20盐投01,盐城东方投资开发集团有限公司,5,AA+
163343,20宜春02,宜春交通投资集团有限公司,5,AA
163344,20紫江债,上海紫江企业集团股份有限公司,5,AA+
163346,20世茂02,上海世茂建设有限公司,5,AAA
163347,20世茂03,上海世茂建设有限公司,7,AAA
163348,20华鲁01,华鲁控股集团有限公司,3,AAA
163349,20中旅01,中国旅游集团有限公司,5,AAA
163350,20远东三,远东国际融资租赁有限公司,5,AAA
163351,20信达01,信达证券股份有限公司,3,AAA
163352,20信达02,信达证券股份有限公司,5,AAA
163353,20华泰G1,华泰证券股份有限公司,3,AAA
163355,20靖江01,靖江港口集团有限公司,5,AA
163356,20华电Y1,中国华电集团有限公司,nan,AAA
163357,20华电Y2,中国华电集团有限公司,nan,AAA
163358,20沪城01,上海城建(集团)有限公司,3,AAA
163359,20华宇G1,重庆华宇集团有限公司,5,AA
163360,20创元01,苏州创元投资发展(集团)有限公司,5,AA+
163361,20中金G1,中国国际金融股份有限公司,6,AAA
163362,20中金G2,中国国际金融股份有限公司,7,AAA
163363,20碧地01,碧桂园地产集团有限公司,5,AAA
163366,20津投07,天津城市基础设施建设投资集团有限公司,6,AAA
163367,20津投08,天津城市基础设施建设投资集团有限公司,8,AAA
163370,20兴投01,河南航空港投资集团有限公司,3,AAA
163371,20同方03,同方股份有限公司,5,AAA
163373,20华融G1,国新证券股份有限公司,3,AAA
163374,20华远02,华远地产股份有限公司,3,AA
163376,PR融创01,融创房地产集团有限公司,5.69,AAA
163377,20融创02,融创房地产集团有限公司,6.54,AAA
163378,20绿城03,绿城房地产集团有限公司,5,AAA
163379,20绿城04,绿城房地产集团有限公司,7,AAA
163380,20中交Y1,中交第三航务工程局有限公司,nan,AAA
163381,20川发03,四川发展(控股)有限责任公司,5,AAA
163382,20川发04,四川发展(控股)有限责任公司,10,AAA
163383,20建发G1,乌鲁木齐经济技术开发区建发国有资本投资运营(集团)有限公司,5,AA+
163384,20厦贸Y5,厦门国贸集团股份有限公司,nan,AAA
163385,20青城G3,青岛城市建设投资(集团)有限责任公司,8,AAA
163386,20青城G4,青岛城市建设投资(集团)有限责任公司,7,AAA
163387,20沪国01,上海国有资产经营有限公司,5,AAA
163388,20沪国02,上海国有资产经营有限公司,10,AAA
163389,20浦房01,上海市浦东新区房地产(集团)有限公司,5,AAA
163391,20诚通06,中国诚通控股集团有限公司,3,AAA
163392,20诚通07,中国诚通控股集团有限公司,5,AAA
163393,20湘粮债,湖南粮食集团有限责任公司,5,AA
163394,20盛泽01,江苏盛泽投资有限公司,5,AA+
163395,G20雅砻1,雅砻江流域水电开发有限公司,3,AAA
163396,20宏河01,山东宏河控股集团有限公司,3,AA+
163397,20环球05,中国环球租赁有限公司,5,AAA
163398,20阳煤01,山西华阳集团新能股份有限公司,5,AAA
163399,20亿利01,亿利洁能股份有限公司,5,AA+
163400,20晶电01,晶科电力科技股份有限公司,2,AAA
163401,20二局Y1,中交第二公路工程局有限公司,nan,AAA
163402,20新际01,新兴际华集团有限公司,10,AAA
163403,20国丰01,烟台国丰投资控股集团有限公司,5,AAA
163404,20国联03,国联证券股份有限公司,2,AA+
163405,20昆租01,昆明市安居集团有限公司,7,AA+
163406,20信投G3,中信建投证券股份有限公司,3,AAA
163407,20华宝01,华宝投资有限公司,3,AAA
163408,20元禾01,苏州元禾控股股份有限公司,5,AAA
163409,20HBST01,湖北省科技投资集团有限公司,10,AAA
163410,20厦贸Y3,厦门国贸控股集团有限公司,nan,AAA
163412,20风电05,中广核风电有限公司,3,AAA
163414,20复星01,上海复星高科技(集团)有限公司,4,AAA
163415,20复星02,上海复星高科技(集团)有限公司,5,AAA
163416,20金高01,广东南海产业集团有限公司,5,AA+
163418,20新汶02,新汶矿业集团有限责任公司,5,AAA
163420,20光明01,光明食品(集团)有限公司,3,AAA
163421,20国机02,中国机械工业集团有限公司,5,AAA
163422,G20八Y1,中国水利水电第八工程局有限公司,nan,AA+
163423,20天风01,天风证券股份有限公司,3,AAA
163424,20扬子Y1,南京扬子国资投资集团有限责任公司,nan,AAA
163425,20扬子Y2,南京扬子国资投资集团有限责任公司,nan,AAA
163426,20杭租01,杭州金投融资租赁有限公司,3,AAA
163427,20泰豪01,泰豪科技股份有限公司,3,AA+
163428,20桂投Y1,广西投资集团有限公司,nan,AAA
163429,20京投01,北京市基础设施投资有限公司,3,AAA
163430,20国宏01,洛阳国宏投资控股集团有限公司,5,AA
163431,G20FXY1,华电福新能源有限公司,nan,AAA
163433,20京洁01,北京京能清洁能源电力股份有限公司,3,AAA
163434,20京洁02,北京京能清洁能源电力股份有限公司,5,AAA
163435,20中车G1,中国中车集团有限公司,5,AAA
163437,20紫金G1,南京紫金投资集团有限责任公司,5,AAA
163439,20津保Y1,天津保税区投资控股集团有限公司,nan,AAA
163440,20阳泰01,阳城县阳泰集团实业有限公司,3,AAA
163441,20外高01,上海外高桥集团股份有限公司,5,AAA
163442,20延长01,陕西延长石油(集团)有限责任公司,5,AAA
163443,20柳控03,广西柳州市投资控股集团有限公司,5,AA+
163444,20能源Y1,中化能源股份有限公司,nan,AAA
163445,20浦创01,上海浦东科创集团有限公司,5,AAA
163446,20扬州01,扬州市城建国有资产控股(集团)有限责任公司,5,AA+
163447,20津投09,天津城市基础设施建设投资集团有限公司,5,AAA
163448,20津投10,天津城市基础设施建设投资集团有限公司,10,AAA
163449,20浦创03,上海浦东科创集团有限公司,5,AAA
163450,20大众01,大众交通(集团)股份有限公司,3,AAA
163451,20北汽01,北京汽车集团有限公司,5,AAA
163452,20北汽02,北京汽车集团有限公司,7,AAA
163453,20中化01,中国中化股份有限公司,3,AAA
163454,20邮政02,中国邮政集团有限公司,3,AAA
163455,20财通01,财通证券股份有限公司,3,AAA
163456,20财通02,财通证券股份有限公司,5,AAA
163457,20住总01,北京住总集团有限责任公司,5,AAA
163458,20新际02,新兴际华集团有限公司,3,AAA
163459,20国航01,中国国际航空股份有限公司,2,AAA
163460,20中信05,中国中信有限公司,10,AAA
163461,20中信06,中国中信有限公司,20,AAA
163463,20铁发01,山东铁路发展基金有限公司,5,AAA
163464,20铁发02,山东铁路发展基金有限公司,10,AAA
163465,20鲁资01,山东省国有资产投资控股有限公司,5,AAA
163466,20相城02,苏州市相城城市建设投资(集团)有限公司,3,AA+
163467,20江东04,江东控股集团有限责任公司,5,AA+
163469,20路桥01,厦门路桥建设集团有限公司,3,AAA
163470,20华能Y3,华能国际电力股份有限公司,nan,AAA
163472,20世茂04,上海世茂建设有限公司,5,AAA
163474,20永钢01,江苏永钢集团有限公司,5,AA+
163475,20东航01,中国东方航空股份有限公司,3,AAA
163476,20云投G1,云南省投资控股集团有限公司,3,AAA
163477,20云投G2,云南省投资控股集团有限公司,5,AAA
163478,G20三峡1,中国长江三峡集团有限公司,10,AAA
163479,G20三峡2,中国长江三峡集团有限公司,20,AAA
163480,20上实01,上海实业发展股份有限公司,5,AA+
163481,20苏垦01,江苏省农垦集团有限公司,3,AAA
163482,20华泰G3,华泰证券股份有限公司,5,AAA
163483,20锦港01,锦州港股份有限公司,3,AA
163484,20杭资01,杭州市国有资本投资运营有限公司,5,AA+
163485,20中冶02,中国冶金科工集团有限公司,3,AAA
163486,20余投01,余姚市城市建设投资发展有限公司,5,AA+
163487,20路桥Y1,厦门路桥建设集团有限公司,nan,AAA
163488,20扬子G1,南京扬子国资投资集团有限责任公司,5,AAA
163489,20临城01,临沂城市建设投资集团有限公司,5,AAA
163490,20国发01,苏州国际发展集团有限公司,5,AAA
163491,20厦贸G1,厦门国贸集团股份有限公司,3,AAA
163492,20国美01,国美电器有限公司,6,AA+
163493,20兵装01,中国兵器装备集团有限公司,2,AAA
163494,20兵装02,中国兵器装备集团有限公司,3,AAA
163495,20一汽01,中国第一汽车集团有限公司,3,AAA
163497,20杭城02,杭州市城市建设投资集团有限公司,5,AAA
163498,20杭旅01,杭州市商贸旅游集团有限公司,3,AAA
163500,20中船03,中国船舶工业集团有限公司,3,AAA
163501,20汇金01,龙岩文旅汇金发展集团有限公司,3,AAA
163502,20不动Y1,平安不动产有限公司,nan,AAA
163503,20青城Y1,青岛城市建设投资(集团)有限责任公司,nan,AAA
163504,20中天01,中天钢铁集团有限公司,3,AA+
163505,20新国资,新疆新业国有资产经营(集团)有限责任公司,5,AA+
163506,20楚昌01,楚昌投资集团有限公司,5,AAA
163507,20海通04,海通证券股份有限公司,3,AAA
163508,20海通05,海通证券股份有限公司,5,AAA
163509,20红星03,红星美凯龙控股集团有限公司,3,AAA
163511,20居然01,北京居然之家投资控股集团有限公司,3,AA+
163512,20产发01,宿迁产业发展集团有限公司,5,AAA
163513,20中金G3,中国国际金融股份有限公司,6,AAA
163514,20中金G4,中国国际金融股份有限公司,7,AAA
163515,20云投02,云南省康旅控股集团有限公司,3,AAA
163516,20北控02,北京控股集团有限公司,3,AAA
163518,20华港Y1,华远国际陆港集团有限公司,nan,AA+
163520,20能投01,云南省能源投资集团有限公司,3,AAA
163521,20北汽03,北京汽车集团有限公司,5,AAA
163523,20柳建01,广西柳州市建设投资开发有限责任公司,5,AA+
163525,20渤海01,渤海证券股份有限公司,3,AAA
163526,20渝高01,重庆高速公路集团有限公司,5,AAA
163528,20中信08,中国中信有限公司,20,AAA
163529,20诚通08,中国诚通控股集团有限公司,3,AAA
163530,20诚通09,中国诚通控股集团有限公司,5,AAA
163531,20首投01,北京首发投资控股集团有限公司,3,AA
163532,20泰山02,泰安市泰山投资有限公司,5,AA+
163534,20欣捷02,欣捷投资控股集团有限公司,3,AA
163535,20芯鑫01,芯鑫融资租赁有限责任公司,3,AAA
163536,20芯鑫02,芯鑫融资租赁有限责任公司,2,AAA
163537,20首集租,北京首都创业集团有限公司,3,AAA
163539,PR旭辉01,旭辉集团股份有限公司,5,AAA
163540,H20旭辉2,旭辉集团股份有限公司,5,AAA
163541,20诚通10,中国诚通控股集团有限公司,3,AAA
163542,20诚通11,中国诚通控股集团有限公司,5,AAA
163544,20宏泰01,湖北宏泰集团有限公司,5,AA+
163545,20首创02,北京首创生态环保集团股份有限公司,5,AAA
163546,20十六01,中国水利水电第十六工程局有限公司,5,AA+
163547,20华建02,华建国际实业深圳有限公司,5,AAA
163548,20华创01,华创证券有限责任公司,4,AA+
163549,20华创02,华创证券有限责任公司,5,AA+
163550,20蒙资01,内蒙古金融资产管理有限公司,3,AAA
163551,20国电02,国电电力发展股份有限公司,3,AAA
163553,20建设02,南京江北新区建设投资集团有限公司,5,AAA
163554,20鲁海洋,山东海洋集团有限公司,3,AA+
163555,20铁工Y1,中国中铁股份有限公司,nan,AAA
163557,20世博01,上海地产投资有限公司,5,AAA
163558,20华泰G4,华泰证券股份有限公司,5,AAA
163559,G20FXY3,华电福新能源有限公司,nan,AAA
163561,20津保Y2,天津保税区投资控股集团有限公司,nan,AAA
163563,20渝开01,重庆科学城城市建设集团有限公司,5,AA+
163564,20渝开02,重庆科学城城市建设集团有限公司,5,AA+
163565,20国金03,国金证券股份有限公司,1.02,AAA
163566,20中化Y1,中国中化股份有限公司,nan,AAA
163568,20海通06,海通证券股份有限公司,3,AAA
163571,20时代07,广州市时代控股集团有限公司,5,AAA
163572,20大宁02,上海大宁资产经营(集团)有限公司,7,AA+
163573,20绍城01,绍兴市城市发展集团有限公司,7,AAA
163574,20际华01,际华集团股份有限公司,5,AAA
163575,20鲁金01,山东省金融资产管理股份有限公司,5,AAA
163577,20南瑞01,国电南瑞科技股份有限公司,3,AAA
163578,20武金Y1,武汉金融控股(集团)有限公司,nan,AAA
163580,20海湾01,青岛海湾集团有限公司,3,AA+
163581,20榕建01,福州建工集团有限公司,5,AA
163582,20环境01,首创环境控股有限公司,5,AAA
163583,20中证08,中信证券股份有限公司,1,AAA
163584,20中证09,中信证券股份有限公司,3,AAA
163586,20龙翔01,龙翔投资控股集团有限公司,3,AA+
163587,20红美02,红星美凯龙家居集团股份有限公司,3,AAA
163588,20武资01,武汉国有资本投资运营集团有限公司,10,AAA
163589,20电投Y1,国家电力投资集团有限公司,nan,AAA
163590,20景控01,景德镇市国资运营投资控股集团有限责任公司,5,AA+
163591,20常城01,常州市城市建设(集团)有限公司,5,AAA
163592,20常城02,常州市城市建设(集团)有限公司,10,AAA
163593,20平煤Y1,平顶山天安煤业股份有限公司,nan,AAA
163594,20诚通13,中国诚通控股集团有限公司,5,AAA
163595,20诚通14,中国诚通控股集团有限公司,5,AAA
163596,20京路01,北京市政路桥股份有限公司,5,AA+
163599,20电力Y1,国投电力控股股份有限公司,nan,AAA
163600,20浦土01,上海浦东土地控股(集团)有限公司,5,AAA
163602,20苏信02,江苏省国信集团有限公司,5,AAA
163603,20天盈01,武汉天盈投资集团有限公司,5,AA+
163604,20东方02,浙江东方金融控股集团股份有限公司,5,AAA
163605,20北汽05,北京汽车集团有限公司,3,AAA
163606,20北汽06,北京汽车集团有限公司,5,AAA
163607,20北汽07,北京汽车集团有限公司,7,AAA
163608,20西南01,西南水泥有限公司,3,AAA
163610,20中金G5,中国国际金融股份有限公司,6,AAA
163612,20长控01,保定市长城控股集团有限公司,5,AAA
163614,20弘辉01,常州弘辉控股集团有限公司,5,AAA
163616,20中林02,中国林产品集团有限公司,3,AA+
163617,20藏投01,拉萨市城市建设投资经营有限公司,5,AA+
163618,20新金01,新疆金融投资(集团)有限责任公司,3,AA+
163619,20天盈02,武汉天盈投资集团有限公司,5,AA+
163620,20浙商01,浙江省浙商资产管理股份有限公司,5,AAA
163621,20浦创04,上海浦东科创集团有限公司,5,AAA
163622,20浦创05,上海浦东科创集团有限公司,5,AAA
163623,20远东四,远东国际融资租赁有限公司,5,AAA
163624,20西证01,西南证券股份有限公司,3,AAA
163625,20龙控03,深圳市龙光控股有限公司,6.3,AAA
163626,20中泰01,中泰证券股份有限公司,3,AAA
163627,20新控03,新城控股集团股份有限公司,4,AAA
163628,20新控04,新城控股集团股份有限公司,5,AAA
163629,20中证11,中信证券股份有限公司,3,AAA
163632,20电投Y2,国家电力投资集团有限公司,nan,AAA
163633,20保利03,保利发展控股集团股份有限公司,5,AAA
163634,20保利04,保利发展控股集团股份有限公司,7,AAA
163635,20津投11,天津城市基础设施建设投资集团有限公司,6,AAA
163637,20沪开01,上海城开(集团)有限公司,3,AA+
163638,20深业03,深圳深业物流集团股份有限公司,5,AA+
163639,20铁工Y3,中国中铁股份有限公司,3,AAA
163640,20铁工Y4,中国中铁股份有限公司,5,AAA
163641,20光证G1,光大证券股份有限公司,3,AAA
163644,20世茂G2,上海世茂股份有限公司,6.48,AAA
163645,20蚌投01,蚌埠投资集团有限公司,3,AA
163648,20中核Y5,中国核工业集团有限公司,nan,AAA
163650,20能建Y1,中国能源建设股份有限公司,nan,AAA
163651,20海国03,北京市海淀区国有资本运营有限公司,5,AAA
163652,20东兴G1,东兴证券股份有限公司,1,AAA
163654,20国联G1,无锡市国联发展(集团)有限公司,3,AAA
163656,20盐投03,盐城东方投资开发集团有限公司,5,AA+
163657,20工投01,西安工业投资集团有限公司,5,AA+
163658,20金辉01,金辉集团股份有限公司,4,AA+
163659,20融侨01,融侨集团股份有限公司,6.44,AA+
163660,20金隅03,北京金隅集团股份有限公司,5,AAA
163661,20中航Y1,中国航空技术国际控股有限公司,nan,AAA
163663,20汽车01,广汇汽车服务集团股份公司,3,AA+
163664,20宏泰02,湖北宏泰集团有限公司,5,AA+
163665,20柳投02,柳州东通投资发展有限公司,5,AA+
163666,20远东Y3,远东国际融资租赁有限公司,nan,AAA
163667,20大宁Y1,上海大宁资产经营(集团)有限公司,nan,AA+
163668,G20柳控1,广西柳州市投资控股集团有限公司,5,AA+
163669,20华泰G5,华泰证券股份有限公司,1,AAA
163670,20华泰G6,华泰证券股份有限公司,3,AAA
163671,20晋旅Y1,山西省文化旅游投资控股集团有限公司,nan,AAA
163672,20泛海G1,中国泛海控股集团有限公司,5,AA+
163673,国电投01,国家电力投资集团有限公司,3,AAA
163674,20筑城01,贵阳市城市建设投资集团有限公司,5,AA+
163676,20株国04,株洲市国有资产投资控股集团有限公司,5,AA+
163678,20核电Y1,中国核能电力股份有限公司,nan,AAA
163679,20诚通15,中国诚通控股集团有限公司,5,AAA
163681,20建房01,建发房地产集团有限公司,7,AAA
163682,20CHNG5Y,中国华能集团有限公司,nan,AAA
163683,20CHNG6Y,中国华能集团有限公司,nan,AAA
163684,20金港01,张家港保税区金港资产经营集团有限公司,5,AA+
163685,20厦贸G2,厦门国贸集团股份有限公司,3,AAA
163686,20锡铁01,无锡地铁集团有限公司,5,AAA
163688,20深业04,深圳深业物流集团股份有限公司,5,AA+
163689,20狮桥02,狮桥融资租赁(中国)有限公司,2,AA+
163690,20铁工Y5,中国中铁股份有限公司,nan,AAA
163692,H20亿利2,亿利洁能股份有限公司,5,AA+
163693,20泰山03,泰安市泰山投资有限公司,5,AA+
163694,20正奇01,正奇控股股份有限公司,3,AAA
163696,20建二Y1,中国建筑第二工程局有限公司,nan,AAA
163698,20电投Y3,国家电力投资集团有限公司,nan,AAA
163699,20津投13,天津城市基础设施建设投资集团有限公司,6,AAA
163701,20广药01,广州医药集团有限公司,5,AAA
163702,20碧地02,碧桂园地产集团有限公司,5,AAA
163703,20城建01,北京城建投资发展股份有限公司,5,AAA
163705,20钢联03,内蒙古包钢钢联股份有限公司,5,AAA
163706,20北电02,北京电子城高科技集团股份有限公司,3,AAA
163707,20中证13,中信证券股份有限公司,3,AAA
163709,20唐新Y4,中国大唐集团新能源股份有限公司,nan,AAA
163711,20信投G4,中信建投证券股份有限公司,3,AAA
163712,20航租01,中航国际融资租赁有限公司,3,AAA
163713,20东海01,东海证券股份有限公司,2,AA+
163714,20东海02,东海证券股份有限公司,3,AA+
163715,20建集Y3,厦门建发集团有限公司,nan,AAA
163717,20经开01,宁波经济技术开发区控股有限公司,5,AA+
163719,20美置03,美的置业集团有限公司,5,AAA
163720,20美置04,美的置业集团有限公司,4,AAA
163722,20时代09,广州市时代控股集团有限公司,5,AAA
163723,20国药01,国药控股股份有限公司,3,AAA
163726,20远东五,远东国际融资租赁有限公司,3,AAA
163727,20新望01,新希望集团有限公司,3,AAA
163729,20冠城01,冠城大通股份有限公司,2,AA
163730,20恒信G1,海通恒信国际融资租赁股份有限公司,3,AAA
163731,20光证G3,光大证券股份有限公司,3,AAA
163736,20信达G1,信达证券股份有限公司,3,AAA
163738,20电投Y4,国家电力投资集团有限公司,nan,AAA
163739,20复地02,复地(集团)股份有限公司,3,AAA
163740,20当代01,武汉当代科技产业集团股份有限公司,5,AA+
163741,20诚通17,中国诚通控股集团有限公司,5,AAA
163742,20诚通18,中国诚通控股集团有限公司,10,AAA
163743,20粤港01,广州港股份有限公司,3,AAA
163746,20财信01,湖南财信投资控股有限责任公司,5,AAA
163747,20长控03,保定市长城控股集团有限公司,5,AAA
163749,20盛泽02,江苏盛泽投资有限公司,3,AA+
163750,20张江一,上海张江(集团)有限公司,5,AAA
163751,20闽高01,福建发展高速公路股份有限公司,2,AA+
163753,20中建G1,中国建筑国际集团有限公司,3,AAA
163755,20厦贸Y6,厦门国贸集团股份有限公司,nan,AAA
163756,20国君G4,国泰君安证券股份有限公司,3,AAA
163757,20招商G1,招商证券股份有限公司,3,AAA
163759,20平证03,平安证券股份有限公司,3,AAA
163760,20京资01,北京市国有资产经营有限责任公司,3,AAA
163761,20融信01,融信(福建)投资集团有限公司,6.27,AAA
163763,20信投G5,中信建投证券股份有限公司,3,AAA
163764,20常城03,常州市城市建设(集团)有限公司,5,AAA
163765,20云投G3,云南省投资控股集团有限公司,3,AAA
163767,20中泰02,中泰证券股份有限公司,2,AAA
163769,20铁工Y7,中国中铁股份有限公司,nan,AAA
163771,20沪盛01,上海国盛(集团)有限公司,5,AAA
163774,20中证15,中信证券股份有限公司,3,AAA
163775,20电投Y5,国家电力投资集团有限公司,nan,AAA
163776,20华综Y2,珠海华发综合发展有限公司,nan,AAA
163777,20津保Y3,天津保税区投资控股集团有限公司,nan,AAA
163778,20晋金01,山西金融投资控股集团有限公司,5,AAA
163779,20华宇G2,重庆华宇集团有限公司,5,AA+
163780,20昆交G1,昆明交通产业股份有限公司,5,AAA
163782,H20正荣2,正荣地产控股有限公司,5,AAA
163783,20GLP01,普洛斯中国控股有限公司,3,AAA
163785,20平证04,平安证券股份有限公司,1.25,AAA
163786,20浙商02,浙江省浙商资产管理股份有限公司,5,AAA
163788,H20蓝光4,四川蓝光发展股份有限公司,3,AAA
163789,20浦土02,上海浦东土地控股(集团)有限公司,5,AAA
163792,20北控Y1,北京控股集团有限公司,nan,AAA
163793,20唐租Y1,大唐融资租赁有限公司,nan,AAA
163794,20铁龙01,中铁铁龙集装箱物流股份有限公司,5,AA+
163795,20交投Y1,中交投资有限公司,nan,AAA
163796,20茂业01,深圳茂业商厦有限公司,2,AAA
163797,20茂业02,深圳茂业商厦有限公司,3,AAA
163798,20京投02,北京市基础设施投资有限公司,3,AAA
163799,20国元G1,安徽国元金融控股集团有限责任公司,3,AAA
163800,21鲁资S1,山东省国有资产投资控股有限公司,0.58,nan
163801,20光明S1,光明食品(集团)有限公司,0.5,AA
163802,20浙资S1,浙江省国有资本运营有限公司,0.75,AA
163803,20豫投S1,河南投资集团有限公司,0.5,nan
163804,20伊利S2,内蒙古伊利实业集团股份有限公司,0.42,nan
163805,20特电S1,特变电工股份有限公司,0.5,nan
163806,20伊利S1,内蒙古伊利实业集团股份有限公司,0.25,nan
163808,20红星S1,红星美凯龙控股集团有限公司,0.5,nan
163811,20HHPS1,华能澜沧江水电股份有限公司,0.25,AAA
163812,20信投S2,中信建投证券股份有限公司,1,A-1
163814,20招商S2,招商证券股份有限公司,0.81,nan
163815,20中证S1,中信证券股份有限公司,0.76,A-1
163816,20中证S2,中信证券股份有限公司,1,A-1
163817,20国君S1,国泰君安证券股份有限公司,1,A-1
163820,20银河S1,中国银河证券股份有限公司,1,AAA
163821,20安租S1,平安国际融资租赁有限公司,1,A-1
163822,20豫园S4,上海豫园旅游商城(集团)股份有限公司,1,A-1
163823,20华泰S1,华泰证券股份有限公司,1,A-1
163824,20华泰S2,华泰证券股份有限公司,0.75,A-1
163825,20津投S1,天津城市基础设施建设投资集团有限公司,0.68,A-1
163827,20安租S2,平安国际融资租赁有限公司,1,A-1
163828,20华泰S3,华泰证券股份有限公司,0.92,A-1
163829,20光证S1,光大证券股份有限公司,1.01,A-1
163831,20石化S1,中国石油化工集团有限公司,0.25,A-1
163832,20CHNES1,国家能源投资集团有限责任公司,0.75,nan
163833,20国君S2,国泰君安证券股份有限公司,1,A-1
163835,20浙资S2,浙江省国有资本运营有限公司,1,A-1
163837,20安租S3,平安国际融资租赁有限公司,1,A-1
163838,20银河S2,中国银河证券股份有限公司,1,A-1
163839,20津投S2,天津城市基础设施建设投资集团有限公司,0.78,nan
163847,20银河S3,中国银河证券股份有限公司,1,A-1
163848,20红狮S1,红狮控股集团有限公司,1.01,nan
163849,20安租S4,平安国际融资租赁有限公司,1,A-1
163852,20华发S1,珠海华发集团有限公司,0.5,nan
163854,20中租S1,中航国际租赁有限公司,1,A-1
163859,20河投S2,河南投资集团有限公司,1,nan
163866,21复星S1,上海复星高科技(集团)有限公司,1,A-1
163867,21津投S1,天津城市基础设施建设投资集团有限公司,1,nan
163868,21安租S1,平安国际融资租赁有限公司,1,A-1
163870,21国联S1,国联证券股份有限公司,0.86,A-1
163871,21兵装S1,中国兵器装备集团有限公司,1,A-1
163872,21复星S3,上海复星高科技(集团)有限公司,1,A-1
163874,21电网S1,国家电网有限公司,0.28,nan
163875,21中原S1,中原证券股份有限公司,1,A-1
163876,GC赣交S1,江西省交通投资集团有限责任公司,0.75,nan
163877,21远东S2,远东国际融资租赁有限公司,1,A-1
163878,21津投S2,天津城市基础设施建设投资集团有限公司,0.46,nan
163880,21国电S1,国电电力发展股份有限公司,1,nan
163884,21伊利S1,内蒙古伊利实业集团股份有限公司,0.08,nan
163887,21小米SK,小米通讯技术有限公司,1,A-1
163895,21海通S3,海通证券股份有限公司,1,A-1
163898,21京东S1,北京京东世纪贸易有限公司,1,A-1
163900,20龙湖05,重庆龙湖企业拓展有限公司,5,AAA
163901,20龙湖06,重庆龙湖企业拓展有限公司,7,AAA
163902,20航租02,中航国际融资租赁有限公司,3,AAA
163903,20海通08,海通证券股份有限公司,3,AAA
163904,20控租02,国药控股(中国)融资租赁有限公司,3,AAA
163905,20海保G1,江苏海鸿投资控股集团有限公司,5,AA+
163906,20电投Y6,国家电力投资集团有限公司,nan,AAA
163907,20天宁01,常州天宁建设发展集团有限公司,3,AA+
163908,20CMG1YA,招商局集团有限公司,nan,AAA
163910,20中证16,中信证券股份有限公司,3,AAA
163911,20奥园02,奥园集团有限公司,5,AAA
163912,20津投15,天津城市基础设施建设投资集团有限公司,4,AAA
163913,20津投16,天津城市基础设施建设投资集团有限公司,3,AAA
163914,G20天成Y,华能天成融资租赁有限公司,nan,AAA
163915,20远东六,远东国际融资租赁有限公司,3,AAA
163916,20复星03,上海复星高科技(集团)有限公司,5,AAA
163917,20中化Y3,中国中化股份有限公司,nan,AAA
163919,20安租04,平安国际融资租赁有限公司,3,AAA
163920,20同股01,晋能控股山西煤业股份有限公司,5,AAA
163921,20新湖01,衢州信安发展股份有限公司,4,AA+
163923,20浙金01,浙江省创新投资集团有限公司,5,AAA
163924,20招证G2,招商证券股份有限公司,1.05,AAA
163925,20招证G3,招商证券股份有限公司,3,AAA
163926,20花园01,花园集团有限公司,5,AA+
163927,20东债01,东方证券股份有限公司,3,AAA
163928,20能投Y1,云南省能源集团有限公司,nan,AAA
163929,20鄂长Y1,长江产业投资集团有限公司,nan,AAA
163930,20建集Y1,厦门建发集团有限公司,nan,AAA
163931,20建集Y2,厦门建发集团有限公司,nan,AAA
163932,20华能Y1,华能国际电力股份有限公司,nan,AAA
163933,20华能Y2,华能国际电力股份有限公司,nan,AAA
163934,20CHNG3Y,中国华能集团有限公司,nan,AAA
163935,20CHNG4Y,中国华能集团有限公司,nan,AAA
163936,20华综Y1,珠海华发综合发展有限公司,nan,AAA
163937,20中核Y3,中国核工业集团有限公司,nan,AAA
163938,20中核Y4,中国核工业集团有限公司,nan,AAA
163939,20七局Y1,中国水利水电第七工程局有限公司,nan,AA+
163940,20CHNG1Y,中国华能集团有限公司,nan,AAA
163941,20CHNG2Y,中国华能集团有限公司,nan,AAA
163942,20新际Y1,新兴际华集团有限公司,nan,AAA
163943,20建材Y1,中国建材股份有限公司,nan,AAA
163944,20齐鲁Y1,齐鲁交通发展集团有限公司,nan,AAA
163945,19航租Y1,中航国际融资租赁有限公司,nan,AAA
163947,19工业Y1,中铁高新工业股份有限公司,nan,AAA
163949,G19八Y1,中国水利水电第八工程局有限公司,nan,AA+
163950,19通用Y3,中国通用技术(集团)控股有限责任公司,nan,AAA
163952,19晋建Y4,山西建设投资集团有限公司,nan,AAA
163953,CHNG11Y,中国华能集团有限公司,nan,AAA
163954,CHNG12Y,中国华能集团有限公司,nan,AAA
163955,19锡公Y1,无锡市市政公用产业集团有限公司,nan,AAA
163956,19电建Y2,中国电力建设股份有限公司,nan,AAA
163957,19电建Y3,中国电力建设股份有限公司,nan,AAA
163958,19首股Y3,北京首创生态环保集团股份有限公司,nan,AAA
163960,19厦贸Y1,厦门国贸控股集团有限公司,nan,AAA
163962,19阳煤Y1,山西华阳集团新能股份有限公司,nan,AAA
163963,中化债Y1,中化国际控股股份有限公司,nan,AAA
163964,19中化Y3,中国中化股份有限公司,nan,AAA
163965,19能建Y1,中国能源建设股份有限公司,nan,AAA
163969,19铁建Y5,中国铁建股份有限公司,nan,AAA
163970,19铁建Y6,中国铁建股份有限公司,nan,AAA
163971,19建集Y2,厦门建发集团有限公司,nan,AAA
163975,19青控Y1,青岛城投城金控股集团有限公司,nan,AAA
163976,19交建Y3,中国交通建设股份有限公司,nan,AAA
163978,19中航Y7,中国航空技术国际控股有限公司,nan,AAA
163982,19特电Y1,新疆特变电工集团有限公司,nan,AA+
163983,19二商Y1,北京二商集团有限责任公司,nan,AAA
163984,19中铝Y1,中铝资本控股有限公司,nan,AA+
163985,19京粮Y1,北京粮食集团有限责任公司,nan,AAA
163986,20中核Y1,中国核工业集团有限公司,nan,AAA
163987,20中核Y2,中国核工业集团有限公司,nan,AAA
163988,20唐新Y1,中国大唐集团新能源股份有限公司,nan,AAA
163989,20赣投Y1,江西省投资集团有限公司,nan,AAA
163991,20厦贸Y1,厦门国贸控股集团有限公司,nan,AAA
163993,20鲁资Y1,山东省国有资产投资控股有限公司,nan,AAA
163994,20远东Y1,远东国际融资租赁有限公司,nan,AAA
163995,20远东Y2,远东国际融资租赁有限公司,nan,AAA
163996,20象屿Y1,厦门象屿集团有限公司,nan,AAA
163997,20象屿Y2,厦门象屿集团有限公司,nan,AAA
163998,20唐新Y2,中国大唐集团新能源股份有限公司,nan,AAA
175001,20交建Y1,中国交通建设股份有限公司,nan,AAA
175004,20传媒01,贵州广电传媒集团有限公司,5,AA+
175005,20电投Y7,国家电力投资集团有限公司,nan,AAA
175006,20东兴G3,东兴证券股份有限公司,1.08,AAA
175007,20东兴G4,东兴证券股份有限公司,3,AAA
175008,20大唐Y1,中国大唐集团有限公司,nan,AAA
175010,20苏交G1,江苏交通控股有限公司,3,AAA
175011,20宁德01,宁德市国有资产投资经营有限公司,5,AA
175013,20鲁高02,山东高速集团有限公司,3,AAA
175014,20金隅04,北京金隅集团股份有限公司,5,AAA
175015,20江公01,江阴市公有资产经营有限公司,5,AA+
175016,20桂冠01,广西桂冠电力股份有限公司,3,AAA
175017,20黔高01,贵州高速公路集团有限公司,3,AAA
175019,20常城04,常州市城市建设(集团)有限公司,5,AAA
175020,20延长Y1,陕西延长石油(集团)有限责任公司,nan,AAA
175021,20平证05,平安证券股份有限公司,2,AAA
175022,20中瑞01,郑州中瑞实业集团有限公司,3,AA+
175023,20融信03,融信(福建)投资集团有限公司,6.19,AAA
175025,20铁Y09,中国中铁股份有限公司,nan,AAA
175027,20中化Y5,中国中化股份有限公司,nan,AAA
175029,20杭交01,杭州市交通投资集团有限公司,5,AAA
175030,20唐新Y6,中国大唐集团新能源股份有限公司,nan,AAA
175034,20招金Y1,招金矿业股份有限公司,nan,AAA
175035,20美置05,美的置业集团有限公司,5,AAA
175036,20美置06,美的置业集团有限公司,4,AAA
175037,20中证17,中信证券股份有限公司,1.03,AAA
175038,20中证18,中信证券股份有限公司,3,AAA
175039,20云投G5,云南省投资控股集团有限公司,3,AAA
175041,20航租03,中航国际融资租赁有限公司,3,AAA
175042,20乌江01,贵州乌江能源投资有限公司,5,AA+
175043,20环球06,中国环球租赁有限公司,5,AAA
175044,20贵安G3,贵州贵安发展集团有限公司,5,AA+
175046,20电投Y8,国家电力投资集团有限公司,nan,AAA
175047,20牡资01,牡丹江市国有资产投资控股有限公司,5,AA
175048,20苏交G2,江苏交通控股有限公司,3,AAA
175049,20世茂06,上海世茂建设有限公司,5,AAA
175051,20中保Y1,中国投融资担保股份有限公司,nan,AAA
175052,20绿原债,新疆绿原国有资本投资运营有限公司,3,AA
175053,20平证06,平安证券股份有限公司,1.33,AAA
175054,20柳投04,柳州东通投资发展有限公司,5,AA+
175055,20首钢03,首钢集团有限公司,6,AAA
175058,20豫资03,河南省豫资城乡一体化建设发展有限公司,3,AAA
175059,20苏交G3,江苏交通控股有限公司,3,AAA
175060,20鲁商01,山东省商业集团有限公司,3,AA+
175061,20濮阳01,濮阳投资集团有限公司,5,AA
175062,20光证G5,光大证券股份有限公司,3,AAA
175063,20豫园03,上海豫园旅游商城(集团)股份有限公司,3,AAA
175064,G龙源Y1,龙源电力集团股份有限公司,nan,AAA
175066,20五资01,五矿资本控股有限公司,3,AAA
175067,20葛洲Y1,中国葛洲坝集团股份有限公司,nan,AAA
175068,20合景04,广州合景控股集团有限公司,3,AAA
175070,20长飞01,长飞光纤光缆股份有限公司,3,AAA
175071,20达州G1,达州市投资有限公司,5,AA
175072,20津投17,天津城市基础设施建设投资集团有限公司,4,AAA
175073,20津投18,天津城市基础设施建设投资集团有限公司,3,AAA
175074,20海保G2,江苏海鸿投资控股集团有限公司,5,AA+
175077,20世茂G3,上海世茂股份有限公司,6.33,AAA
175078,20建一Y1,中国建筑一局(集团)有限公司,nan,AAA
175080,20柳钢01,柳州钢铁股份有限公司,3,AAA
175081,20兴泸01,泸州市兴泸投资集团有限公司,5,AA+
175083,20中交01,中国交通建设集团有限公司,5,AAA
175085,20华福G1,华福证券有限责任公司,3,AAA
175086,20华福G2,华福证券有限责任公司,5,AAA
175087,20杭实G1,杭州市实业投资集团有限公司,3,AAA
175088,20HHPY1,华能澜沧江水电股份有限公司,nan,AAA
175089,20CHNE04,国家能源投资集团有限责任公司,3,AAA
175090,20龙控04,深圳市龙光控股有限公司,6.16,AAA
175091,20翔业01,厦门翔业集团有限公司,3,AAA
175092,20华电Y3,中国华电集团有限公司,nan,AAA
175093,20远资01,远洋资本有限公司,3,AA+
175094,20焦煤Y1,山西焦煤集团有限责任公司,nan,AAA
175096,20核电Y2,中国核能电力股份有限公司,nan,AAA
175097,20正荣03,正荣地产控股有限公司,4,AAA
175099,20国君G5,国泰君安证券股份有限公司,3,AAA
175101,20宏河02,山东宏河控股集团有限公司,3,AA+
175102,20漳九Y1,漳州市九龙江集团有限公司,nan,AAA
175103,20安租05,平安国际融资租赁有限公司,4,AAA
175104,20安租06,平安国际融资租赁有限公司,5,AAA
175105,20京发01,京投发展股份有限公司,3,AAA
175106,20建工Y1,北京建工集团有限责任公司,nan,AAA
175108,20花样01,花样年集团(中国)有限公司,3,AA+
175109,20靖江02,靖江港口集团有限公司,5,AA+
175110,20晋中债,晋中市公用基础设施投资控股(集团)有限公司,5,AA+
175111,20常新G1,常州东方新城建设集团有限公司,5,AA+
175112,20金城03,张家港市金城投资发展集团有限公司,5,AA+
175114,G20雅砻2,雅砻江流域水电开发有限公司,3,AAA
175116,20象屿Y4,厦门象屿集团有限公司,nan,AAA
175117,20建集Y5,厦门建发集团有限公司,nan,AAA
175119,20万达01,大连万达商业管理集团股份有限公司,5,AAA
175120,20唐新Y8,中国大唐集团新能源股份有限公司,nan,AAA
175122,20中金07,中国国际金融股份有限公司,5,AAA
175124,20中证19,中信证券股份有限公司,1.03,AAA
175125,20中证20,中信证券股份有限公司,10,AAA
175126,20远东七,远东国际融资租赁有限公司,3,AAA
175128,20资本Y2,国投资本股份有限公司,nan,AAA
175129,20华能Y5,华能国际电力股份有限公司,nan,AAA
175130,20光明02,光明食品(集团)有限公司,3,AAA
175132,20渝枢06,重庆国际物流枢纽园区建设有限责任公司,5,AA+
175133,20华安G1,华安证券股份有限公司,2,AAA
175134,20电投Y9,国家电力投资集团有限公司,nan,AAA
175135,20美置07,美的置业集团有限公司,5,AAA
175136,20美置08,美的置业集团有限公司,4,AAA
175137,20HHPY2,华能澜沧江水电股份有限公司,nan,AAA
175138,20中铁01,中国铁建房地产集团有限公司,5,AAA
175139,20腾越01,腾越建筑科技集团有限公司,4,AAA
175140,20景控02,景德镇市国资运营投资控股集团有限责任公司,5,AA+
175143,20安信G2,安信证券股份有限公司,3,AAA
175144,20恒泰G1,恒泰证券股份有限公司,3,AAA
175145,20药投01,中国医药投资有限公司,3,AAA
175146,20川金02,四川金融控股集团有限公司,3,AAA
175147,20青租03,青岛城乡建设融资租赁有限公司,3,AA+
175148,20科创01,上海科技创业投资(集团)有限公司,5,AAA
175150,20建租02,中建投租赁股份有限公司,3,AAA
175151,20科工Y1,中建科工集团有限公司,nan,AA+
175152,20海国04,北京市海淀区国有资本运营有限公司,3,AAA
175153,唐新Y10,中国大唐集团新能源股份有限公司,nan,AAA
175155,20宁投01,宁德市交通投资集团有限公司,5,AA+
175156,20恒信G2,海通恒信国际融资租赁股份有限公司,3,AAA
175157,20住宅03,厦门安居控股集团有限公司,3,AA+
175159,20江油01,江油鸿飞投资(集团)有限公司,3,AAA
175160,20常城05,常州市城市建设(集团)有限公司,5,AAA
175162,20东吴G1,东吴证券股份有限公司,1.02,AAA
175163,20东吴G2,东吴证券股份有限公司,3,AAA
175164,20南钢G1,南京南钢钢铁联合有限公司,3,AA+
175165,20万向01,中国万向控股有限公司,3,AA+
175166,20赣铁01,江西省铁路航空投资集团有限公司,7,AAA
175167,20港务01,厦门港务控股集团有限公司,5,AAA
175168,20沪开02,上海城开(集团)有限公司,3,AA+
175169,20焦煤Y3,山西焦煤集团有限责任公司,nan,AAA
175170,20扬子G2,南京扬子国资投资集团有限责任公司,5,AAA
175171,20财证06,财信证券股份有限公司,4,AAA
175172,20幸福01,华夏幸福基业控股股份公司,5,AAA
175173,G20洪轨1,南昌轨道交通集团有限公司,5,AAA
175174,20招证G4,招商证券股份有限公司,2,AAA
175175,20招证G5,招商证券股份有限公司,3,AAA
175177,20长寿G2,重庆长寿开发投资(集团)有限公司,5,AA+
175178,20安租Y2,平安国际融资租赁有限公司,nan,AAA
175180,20保利05,保利发展控股集团股份有限公司,5,AAA
175181,20保利06,保利发展控股集团股份有限公司,7,AAA
175182,20东债02,东方证券股份有限公司,3,AAA
175183,20三局Y1,中交第三公路工程局有限公司,nan,AAA
175184,20青纾01,青岛国信发展(集团)有限责任公司,5,AAA
175185,20财证05,财信证券股份有限公司,2,AAA
175186,20扬子Y3,南京扬子国资投资集团有限责任公司,nan,AAA
175188,20济城G1,济南城市投资集团有限公司,5,AAA
175189,20凤凰01,江苏凤凰出版传媒集团有限公司,3,AAA
175190,20中金09,中国国际金融股份有限公司,5,AAA
175192,20世茂G4,上海世茂股份有限公司,6.26,AAA
175194,20延长Y2,陕西延长石油(集团)有限责任公司,nan,AAA
175197,20国都G1,国都证券股份有限公司,3,AA+
175198,20华综Y3,珠海华发综合发展有限公司,nan,AAA
175200,20首开01,北京首都开发控股(集团)有限公司,5,AAA
175201,20合景06,广州合景控股集团有限公司,5,AAA
175203,20中航Y3,中国航空技术国际控股有限公司,nan,AAA
175204,20中航Y4,中国航空技术国际控股有限公司,nan,AAA
175205,20赣速02,江西省交通投资集团有限责任公司,5,AAA
175206,20建一Y2,中国建筑一局(集团)有限公司,nan,AAA
175209,20铁建Y1,中国铁建股份有限公司,nan,AAA
175211,20高速01,江西省交通投资集团有限责任公司,5,AAA
175212,20铁Y11,中国中铁股份有限公司,nan,AAA
175213,20铁Y12,中国中铁股份有限公司,nan,AAA
175214,20碧地03,碧桂园地产集团有限公司,6,AAA
175215,20东莞01,东莞证券股份有限公司,5,AA+
175217,20建集Y7,厦门建发集团有限公司,nan,AAA
175219,20首钢04,首钢集团有限公司,6,AAA
175220,20株国07,株洲市国有资产投资控股集团有限公司,5,AA+
175222,20珠投01,广东珠江投资股份有限公司,5,AA+
175223,20桂冠02,广西桂冠电力股份有限公司,3,AAA
175224,20电建Y1,中国电力建设股份有限公司,nan,AAA
175225,20万达02,大连万达商业管理集团股份有限公司,4,AAA
175226,20义乌05,义乌市国有资本运营有限公司,3,AA+
175228,20建发Y1,厦门建发股份有限公司,nan,AAA
175229,20大唐Y3,中国大唐集团有限公司,nan,AAA
175231,唐新Y12,中国大唐集团新能源股份有限公司,nan,AAA
175233,20南港01,南京新港开发有限公司,5,AA+
175235,20金地01,金地(集团)股份有限公司,5,AAA
175237,20沪国03,上海国有资产经营有限公司,3,AAA
175238,20闽能Y1,福建省能源集团有限责任公司,nan,AAA
175239,G20柳控2,广西柳州市投资控股集团有限公司,5,AA+
175240,20远东八,远东国际融资租赁有限公司,2,AAA
175241,20远东九,远东国际融资租赁有限公司,4,AAA
175242,20青城01,青岛城市建设投资(集团)有限责任公司,6,AAA
175243,20青城02,青岛城市建设投资(集团)有限责任公司,8,AAA
175244,20淮矿01,淮北矿业控股股份有限公司,3,AAA
175245,20藏城发,西藏城市发展投资股份有限公司,5,AA+
175246,20邮政Y1,中国邮政集团有限公司,nan,AAA
175247,20邮政Y2,中国邮政集团有限公司,nan,AAA
175248,20邮政Y3,中国邮政集团有限公司,nan,AAA
175249,20京电01,北京京能电力股份有限公司,3,AAA
175250,20中证21,中信证券股份有限公司,2,AAA
175251,20津投19,天津城市基础设施建设投资集团有限公司,6,AAA
175252,20鲁能01,鲁能集团有限公司,5,AAA
175254,20能建Y2,中国能源建设股份有限公司,nan,AAA
175256,20建材Y2,中国建材股份有限公司,nan,AAA
175259,PR旭辉03,旭辉集团股份有限公司,5,AAA
175260,20五资02,五矿资本控股有限公司,3,AAA
175261,20财达01,财达证券股份有限公司,5,AA+
175262,20中金11,中国国际金融股份有限公司,3,AAA
175263,20中金12,中国国际金融股份有限公司,5,AAA
175264,20电建Y2,中国电力建设股份有限公司,nan,AAA
175265,20葛洲Y2,中国葛洲坝集团股份有限公司,nan,AAA
175267,20巨化01,巨化集团有限公司,3,AA+
175268,20狮桥03,狮桥融资租赁(中国)有限公司,3,AA+
175269,20安租07,平安国际融资租赁有限公司,4,AAA
175270,20安租08,平安国际融资租赁有限公司,5,AAA
175271,G20深高1,深圳高速公路集团股份有限公司,5,AAA
175272,20银河G2,中国银河证券股份有限公司,3,AAA
175273,20锡铁03,无锡地铁集团有限公司,5,AAA
175274,20兖煤04,兖矿能源集团股份有限公司,15,AAA
175275,20兖煤05,兖矿能源集团股份有限公司,10,AAA
175276,20鄂交Y2,湖北交通投资集团有限公司,nan,AAA
175277,20浦土03,上海浦东土地控股(集团)有限公司,5,AAA
175278,20金港02,张家港保税区金港资产经营集团有限公司,5,AA+
175279,20中财G2,中国中金财富证券有限公司,5,AAA
175280,20中财G3,中国中金财富证券有限公司,5,AAA
175281,20控租03,国药控股(中国)融资租赁有限公司,3,AAA
175282,20华鑫03,华鑫证券有限责任公司,2,AA+
175283,20昆交G2,昆明交通产业股份有限公司,5,AAA
175284,20智光G1,泰兴市智光环保科技有限公司,3,AA+
175285,20核电Y3,中国核能电力股份有限公司,nan,AAA
175287,20电投Y0,国家电力投资集团有限公司,nan,AAA
175288,20焦煤Y4,山西焦煤集团有限责任公司,nan,AAA
175289,20常城06,常州市城市建设(集团)有限公司,5,AAA
175291,20青港01,山东港口青岛港集团有限公司,3,AAA
175292,20招证G6,招商证券股份有限公司,2,AAA
175293,20招证G7,招商证券股份有限公司,3,AAA
175294,20滨建G1,常熟市滨江城市建设经营投资有限责任公司,3,AA+
175295,20天宁02,常州天宁建设发展集团有限公司,3,AA+
175296,20景控03,景德镇市国资运营投资控股集团有限责任公司,5,AA+
175298,20延长Y4,陕西延长石油(集团)有限责任公司,nan,AAA
175299,20扬子G3,南京扬子国资投资集团有限责任公司,3,AAA
175301,20青城03,青岛城市建设投资(集团)有限责任公司,6,AAA
175302,20青城04,青岛城市建设投资(集团)有限责任公司,8,AAA
175303,20广汇G2,广汇汽车服务有限责任公司,3,AA+
175304,20复星04,上海复星高科技(集团)有限公司,5,AAA
175305,20鲁高Y1,山东高速集团有限公司,nan,AAA
175306,20晋金02,山西金融投资控股集团有限公司,5,AAA
175307,20绿城07,绿城房地产集团有限公司,5,AAA
175309,20上唐Y1,上海大唐融资租赁有限公司,nan,AAA
175310,20上唐Y2,上海大唐融资租赁有限公司,nan,AAA
175311,G龙源Y3,龙源电力集团股份有限公司,nan,AAA
175312,G龙源Y4,龙源电力集团股份有限公司,nan,AAA
175314,20电建Y4,中国电力建设股份有限公司,nan,AAA
175315,20中证22,中信证券股份有限公司,1.03,AAA
175316,20中证23,中信证券股份有限公司,2,AAA
175317,20中证24,中信证券股份有限公司,10,AAA
175319,20新汶Y1,新汶矿业集团有限责任公司,nan,AAA
175320,20东兴G5,东兴证券股份有限公司,1.08,AAA
175321,20东兴G6,东兴证券股份有限公司,3,AAA
175322,20福电Y1,福建福清核电有限公司,nan,AAA
175323,20中泰03,中泰证券股份有限公司,3,AAA
175324,20柳发01,柳州市城市投资建设发展有限公司,5,AA+
175325,20中金13,中国国际金融股份有限公司,3,AAA
175326,20中金14,中国国际金融股份有限公司,5,AAA
175327,20京粮Y1,北京粮食集团有限责任公司,nan,AAA
175328,20交投Y2,中交投资有限公司,nan,AAA
175329,20交投Y3,中交投资有限公司,nan,AAA
175330,20红美03,红星美凯龙家居集团股份有限公司,3,AAA
175331,20万达03,大连万达商业管理集团股份有限公司,4,AAA
175332,20中公Y1,中交一公局集团有限公司,nan,AAA
175333,20中公Y2,中交一公局集团有限公司,nan,AAA
175334,20葛洲Y4,中国葛洲坝集团股份有限公司,nan,AAA
175335,20葛洲Y5,中国葛洲坝集团股份有限公司,nan,AAA
175337,20沪资01,上海国际集团资产管理有限公司,3,AAA
175338,20安租Y4,平安国际融资租赁有限公司,nan,AAA
175340,20一航Y1,中交第一航务工程局有限公司,nan,AAA
175341,20信保Y1,江苏省信用再担保集团有限公司,nan,AAA
175342,20漳九Y2,漳州市九龙江集团有限公司,nan,AAA
175343,20浙金02,浙江省创新投资集团有限公司,5,AAA
175344,20恒信G3,海通恒信国际融资租赁股份有限公司,3,AAA
175345,20平证07,平安证券股份有限公司,3,AAA
175346,20财达02,财达证券股份有限公司,4,AA+
175347,20润药Y1,华润医药控股有限公司,nan,AAA
175348,20铁Y13,中国中铁股份有限公司,nan,AAA
175349,20铁Y14,中国中铁股份有限公司,nan,AAA
175350,20东债03,东方证券股份有限公司,3,AAA
175351,20中化Y7,中国中化股份有限公司,nan,AAA
175353,20昌投G1,昌吉州国有资产投资经营集团有限公司,5,AA+
175354,20融侨02,融侨集团股份有限公司,6.04,AA+
175356,20安租09,平安国际融资租赁有限公司,4,AAA
175357,20安租10,平安国际融资租赁有限公司,5,AAA
175358,中交20Y1,中国交通建设集团有限公司,nan,AAA
175359,中交20Y2,中国交通建设集团有限公司,nan,AAA
175360,20舟投01,舟山海洋综合开发投资有限公司,5,AA+
175361,20茅台01,中国贵州茅台酒厂(集团)有限责任公司,7,AAA
175362,20远发01,中远海运发展股份有限公司,10,AAA
175363,20苏新01,苏州新区高新技术产业股份有限公司,5,AAA
175364,20柳投05,柳州东通投资发展有限公司,5,AA+
175365,20海资G1,上海海通证券资产管理有限公司,5,AAA
175366,20碧地04,碧桂园地产集团有限公司,5,AAA
175368,20牡资02,牡丹江市国有资产投资控股有限公司,5,AA
175369,20象屿Y5,厦门象屿股份有限公司,nan,AAA
175371,20建材Y5,中国建材股份有限公司,nan,AAA
175372,20建材Y6,中国建材股份有限公司,nan,AAA
175373,20邮政Y4,中国邮政集团有限公司,nan,AAA
175374,20邮政Y5,中国邮政集团有限公司,nan,AAA
175375,20云投G7,云南省投资控股集团有限公司,3,AAA
175376,20皖高01,安徽省高新技术产业投资有限公司,2,AAA
175377,20二局Y2,中交第二公路工程局有限公司,nan,AAA
175378,20二局Y3,中交第二公路工程局有限公司,nan,AAA
175379,20建集Y9,厦门建发集团有限公司,nan,AAA
175381,20冀通01,河北建投交通投资有限责任公司,5,AAA
175382,20冀通02,河北建投交通投资有限责任公司,10,AAA
175383,20晋电Y1,山西国际电力集团有限公司,nan,AAA
175384,20闽能Y2,福建省能源集团有限责任公司,nan,AAA
175386,20台州01,台州市国有资本运营集团有限公司,5,AAA
175387,H20鑫苑1,鑫苑(中国)置业有限公司,7,AA
175389,20大唐Y5,中国大唐集团有限公司,nan,AAA
175393,20合景08,广州合景控股集团有限公司,5,AAA
175396,20环球07,中国环球租赁有限公司,5,AAA
175397,20国丰Y1,烟台国丰投资控股集团有限公司,nan,AAA
175398,20晋旅Y2,山西省文化旅游投资控股集团有限公司,nan,AAA
175399,20住总Y1,北京住总集团有限责任公司,nan,AAA
175401,20华发04,珠海华发实业股份有限公司,5,AAA
175402,20华发05,珠海华发实业股份有限公司,5,AAA
175404,20航控Y1,中航工业产融控股股份有限公司,nan,AAA
175405,20航控Y2,中航工业产融控股股份有限公司,nan,AAA
175406,20国创01,苏州国发创业投资控股有限公司,5,AAA
175407,20延长Y5,陕西延长石油(集团)有限责任公司,nan,AAA
175408,20延长Y6,陕西延长石油(集团)有限责任公司,nan,AAA
175415,20杭实G2,杭州市实业投资集团有限公司,3,AAA
175416,20华证02,华宝证券股份有限公司,3,AAA
175418,G20水利1,贵州省水利投资(集团)有限责任公司,5,AAA
175420,20鲁高Y2,山东高速集团有限公司,nan,AAA
175421,20渝开03,重庆科学城城市建设集团有限公司,5,AA+
175423,20杭金01,杭州市金融投资集团有限公司,5,AAA
175425,20核电Y5,中国核能电力股份有限公司,nan,AAA
175426,20世控02,上海地产投资有限公司,5,AAA
175427,20远东10,远东国际融资租赁有限公司,2,AAA
175428,20远东11,远东国际融资租赁有限公司,4,AAA
175429,20扬州02,扬州市城建国有资产控股(集团)有限责任公司,3,AAA
175430,20栖建01,南京栖霞建设股份有限公司,5,AA+
175432,20电力Y2,国投电力控股股份有限公司,nan,AAA
175433,20腾越02,腾越建筑科技集团有限公司,4,AAA
175436,20联泰01,广东省联泰集团有限公司,5,AA+
175439,20首股Y1,北京首创生态环保集团股份有限公司,nan,AAA
175440,20中电Y1,中国电子信息产业集团有限公司,nan,AAA
175441,21湖州01,湖州市城市投资发展集团有限公司,5,AAA
175444,20亦庄02,北京亦庄国际投资发展有限公司,3,AAA
175445,20亦庄03,北京亦庄国际投资发展有限公司,5,AAA
175446,20金辉03,金辉集团股份有限公司,4,AA+
175447,20花样02,花样年集团(中国)有限公司,3,AA+
175448,20工业Y1,中铁高新工业股份有限公司,nan,AAA
175450,20交投Y4,中交投资有限公司,nan,AAA
175451,20交投Y5,中交投资有限公司,nan,AAA
175452,20中航Y5,中国航空技术国际控股有限公司,nan,AAA
175453,20中航Y6,中国航空技术国际控股有限公司,nan,AAA
175454,20赣融Y1,江西省金融控股集团有限公司,nan,AAA
175458,20柳建05,广西柳州市建设投资开发有限责任公司,5,AA+
175459,20红星05,红星美凯龙控股集团有限公司,3,AAA
175461,20浦土04,上海浦东土地控股(集团)有限公司,5,AAA
175462,20国君G6,国泰君安证券股份有限公司,2,AAA
175463,20国君G7,国泰君安证券股份有限公司,3,AAA
175464,20科工Y2,中建科工集团有限公司,nan,AA+
175466,20华金01,华金证券股份有限公司,3,AAA
175467,20中财G5,中国中金财富证券有限公司,5,AAA
175470,20中化Y9,中国中化股份有限公司,nan,AAA
175472,20星发03,长沙县星城发展集团有限公司,5,AA+
175473,20华泰G7,华泰证券股份有限公司,3,AAA
175474,20即投01,青岛市即墨区城市旅游开发投资有限公司,5,AA+
175477,20蓉高03,成都高新投资集团有限公司,10,AAA
175478,20黔高03,贵州高速公路集团有限公司,3,AAA
175479,20华安G2,华安证券股份有限公司,3,AAA
175481,20名城债,上海大名城企业股份有限公司,3,AA+
175482,20银河G3,中国银河证券股份有限公司,2,AAA
175484,20赣速03,江西省交通投资集团有限责任公司,5,AAA
175485,20DTFDY1,大唐国际发电股份有限公司,nan,AAA
175488,20兴泰Y1,安徽省兴泰融资担保集团股份有限公司,nan,AAA
175489,20中公Y3,中交一公局集团有限公司,nan,AAA
175490,20中公Y4,中交一公局集团有限公司,nan,AAA
175491,20华租01,华电融资租赁有限公司,3,AAA
175492,20深钜05,深圳市钜盛华股份有限公司,5,AA+
175493,20航控Y3,中航工业产融控股股份有限公司,nan,AAA
175494,20航控Y4,中航工业产融控股股份有限公司,nan,AAA
175496,20万达04,大连万达商业管理集团股份有限公司,4,AAA
175501,20航租Y1,中航国际融资租赁有限公司,nan,AAA
175503,G20杭水1,杭州市水务集团有限公司,5,AAA
175505,20方圆01,广州市方圆房地产发展有限公司,4,AA
175507,20洪政02,南昌市政公用集团有限公司,5,AAA
175508,20建Y11,厦门建发集团有限公司,nan,AAA
175509,20奉交01,上海奉贤交通能源(集团)有限公司,5,AA+
175510,20唐租Y2,大唐融资租赁有限公司,nan,AAA
175514,20鲁金Y1,山东黄金矿业股份有限公司,nan,AAA
175519,20华综Y4,珠海华发综合发展有限公司,nan,AAA
175520,20国君G8,国泰君安证券股份有限公司,1,AAA
175521,20国君G9,国泰君安证券股份有限公司,3,AAA
175522,20延长Y7,陕西延长石油(集团)有限责任公司,nan,AAA
175523,20延长Y8,陕西延长石油(集团)有限责任公司,nan,AAA
175524,21绿地01,绿地控股集团有限公司,3,AAA
175525,21绿地02,绿地控股集团有限公司,3,AAA
175526,20神木01,神木市国有资本投资运营集团有限公司,5,AA+
175527,20柳发02,柳州市城市投资建设发展有限公司,5,AA+
175528,20唐租Y4,大唐融资租赁有限公司,nan,AAA
175530,20明诚04,武汉明诚文化体育集团股份有限公司,5,AA+
175531,20柳控04,广西柳州市投资控股集团有限公司,5,AA+
175532,20京投04,北京市基础设施投资有限公司,3,AAA
175534,20华泰G8,华泰证券股份有限公司,2,AAA
175535,20华泰G9,华泰证券股份有限公司,3,AAA
175536,20中咨Y1,中国公路工程咨询集团有限公司,nan,AAA
175537,20义乌07,义乌市国有资本运营有限公司,3,AA+
175538,20江建01,南京江宁城市建设集团有限公司,5,AAA
175539,20甘投Y1,甘肃省公路航空旅游投资集团有限公司,nan,AAA
175542,20泸投01,泸州市高新投资集团有限公司,5,AAA
175543,中交20Y3,中国交通建设集团有限公司,nan,AAA
175544,中交20Y4,中国交通建设集团有限公司,nan,AAA
175545,20中财G6,中国中金财富证券有限公司,5,AAA
175546,H20杉杉1,杉杉集团有限公司,5,AA+
175547,20铁建Y3,中国铁建股份有限公司,nan,AAA
175549,20天盈03,武汉天盈投资集团有限公司,5,AA+
175550,20常高G1,常高新集团有限公司,3,AAA
175551,20特房01,厦门经济特区房地产开发集团有限公司,2,AA+
175553,G龙源Y5,龙源电力集团股份有限公司,nan,AAA
175554,20首股Y2,北京首创生态环保集团股份有限公司,nan,AAA
175555,20漳九Y3,漳州市九龙江集团有限公司,nan,AAA
175557,20华电Y5,中国华电集团有限公司,nan,AAA
175558,20湖交02,湖州市交通投资集团有限公司,5,AAA
175559,20铁一Y1,中铁一局集团有限公司,nan,AAA
175561,20化学Y1,中国化学工程集团有限公司,nan,AAA
175566,20鲁金Y2,山东黄金矿业股份有限公司,nan,AAA
175567,20昌投G2,昌吉州国有资产投资经营集团有限公司,5,AA+
175568,20平证08,平安证券股份有限公司,1.52,AAA
175572,20铁京Y1,中铁北京工程局集团有限公司,nan,AAA
175573,20路桥02,厦门路桥建设集团有限公司,3,AAA
175576,20深钜06,深圳市钜盛华股份有限公司,5,AA+
175577,21深钜01,深圳市钜盛华股份有限公司,5,AA+
175578,20航控Y5,中航工业产融控股股份有限公司,nan,AAA
175579,20航控Y6,中航工业产融控股股份有限公司,nan,AAA
175580,20铁二Y1,中铁二局集团有限公司,nan,AAA
175581,20上航Y1,中交上海航道局有限公司,nan,AAA
175582,20上航Y2,中交上海航道局有限公司,nan,AAA
175583,20光证G6,光大证券股份有限公司,1.02,AAA
175584,20光证G7,光大证券股份有限公司,3,AAA
175587,20红星07,红星美凯龙控股集团有限公司,5,AAA
175588,20铁沪Y1,中铁上海工程局集团有限公司,nan,AAA
175589,20唐租G1,大唐融资租赁有限公司,2,AAA
175590,20青控Y1,青岛城投城金控股集团有限公司,nan,AAA
175592,20一航Y2,中交第一航务工程局有限公司,nan,AAA
175594,21航租Y1,中航国际融资租赁有限公司,nan,AAA
175595,20济轨Y2,济南轨道交通集团有限公司,nan,AAA
175596,20疏浚Y1,中交疏浚(集团)股份有限公司,nan,AAA
175597,21象金01,厦门象屿金象控股集团有限公司,3,AAA
175598,20鲁能02,鲁能集团有限公司,5,AAA
175599,21国丰01,烟台国丰投资控股集团有限公司,5,AAA
175600,20伟驰02,伟驰控股集团有限公司,5,AA+
175601,甬交投01,宁波交通投资集团有限公司,5,AAA
175602,甬交投02,宁波交通投资集团有限公司,10,AAA
175603,21常高G1,常高新集团有限公司,5,AAA
175604,21珠投01,广东珠江投资股份有限公司,5,AA+
175605,21漳九01,漳州市九龙江集团有限公司,5,AAA
175606,21腾越01,腾越建筑科技集团有限公司,4,AAA
175607,21发展01,山东发展投资控股集团有限公司,5,AAA
175608,21延长Y1,陕西延长石油(集团)有限责任公司,nan,AAA
175609,21延长Y2,陕西延长石油(集团)有限责任公司,nan,AAA
175610,21鲁信01,山东省鲁信投资控股集团有限公司,5,AAA
175611,21龙湖01,重庆龙湖企业拓展有限公司,5,AAA
175612,21龙湖02,重庆龙湖企业拓展有限公司,7,AAA
175613,21宝龙01,上海宝龙实业发展(集团)有限公司,7,AA+
175614,21广越01,广州越秀集团股份有限公司,5,AAA
175615,21广越02,广州越秀集团股份有限公司,7,AAA
175616,21鑫苑01,鑫苑(中国)置业有限公司,5,AA
175618,21红狮01,红狮控股集团有限公司,3,AAA
175619,21红狮02,红狮控股集团有限公司,3,AAA
175620,21渝股01,重庆渝东高速公路有限公司,5,AAA
175621,21义创01,义乌市国有资本运营有限公司,3,AA+
175623,21安租01,平安国际融资租赁有限公司,4,AAA
175624,21安租02,平安国际融资租赁有限公司,5,AAA
175625,21航集01,中国南方航空集团有限公司,3,AAA
175626,21绿城01,绿城房地产集团有限公司,5,AAA
175628,21锡公01,无锡市市政公用产业集团有限公司,5,AAA
175629,21财金01,山东省财金投资集团有限公司,5,AAA
175631,21光证G1,光大证券股份有限公司,3,AAA
175632,21海晟01,江苏海晟控股集团有限公司,3,AA+
175633,21远东S1,远东国际融资租赁有限公司,1,A-1
175634,21远东二,远东国际融资租赁有限公司,4,AAA
175635,21兴泸01,泸州市兴泸投资集团有限公司,5,AA+
175636,21东吴01,东吴证券股份有限公司,3,AAA
175637,21招证G1,招商证券股份有限公司,2,AAA
175638,21招证G2,招商证券股份有限公司,3,AAA
175639,21建元01,苏州新建元控股集团有限公司,5,AAA
175642,21航集02,中国南方航空集团有限公司,3,AAA
175643,21鲁信Y1,山东省鲁信投资控股集团有限公司,nan,AAA
175644,21诸资01,诸暨市国有资产经营有限公司,3,AA+
175645,21天风01,天风证券股份有限公司,3,AAA
175646,21蓉高01,成都高新投资集团有限公司,10,AAA
175647,21华鑫01,华鑫证券有限责任公司,2,AA+
175648,21华泰G1,华泰证券股份有限公司,3,AAA
175650,21越交01,越秀交通基建有限公司,5,AAA
175651,21舟城01,舟山海城建设投资集团有限公司,5,AA+
175652,21银河G1,中国银河证券股份有限公司,2,AAA
175653,21银河G2,中国银河证券股份有限公司,3,AAA
175654,21张江一,上海张江(集团)有限公司,5,AAA
175655,21阳安01,华创云信数字技术股份有限公司,4,AA+
175656,21株国01,株洲市国有资产投资控股集团有限公司,5,AA+
175657,21济城G1,济南城市投资集团有限公司,5,AAA
175658,21航租01,中航国际融资租赁有限公司,3,AAA
175660,S21广扶2,广州越秀集团股份有限公司,7,AAA
175662,21融德G2,华融融德资产管理有限公司,3,AAA
175663,21兴业01,兴业证券股份有限公司,2,AAA
175664,21信地01,信达地产股份有限公司,5,AA+
175665,21信地02,信达地产股份有限公司,5,AA+
175666,21渝开01,重庆科学城城市建设集团有限公司,5,AA+
175667,21中证01,中信证券股份有限公司,1.03,AAA
175668,21中证02,中信证券股份有限公司,3,AAA
175669,21中证03,中信证券股份有限公司,10,AAA
175670,21远资01,远洋资本有限公司,3,AA+
175671,21融强01,大连融强投资有限公司,5,AA
175672,21锡公Y1,无锡市市政公用产业集团有限公司,nan,AAA
175673,21GLP01,普洛斯中国控股有限公司,3,AAA
175675,21中泰01,中泰证券股份有限公司,3,AAA
175676,21中铁01,中国铁建房地产集团有限公司,5,AAA
175677,21镇投G1,镇江国有投资控股集团有限公司,5,AA+
175679,21大华01,大华(集团)有限公司,7,AA+
175681,21栖建01,南京栖霞建设股份有限公司,5,AA+
175685,21牡丹01,黑牡丹(集团)股份有限公司,3,AA+
175686,21HBST01,湖北省科技投资集团有限公司,10,AAA
175687,21广晟Y1,广东省广晟控股集团有限公司,nan,AAA
175688,21赣交01,江西省交通投资集团有限责任公司,5,AAA
175689,21建租01,中建投租赁股份有限公司,3,AAA
175690,21东债01,东方证券股份有限公司,3,AAA
175691,21桂投01,广西投资集团有限公司,5,AAA
175693,21美置01,美的置业集团有限公司,4,AAA
175694,21美置02,美的置业集团有限公司,5,AAA
175695,21津投01,天津城市基础设施建设投资集团有限公司,3,AAA
175696,21狮桥01,狮桥融资租赁(中国)有限公司,2,AA+
175697,21世控01,上海地产投资有限公司,5,AAA
175698,21交投G1,中交投资有限公司,3,AAA
175699,21苏科01,江苏省溧阳高新区控股集团有限公司,5,AA+
175700,21唐租01,大唐融资租赁有限公司,3,AAA
175702,21中化Y1,中国中化股份有限公司,nan,AAA
175703,21中化Y2,中国中化股份有限公司,nan,AAA
175704,21济建G1,济南城市建设集团有限公司,5,AAA
175706,21宁沪G1,江苏宁沪高速公路股份有限公司,5,AAA
175707,21鲁高01,山东高速集团有限公司,3,AAA
175708,21复药01,上海复星医药(集团)股份有限公司,4,AAA
175710,21长交01,长兴交通投资集团有限公司,5,AA+
175712,21渝高01,重庆高速公路集团有限公司,3,AAA
175713,21启东G1,启东城投集团有限公司,5,AA+
175714,21环球01,中国环球租赁有限公司,2,AAA
175715,21招证G3,招商证券股份有限公司,3,AAA
175716,21住总01,北京住总集团有限责任公司,5,AAA
175717,21珠投02,广东珠江投资股份有限公司,5,AA+
175718,21柳发01,柳州市城市投资建设发展有限公司,5,AA+
175719,21藏建01,西藏建工建材集团有限公司,5,AA+
175722,21漳九Y1,漳州市九龙江集团有限公司,nan,AAA
175723,21华远01,华远地产股份有限公司,3,AAA
175724,21洪政01,南昌市政公用集团有限公司,3,AAA
175725,21洪政02,南昌市政公用集团有限公司,5,AAA
175726,21保利01,保利发展控股集团股份有限公司,5,AAA
175727,21保利02,保利发展控股集团股份有限公司,7,AAA
175728,21金高01,广东南海产业集团有限公司,5,AA+
175729,21国药01,国药控股股份有限公司,3,AAA
175730,21银河G3,中国银河证券股份有限公司,2,AAA
175731,21银河G4,中国银河证券股份有限公司,3,AAA
175732,21财信01,湖南财信投资控股有限责任公司,5,AAA
175733,21中铁02,中国铁建房地产集团有限公司,5,AAA
175734,21常新G1,常州东方新城建设集团有限公司,5,AA+
175735,21新师01,新疆生产建设兵团第十二师国有资产投资发展集团有限公司,5,AA+
175736,21中原01,中原证券股份有限公司,3,AAA
175737,21恒信Y1,海通恒信国际融资租赁股份有限公司,nan,AAA
175738,21恒信Y2,海通恒信国际融资租赁股份有限公司,nan,AAA
175739,21大宁Y1,上海大宁资产经营(集团)有限公司,nan,AA+
175740,21沪国01,上海国有资产经营有限公司,5,AAA
175741,21海通02,海通证券股份有限公司,3,AAA
175743,21融信01,融信(福建)投资集团有限公司,6.73,AAA
175745,21凤祥01,新凤祥控股集团有限责任公司,3,AA
175746,21新湖01,衢州信安发展股份有限公司,4,AAA
175751,21申能01,申能(集团)有限公司,3,AAA
175752,21红星01,红星美凯龙控股集团有限公司,3,AAA
175754,21浦房01,上海市浦东新区房地产(集团)有限公司,5,AAA
175756,21锡交Y1,无锡市交通产业集团有限公司,nan,AAA
175762,21旭辉01,旭辉集团股份有限公司,6,AAA
175763,21龙盛01,浙江龙盛集团股份有限公司,2,AAA
175765,21中证04,中信证券股份有限公司,3,AAA
175766,21中证05,中信证券股份有限公司,10,AAA
175767,21象屿G1,厦门象屿集团有限公司,3,AAA
175769,21远东三,远东国际融资租赁有限公司,4,AAA
175770,21远东四,远东国际融资租赁有限公司,5,AAA
175771,21复星02,上海复星高科技(集团)有限公司,4,AAA
175772,PR银桥01,昆山银桥控股集团有限公司,5,AA+
175773,21金地01,金地(集团)股份有限公司,5,AAA
175775,21GLP03,普洛斯中国控股有限公司,3,AAA
175777,21广越03,广州越秀集团股份有限公司,5,AAA
175781,21中化G1,中化国际控股股份有限公司,5,AAA
175782,GC电投01,国家电力投资集团有限公司,2,AAA
175783,GC天成01,华能天成融资租赁有限公司,2,AAA
175784,21建租02,中建投租赁股份有限公司,3,AAA
175785,21中关01,中关村发展集团股份有限公司,3,AAA
175786,21常新G2,常州东方新城建设集团有限公司,5,AA+
175787,GC华能01,中国华能集团有限公司,2,AAA
175789,GC国能01,国家能源投资集团有限责任公司,3,AAA
175790,21首开01,北京首都开发控股(集团)有限公司,5,AAA
175791,GC京投01,北京市基础设施投资有限公司,3,AAA
175792,21华安G1,华安证券股份有限公司,3,AAA
175793,GC钢联01,内蒙古包钢钢联股份有限公司,5,AAA
175794,21黔铁01,贵州铁路投资集团有限责任公司,5,AAA
175795,21海控Y1,青岛西海岸新区海洋控股集团有限公司,nan,AAA
175797,GC三峡01,中国长江三峡集团有限公司,3,AAA
175798,21晶电01,晶科电力科技股份有限公司,2,AA+
175799,21唐租Y1,大唐融资租赁有限公司,nan,AAA
175800,21公用01,上海大众公用事业(集团)股份有限公司,3,AAA
175801,GC华电01,中国华电集团有限公司,3,AAA
175802,21东航01,中国东方航空股份有限公司,10,AAA
175803,21东航02,中国东方航空股份有限公司,6,AAA
175804,21沪资01,上海国际集团资产管理有限公司,3,AAA
175805,G21新Y1,新天绿色能源股份有限公司,nan,AAA
175807,GC华电02,中国华电集团有限公司,2,AAA
175808,21住总Y1,北京住总集团有限责任公司,nan,AAA
175809,21温交01,温州市交通发展集团有限公司,7,AA+
175811,21唐租Y2,大唐融资租赁有限公司,nan,AAA
175812,21宁港01,宁波舟山港股份有限公司,5,AAA
175814,21航租03,中航国际融资租赁有限公司,4,AAA
175815,21天风02,天风证券股份有限公司,2,AAA
175817,21国联01,国联证券股份有限公司,3,AAA
175818,21延长01,陕西延长石油(集团)有限责任公司,3,AAA
175819,21延长02,陕西延长石油(集团)有限责任公司,5,AAA
175820,21首置01,首创置业有限公司,5,AAA
175822,21洋河01,江苏洋河集团有限公司,3,AAA
175823,21兰石01,兰州兰石集团有限公司,5,AAA
175825,21鲁金01,山东省金融资产管理股份有限公司,3,AAA
175826,21伟驰01,伟驰控股集团有限公司,5,AA+
175827,21筑城01,贵阳市城市建设投资集团有限公司,5,AA+
175828,21科创K1,上海科技创业投资(集团)有限公司,3,AAA
175829,21国新01,中国国新控股有限责任公司,3,AAA
175830,21诚通K1,中国诚通控股集团有限公司,5,AAA
175832,21唐控01,唐山控股发展集团股份有限公司,5,AA+
175834,21元禾K1,苏州元禾控股股份有限公司,2,AAA
175835,21蓉高K1,成都高新投资集团有限公司,5,AAA
175836,21西高科,西安高科集团有限公司,5,AA+
175837,21珠投03,广东珠江投资股份有限公司,5,AA+
175838,21通城01,南通城市建设集团有限公司,3,AAA
175839,21厦资01,厦门资产管理有限公司,3,AA+
175840,21南网01,中国南方电网有限责任公司,3,AAA
175841,21济城G2,济南城市投资集团有限公司,5,AAA
175842,GC凯盛01,凯盛科技集团有限公司,3,AA+
175843,21吴开01,苏州市吴江经济技术开发区发展集团有限公司,5,AA+
175844,21恒信G1,海通恒信国际融资租赁股份有限公司,4,AAA
175845,21SIIC01,上海实业环境控股有限公司,5,AAA
175846,21天易02,湖南天易集团有限公司,3,AAA
175848,21特房01,厦门经济特区房地产开发集团有限公司,3,AA+
175850,21住宅01,厦门安居控股集团有限公司,3,AA+
175852,21交投G2,中交投资有限公司,3,AAA
175854,21川电03,四川省水电投资经营集团有限公司,5,AA+
175855,21漳九02,漳州市九龙江集团有限公司,5,AAA
175856,21中金G1,中国国际金融股份有限公司,5,AAA
175857,21中金G2,中国国际金融股份有限公司,10,AAA
175858,21保利03,保利发展控股集团股份有限公司,5,AAA
175859,21保利04,保利发展控股集团股份有限公司,7,AAA
175860,21英大01,国网英大国际控股集团有限公司,3,AAA
175861,甬交投03,宁波交通投资控股有限公司,2,AAA
175862,21长集01,浙江长兴创新投资集团有限公司,5,AA+
175863,21翔业01,厦门翔业集团有限公司,3,AAA
175864,21国丰Y1,烟台国丰投资控股集团有限公司,nan,AAA
175865,21国丰Y2,烟台国丰投资控股集团有限公司,nan,AAA
175866,21抚州02,抚州市市属国有资产投资控股集团有限公司,5,AA+
175869,21弘辉01,常州弘辉控股集团有限公司,5,AAA
175870,21弘辉02,常州弘辉控股集团有限公司,5,AAA
175871,21中证06,中信证券股份有限公司,10,AAA
175872,21出版01,安徽出版集团有限责任公司,5,AA+
175873,21星发01,长沙县星城发展集团有限公司,5,AA+
175875,21湖州02,湖州市城市投资发展集团有限公司,5,AAA
175876,21渝隆01,重庆渝隆资产经营(集团)有限公司,5,AA+
175877,21智光G1,泰兴市智光环保科技有限公司,3,AA+
175878,21建发Y1,厦门建发股份有限公司,nan,AAA
175880,21甬投01,宁波开发投资集团有限公司,3,AAA
175881,21中希01,中国希格玛有限公司,2,AA
175882,21实业01,新疆广汇实业投资(集团)有限责任公司,3,AA+
175883,GC天成02,华能天成融资租赁有限公司,3,AAA
175884,21武金01,武汉金融控股(集团)有限公司,6,AAA
175885,21象屿02,厦门象屿股份有限公司,3,AAA
175886,21长发01,长沙城市发展集团有限公司,10,AAA
175887,21长发02,长沙城市发展集团有限公司,5,AAA
175888,21信地03,信达地产股份有限公司,5,AA+
175889,21信地04,信达地产股份有限公司,5,AA+
175890,21延长03,陕西延长石油(集团)有限责任公司,3,AAA
175892,21诚通01,中国诚通控股集团有限公司,5,AAA
175894,21信达01,信达证券股份有限公司,3,AAA
175895,21世控02,上海地产投资有限公司,5,AAA
175896,21鲁高Y1,山东高速集团有限公司,nan,AAA
175898,21君创债,君创国际融资租赁有限公司,3,AAA
175899,21轻盐01,湖南盐业集团有限公司,5,AA+
175900,21远发01,中远海运发展股份有限公司,5,AAA
175901,21安租Y1,平安国际融资租赁有限公司,nan,AAA
175903,21绿城03,绿城房地产集团有限公司,5,AAA
175905,21中金G3,中国国际金融股份有限公司,5,AAA
175906,21中金G4,中国国际金融股份有限公司,10,AAA
175907,21首置03,首创置业有限公司,5,AAA
175909,21GLP05,普洛斯中国控股有限公司,3,AAA
175911,21镇投G2,镇江国有投资控股集团有限公司,5,AA+
175913,21唐新Y2,中国大唐集团新能源股份有限公司,nan,AAA
175914,21东方01,浙江东方金融控股集团股份有限公司,3,AAA
175915,21中财G1,中国中金财富证券有限公司,3,AAA
175916,21中财G2,中国中金财富证券有限公司,5,AAA
175917,21大宁01,上海大宁资产经营(集团)有限公司,7,AA+
175918,21甬城01,宁波城建投资集团有限公司,5,AAA
175919,21能投01,云南省能源投资集团有限公司,3,AAA
175920,21苏新01,苏州新区高新技术产业股份有限公司,5,AAA
175921,21宁开控,宁波经济技术开发区控股有限公司,5,AA+
175922,21汽车01,广汇汽车服务集团股份公司,3,AA+
175923,21浦土01,上海浦东土地控股(集团)有限公司,5,AAA
175924,21龙川G1,扬州龙川控股集团有限责任公司,5,AA+
175926,21深钜02,深圳市钜盛华股份有限公司,5,AA+
175927,21珠投04,广东珠江投资股份有限公司,5,AA+
175928,21安租03,平安国际融资租赁有限公司,4,AAA
175930,21焦煤01,山西焦煤集团有限责任公司,3,AAA
175931,21人居债,成都兴城人居地产投资集团股份有限公司,5,AAA
175932,21唐租03,大唐融资租赁有限公司,3,AAA
175933,21华远02,华远地产股份有限公司,3,AAA
175934,21番雅01,广州番禺雅居乐房地产开发有限公司,3,AAA
175935,GC机场01,首都机场集团有限公司,2,AAA
175936,21大丰01,江苏盐城港大丰港开发集团有限公司,3,AA+
175937,21乌房01,乌鲁木齐房地产开发(集团)有限公司,5,AA+
175938,21奉通01,上海奉贤交通能源(集团)有限公司,5,AA+
175939,21临债01,上海临港控股股份有限公司,4,AAA
175940,21临债02,上海临港控股股份有限公司,5,AAA
175941,21吉盐01,中盐吉兰泰盐化集团有限公司,5,AAA
175943,21京投Y1,北京市基础设施投资有限公司,nan,AAA
175944,21交房01,中交房地产集团有限公司,5,AAA
175945,21金地03,金地(集团)股份有限公司,5,AAA
175946,21金地04,金地(集团)股份有限公司,5,AAA
175947,21复地01,复地(集团)股份有限公司,3,AAA
175948,21南方01,南方水泥有限公司,3,AAA
175949,21南方02,南方水泥有限公司,5,AAA
175950,21凤凰01,江苏凤凰出版传媒集团有限公司,3,AAA
175951,GC雅砻01,雅砻江流域水电开发有限公司,3,AAA
175952,21舟交01,舟山交通投资集团有限公司,5,AA+
175953,21诚通03,中国诚通控股集团有限公司,5,AAA
175954,21诚通04,中国诚通控股集团有限公司,7,AAA
175957,21龙盛03,浙江龙盛集团股份有限公司,2,AAA
175958,21恒健01,广东恒健投资控股有限公司,3,AAA
175959,21恒健02,广东恒健投资控股有限公司,5,AAA
175960,21首农Y1,北京首农食品集团有限公司,nan,AAA
175961,21国联G1,无锡市国联发展(集团)有限公司,3,AAA
175962,21中化Y3,中国中化股份有限公司,nan,AAA
175963,21中化Y4,中国中化股份有限公司,nan,AAA
175964,21葛洲Y1,中国葛洲坝集团股份有限公司,nan,AAA
175965,21国投01,国家开发投资集团有限公司,3,AAA
175966,21国投02,国家开发投资集团有限公司,10,AAA
175967,21厦贸Y1,厦门国贸集团股份有限公司,nan,AAA
175969,21新师02,新疆生产建设兵团第十二师国有资产投资发展集团有限公司,5,AA+
175970,21建集Y1,厦门建发集团有限公司,nan,AAA
175971,21兴业02,兴业证券股份有限公司,2,AAA
175972,21中证07,中信证券股份有限公司,10,AAA
175973,21新钢01,新余钢铁集团有限公司,3,AA+
175974,21恒健K1,广东恒健投资控股有限公司,3,AAA
175975,21海通03,海通证券股份有限公司,3,AAA
175979,G21深高1,深圳高速公路集团股份有限公司,5,AAA
175980,甬交投04,宁波交通投资集团有限公司,5,AAA
175981,甬交投05,宁波交通投资集团有限公司,10,AAA
175982,21鲁高02,山东高速集团有限公司,10,AAA
175983,21皖投02,安徽省投资集团控股有限公司,3,AAA
175984,21国科01,中国科学院控股有限公司,5,AAA
175985,21国投电,国投电力控股股份有限公司,5,AAA
175986,21财金02,山东省财金投资集团有限公司,5,AAA
175987,21国君G1,国泰君安证券股份有限公司,3,AAA
175988,21国君G2,国泰海通证券股份有限公司,5,AAA
175989,21皖新01,安徽新华发行(集团)控股有限公司,5,AA+
175991,国电投02,国家电力投资集团有限公司,2,AAA
175992,21财信02,湖南财信投资控股有限责任公司,5,AAA
175995,21宝龙02,上海宝龙实业发展(集团)有限公司,7,AA+
175996,21赣交02,江西省交通投资集团有限责任公司,5,AAA
175997,21苏交01,江苏交通控股有限公司,3,AAA
175998,21龙投01,龙岩投资发展集团有限公司,3,nan
175999,21蓉高02,成都高新投资集团有限公司,10,AAA
184001,21宜高投,宜昌高新投资开发有限公司,5,AA+
184002,21龙山债,龙山县城市建设投资开发集团有限公司,7,AAA
184003,21同安01,同安控股有限责任公司,7,AA+
184004,21空港债,成都空港兴城投资集团有限公司,7,AA+
184005,21建安01,建安投资控股集团有限公司,10,AA+
184006,21蓝海01,威海市文登区蓝海投资开发有限公司,7,AAA
184007,21新城02,新昌县城市建设投资集团有限公司,7,AA+
184008,21新专02,新余市城市建设投资开发有限公司,7,AA
184009,21安经01,安庆经济技术开发区建设投资集团有限公司,7,AA+
184010,21冶城02,湖北荆楚投资发展有限公司,7,AA+
184011,21黄岩01,台州市黄岩国有资本投资运营集团有限公司,7,AA+
184012,21天轨01,天津轨道交通集团有限公司,3,AAA
184013,21鄂交Y2,湖北交通投资集团有限公司,nan,AAA
184014,21瑞丽债,瑞丽仁隆投资开发有限责任公司,7,AA
184015,21东坡一,眉山市东坡发展投资有限公司,7,AAA
184016,21东坡二,眉山市东坡发展投资有限公司,7,AAA
184017,21随高01,随州现代产投实业控股集团有限公司,7,AA
184018,21新盛01,徐州市新盛投资控股集团有限公司,7,AAA
184019,21苏港01,江苏省港口集团有限公司,6,AAA
184020,21富湾04,杭州富春湾新城建设投资集团有限公司,7,AA+
184021,G21抚州2,抚州市市属国有资产投资控股集团有限公司,7,AA+
184022,G21长兴1,长兴城市建设投资集团有限公司,7,AA+
184023,G21长轨1,长春市轨道交通集团有限公司,10,AA+
184024,21许昌债,许昌市投资集团有限公司,4,AA+
184025,21龙港02,龙港市国有资本运营集团有限公司,7,AAA
184026,21瓯海01,浙江瓯海产业投资集团有限公司,7,AA+
184027,21德联01,德清联创科技新城建设有限公司,7,AAA
184028,21广益02,成都东方广益投资有限公司,7,AAA
184029,21广益03,成都东方广益投资有限公司,7,AA+
184030,21南充01,南充临江东方投资集团有限公司,7,AA
184031,21肥西02,肥西县城乡建设投资(集团)有限公司,7,AA+
184032,21国贸01,厦门国贸控股集团有限公司,5,AAA
184033,21彭国01,成都濛江投资集团有限公司,7,AAA
184034,21鄂交01,湖北交通投资集团有限公司,5,AAA
184035,21宜旅01,宜兴市城建文旅集团有限公司,7,AA+
184036,21尖山02,海宁市尖山新区开发有限公司,7,AA+
184037,G21龙债1,龙口市城乡建设投资发展有限公司,7,AA+
184038,21高投02,新昌县高新园区投资集团有限公司,7,AA+
184039,21乌城01,乌鲁木齐城市建设投资(集团)有限公司,10,AAA
184040,21光明一,光明食品(集团)有限公司,3,AAA
184041,G21扬化1,扬州新材料投资集团有限公司,7,AAA
184042,21江北02,南京江北新区产业投资集团有限公司,7,AAA
184043,21江北03,南京江北新区产业投资集团有限公司,7,AAA
184044,21枣投01,枣阳市城市建设投资经营有限公司,7,AAA
184045,21昆城02,昆山城市建设投资发展集团有限公司,7,AAA
184046,21开州02,濮阳开州投资集团有限公司,7,AAA
184047,21申太02,湖州申太建设发展有限公司,7,AA+
184048,21龙山02,龙山县城市建设投资开发集团有限公司,7,AAA
184049,21山能01,山东能源集团有限公司,3,AAA
184050,21山能02,山东能源集团有限公司,5,AAA
184052,21瑞安01,瑞安市国有资产投资集团有限公司,7,AA+
184053,21遂天01,遂宁市天泰实业有限责任公司,7,AAA
184054,21蓉产02,成都产业投资集团有限公司,5,AAA
184055,21苏元01,苏州元禾控股股份有限公司,5,AAA
184056,21赣城债,赣州城市开发投资集团有限责任公司,7,AA+
184057,21同安02,同安控股有限责任公司,7,AA+
184058,21醴高01,醴陵市高新技术产业发展集团有限公司,7,AAA
184059,21泰兴债,泰兴市成兴国有资产经营投资有限公司,4,AA+
184060,G21城建2,南通城市建设集团有限公司,7,AAA
184061,21湘速02,湖南省高速公路集团有限公司,5,AAA
184062,21长轨01,长沙市轨道交通集团有限公司,10,AAA
184063,21嘉科01,嘉兴科技城投资发展集团有限公司,7,AA+
184064,21湖城投,湖州市城市投资发展集团有限公司,7,AA+
184065,21周口02,周口市城建投资发展有限公司,5,AA+
184066,21天投02,成都天府新区投资集团有限公司,10,AAA
184067,21双桥01,重庆市双桥经济技术开发区开发投资集团有限公司,7,AAA
184068,21鄂科02,湖北省科技投资集团有限公司,10,AAA
184069,21蓝海02,威海市文登区蓝海投资开发有限公司,7,AAA
184070,21通资01,重庆市通达投资有限公司,7,AAA
184071,21钟瑞祥,湖北钟瑞祥产业投资集团有限公司,7,AAA
184072,21台州01,台州市国有资本运营集团有限公司,10,AAA
184073,21金华债,金华市城市建设投资集团有限公司,7,AA+
184074,21桐控债,桐庐县国有资本投资运营控股集团有限公司,7,AA
184075,21金湖03,金湖县国控城市建设发展集团有限公司,7,AA+
184076,21南雄02,南雄市国有资产投资有限责任公司,7,AAA
184077,21龙川债,扬州龙川控股集团有限责任公司,4,AA+
184078,21沪地02,上海地产(集团)有限公司,3,AAA
184079,21沪地03,上海地产(集团)有限公司,5,AAA
184080,21城乡债,济宁城乡振兴开发建设有限公司,7,AAA
184081,21云新债,云浮市云新投资控股有限公司,7,AAA
184082,21汉江03,汉江国有资本投资集团有限公司,7,AAA
184083,21申太03,湖州申太建设发展有限公司,7,AA+
184084,21滨建01,潍坊滨城建设集团有限公司,7,AA
184085,21砀山01,砀山县建设投资有限公司,7,AAA
184086,21宜宾02,宜宾发展控股集团有限公司,8,AAA
184087,21山能03,山东能源集团有限公司,3,AAA
184088,21山能04,山东能源集团有限公司,5,AAA
184089,G21新沂,新沂市城市投资发展集团有限公司,7,AAA
184090,21景陶债,景德镇陶文旅控股集团有限公司,7,AA+
184091,21首集02,北京首都创业集团有限公司,3,AAA
184092,G21富源,遂宁市富源实业有限公司,7,AA
184093,21平果债,广西平果市城市建设投资有限责任公司,7,AAA
184094,21两山01,重庆两山建设投资集团有限公司,7,AA+
184095,G21扬新2,扬州新材料投资集团有限公司,7,AA+
184096,21桂北02,广西北部湾投资集团有限公司,5,AAA
184097,21六安债,安徽六安新城建设投资有限公司,7,AAA
184098,G21西轨1,西安市轨道交通集团有限公司,5,AAA
184099,21金投债,成都市金牛国有资产投资经营集团有限公司,7,AA+
184100,21临经01,临沂经济开发区城市建设投资有限公司,7,AA
184101,21淄博05,淄博市城市资产运营集团有限公司,7,AAA
184102,21仙桃债,仙桃市城市建设投资开发有限公司,7,AAA
184103,21仁怀债,仁怀市城市开发建设投资经营有限责任公司,7,AA+
184104,21天轨02,天津轨道交通集团有限公司,3,AAA
184105,G21长金2,浙江长兴创新投资集团有限公司,7,AAA
184107,21厦居02,厦门安居集团有限公司,9,AAA
184108,21福能01,福建省能源集团有限责任公司,5,AAA
184109,21开泰01,如东县开泰城建投资有限公司,5,AAA
184110,21桃源02,桃源县城市建设投资开发有限公司,7,AAA
184112,21聚鑫02,十堰聚鑫国有资本投资运营集团有限公司,7,AAA
184113,21西海01,青岛西海岸新区海洋控股集团有限公司,10,AAA
184114,21云发01,株洲市云龙发展投资控股集团有限公司,7,AA+
184115,21两江04,重庆两江新区开发投资集团有限公司,3,AAA
184116,21闽资01,福建省国有资产管理有限公司,10,AA+
184117,21贵港债,广西贵港市城市投资发展集团有限公司,7,AA
184118,21祁投01,湖南祁阳经济开发区建设投资有限公司,7,AAA
184119,21丽城01,丽水市城市建设投资集团有限公司,7,AA+
184120,21嘉滨02,嘉兴滨海控股集团有限公司,7,AA+
184121,21伊川债,伊川财源实业投资有限责任公司,7,AAA
184123,21龙廷01,重庆市铜梁区龙廷城市开发建设有限公司,7,AAA
184124,G21宜控1,宜昌城市发展投资集团有限公司,15,AA+
184125,21宁国债,宁国市国有资产投资运营有限公司,5,AAA
184126,21攸停01,湖南省攸州投资发展集团有限公司,7,AA+
184127,21苏高投,江苏高科技投资集团有限公司,7,AAA
184128,21贵高01,贵州高科城市开发集团股份有限公司,7,AA
184129,21蓝海03,威海市文登区蓝海投资开发有限公司,7,AAA
184130,21日港01,山东港口日照港集团有限公司,5,AAA
184131,21温江债,成都温江兴蓉西城市运营集团有限公司,7,AA+
184132,21父城01,平顶山父城文化产业发展投资有限公司,7,AAA
184133,21株金02,株洲金城投资控股集团有限公司,7,AAA
184134,21东宝债,荆门市东宝区城乡建设投资有限公司,7,AAA
184135,21苏投债,苏州市相城国有资本投资有限公司,7,AA+
184136,21洪山01,武汉洪山城市建设投资有限公司,7,AA+
184137,21淄金01,淄博金财公有资产经营有限公司,7,AA+
184138,21天易08,湖南天易集团有限公司,7,AA+
184139,21吴中债,江苏省吴中经济技术发展集团有限公司,5,AA+
184140,21徐新债,徐州高新产业发展投资有限公司,7,AAA
184141,21灌江债,响水县灌江新城建设发展有限公司,7,AAA
184142,21桐庐01,桐庐新城发展投资有限公司,7,AA
184143,21闽高02,福建省高速公路集团有限公司,10,AAA
184144,21高邮G1,高邮市城市建设投资集团有限公司,7,AAA
184145,21鑫源债,当阳市鑫源投资开发有限责任公司,5,AAA
184146,21京保01,北京保障房中心有限公司,20,AAA
184147,21黔交投,黔东南州交通旅游建设投资(集团)有限责任公司,7,AA
184148,21汇微01,龙岩文旅汇金发展集团有限公司,5,AA+
184149,21曲水01,江苏曲水园城镇化建设投资有限公司,7,AA+
184150,21鑫达01,桃源县鑫达交通建设有限责任公司,7,AAA
184151,21昌控02,南昌市产业投资集团有限公司,7,AAA
184152,21阳新02,阳新县城镇建设投资开发有限公司,7,AAA
184153,G21粤环1,广东省环保集团有限公司,7,AAA
184154,21株国债,株洲市国有资产投资控股集团有限公司,7,AA+
184155,21张家界,张家界市经济发展投资集团有限公司,7,AA
184156,21桂交03,广西交通投资集团有限公司,5,AAA
184157,21扬庆02,扬州庆和瑞投资建设有限公司,7,AAA
184158,21兴城债,成都空港兴城投资集团有限公司,7,AA+
184159,21开达01,遂宁开达投资有限公司,7,AA
184160,21延新投,延安市新区投资开发建设有限公司,7,AAA
184161,21秦投01,四川秦巴新城投资集团有限公司,7,AA
184163,21咸高微,咸宁高新投资集团有限公司,4,AAA
184164,21惠通04,重庆市永川区惠通建设发展有限公司,7,AA+
184165,G21达资,达州市高新科创有限公司,7,AA+
184166,21西高02,西安高新控股有限公司,7,AAA
184167,21武投02,武汉市城市建设投资开发集团有限公司,15,AAA
184168,21诸投01,诸城市龙城建设投资集团有限公司,7,AAA
184169,21诸投02,诸城市龙城建设投资集团有限公司,7,AAA
184170,21皖交02,安徽省交通控股集团有限公司,5,AAA
184171,21利民债,安徽利民投资控股(集团)有限公司,7,AAA
184172,21锦城债,成都锦城光华投资集团有限公司,7,AAA
184173,21江经债,南京江宁经济技术开发集团有限公司,5,AAA
184174,21宜宾03,宜宾发展控股集团有限公司,8,AAA
184175,21浏城03,浏阳市城市建设集团有限公司,7,AA+
184176,21杭运01,杭州市运河综合保护开发建设集团有限责任公司,7,AA+
184177,21宁控01,宁海县国有资产投资控股集团有限公司,7,AA+
184178,21冶新01,湖北大冶湖高新技术产业投资有限公司,5,AAA
184179,21汉江04,汉江国有资本投资集团有限公司,3,AAA
184180,G21虞资2,绍兴市上虞区国有资本投资运营有限公司,10,AA+
184181,G21西轨2,西安市轨道交通集团有限公司,5,AAA
184182,21龙马02,泰州市龙马建设发展有限公司,7,AA+
184183,21和县债,和县城市建设投资有限责任公司,7,AAA
184184,21益高债,益阳高新产业发展投资集团有限公司,7,AAA
184185,21成华01,成都成华国资经营投资有限责任公司,7,AA+
184186,21江油债,江油鸿飞投资(集团)有限公司,7,AAA
184187,22临港债,泸州临港投资集团有限公司,7,AAA
184188,21邹城03,邹城市城资控股集团有限公司,7,AA+
184189,21内小微,内江投资控股集团有限公司,5,AA
184190,21应城01,应城市蒲阳开发投资有限公司,5,AAA
184191,22淮北01,淮北市建投控股集团有限公司,4,AAA
184192,21渝城投,重庆市城市建设投资(集团)有限公司,10,AAA
184193,22蓉高G1,成都高新投资集团有限公司,10,AAA
184194,22新锦01,杭州市临安区新锦产业发展集团有限公司,7,AA+
184195,22东台债,东台市国有资产经营集团有限公司,7,AAA
184196,22首基01,北京首钢基金有限公司,5,AAA
184197,22嘉科01,嘉兴科技城投资发展集团有限公司,7,AA+
184198,22绿色01,阿克苏地区绿色实业开发集团有限公司,10,AA+
184199,22荣成债,荣成市城建投资开发有限公司,7,AAA
184201,22沪地01,上海地产(集团)有限公司,5,AAA
184202,22冶园01,江苏扬子江国际冶金工业园资产经营有限公司,7,AAA
184203,22金发01,湖南金阳新城建设发展集团有限公司,7,AA+
184204,22黄石01,黄石市城市发展投资集团有限公司,7,AA+
184205,22雨花01,长沙市雨花城市建设投资集团有限公司,7,AAA
184206,22雨花02,长沙市雨花城市建设投资集团有限公司,7,AA+
184207,22天府01,成都天府水城城乡水务建设有限公司,7,AA
184208,22黔开01,黔东南州开发投资(集团)有限责任公司,7,AA
184209,22云发01,株洲市云龙发展投资控股集团有限公司,7,AAA
184210,22肥西01,肥西县城乡建设投资(集团)有限公司,7,AA+
184211,22天盈债,四川天盈实业有限责任公司,7,AA
184212,22金松债,湖北松滋金松投资控股集团有限公司,5,AAA
184213,22岳建02,岳阳市城市建设投资集团有限公司,7,AA+
184214,22惠华债,岳阳惠华城市投资发展集团有限公司,7,AAA
184215,22山高01,山东高速集团有限公司,5,AAA
184216,22山高02,山东高速集团有限公司,10,AAA
184217,22中宸01,杭州中宸城镇建设有限公司,7,AA+
184218,22滨江01,南京滨江投资发展有限公司,7,AA+
184219,22金阳01,湖南金阳投资集团有限公司,7,AA+
184220,22东阳01,东阳市国有资产投资有限公司,7,AA+
184221,22邮发01,高邮市经发投资有限公司,7,AAA
184222,22秦投01,四川秦巴新城投资集团有限公司,7,AA
184223,22湘江01,湖南湘江新区发展集团有限公司,10,AAA
184224,G22长金1,浙江长兴创新投资集团有限公司,7,AAA
184225,G22长金2,浙江长兴创新投资集团有限公司,7,AAA
184226,22遂平01,遂平县开源投资有限公司,7,AAA
184227,22任城01,山东任城融鑫发展有限公司,7,AAA
184228,22郎川债,安徽郎川控股集团有限公司,7,AAA
184229,22乐高债,乐山高新投资发展(集团)有限公司,7,AAA
184230,22常专01,常山县城市投资集团有限公司,7,AAA
184231,22温港城,温州港城发展有限公司,5,AA+
184232,22东宝债,荆门市东宝区城乡建设投资有限公司,7,AAA
184233,22桐庐01,桐庐新城发展投资有限公司,7,AA
184234,22晋建01,山西建设投资集团有限公司,5,AAA
184235,22进贤01,进贤城市建设投资发展集团有限公司,7,AA+
184236,22饶资01,上饶市国有资产经营集团有限公司,7,AA+
184237,22进贤02,进贤城市建设投资发展集团有限公司,7,AA+
184238,22安城01,安吉县城西北开发有限公司,7,AA+
184239,22句容债,句容市城市建设投资有限责任公司,5,AAA
184240,22丹高新,丹阳市开发区高新技术产业发展有限公司,5,AAA
184242,22东津02,襄阳东津国有资本投资集团有限公司,3,AAA
184243,22扬中债,扬中市交通投资发展有限公司,7,AAA
184244,22乌发01,乌鲁木齐经济技术开发区建发国有资本投资运营(集团)有限公司,7,AA+
184245,22宏利债,青州市宏利水务有限公司,7,AA+
184246,22黄冈01,黄冈新区投资开发有限公司,7,AAA
184247,22渝合债,重庆市合川城市建设投资(集团)有限公司,7,AA+
184248,22临空01,重庆临空开发投资集团有限公司,7,AA+
184249,G22马慈,马鞍山慈湖高新技术产业开发区投资发展有限公司,7,AAA
184250,22宁东01,宁海宁东新城开发投资有限公司,7,AA+
184251,22金投债,成都市金牛国有资产投资经营集团有限公司,7,AA+
184252,22海发01,江苏海州发展集团有限公司,7,AAA
184253,22柔刚债,遂宁柔刚投资集团有限公司,7,AA
184254,22简发债,简阳发展(控股)有限公司,7,AAA
184255,22枣投01,枣阳市城市建设投资经营有限公司,7,AAA
184256,22桂城01,桂阳县城市建设投资有限公司,6,AAA
184257,22惠通01,重庆市永川区惠通建设发展有限公司,7,AA+
184258,22空港01,成都空港兴城投资集团有限公司,7,AA+
184259,22溧开债,南京溧水经济技术开发集团有限公司,7,AAA
184260,22厦居01,厦门安居集团有限公司,9,AAA
184261,22金交债,常州市金坛区交通产业集团有限公司,7,AAA
184262,22青州债,青州市城市建设投资开发有限公司,5,AAA
184263,22长兴01,长兴交通投资集团有限公司,10,AA+
184264,22浏城01,浏阳市城市建设集团有限公司,7,AA+
184265,22泰发01,泰安市城市发展投资有限公司,7,AA+
184266,G22兴海2,江苏兴海控股集团有限公司,7,AA+
184267,G22龙债1,龙口市城乡建设投资发展有限公司,7,AA+
184268,G22兴海1,江苏兴海控股集团有限公司,7,AAA
184269,22南水债,南昌市交通投资集团有限公司,7,AA+
184270,22惠文01,重庆市南川区惠农文化旅游发展集团有限公司,7,AA
184271,22两江01,重庆两江新区开发投资集团有限公司,5,AAA
184272,22磁湖债,黄石磁湖高新科技发展有限公司,7,AA+
184273,22无为债,无为市城市建设投资有限公司,7,AAA
184274,22邵东01,湖南邵东生态产业园开发建设投资有限责任公司,7,AAA
184275,22邵东02,湖南邵东生态产业园开发建设投资有限责任公司,7,AA+
184276,22仁微债,仁寿发展投资集团有限公司,5,AAA
184277,G22航建,西安航空城建设发展(集团)有限公司,7,AAA
184278,22新沂01,新沂市交通投资有限公司,7,AAA
184279,22桂交01,广西交通投资集团有限公司,5,AAA
184280,22绿色02,阿克苏地区绿色实业开发集团有限公司,10,AA+
184281,22嘉鱼01,嘉鱼县城镇建设投资有限公司,7,AAA
184282,22光谷东,湖北光谷东国有资本投资运营集团有限公司,7,AAA
184283,22上饶01,上饶投资控股集团有限公司,5,AAA
184284,22黄石02,黄石市城市发展投资集团有限公司,7,AA+
184285,22瀛洲债,江苏瀛洲发展集团有限公司,7,AA+
184286,22黄岩01,台州市黄岩国有资本投资运营集团有限公司,7,AA+
184287,22宁沩01,宁乡市沩东新城文化旅游投资有限公司,7,AAA
184288,22天易01,湖南天易集团有限公司,7,AA+
184289,22丰小微,丰城发展投资控股集团有限公司,5,AA+
184290,22景陶债,景德镇陶文旅控股集团有限公司,7,AA+
184291,22宜春01,宜春交通投资集团有限公司,7,AA+
184292,22嵊南债,嵊州市城南建设投资有限公司,7,AA+
184293,22浦集03,上海浦东发展(集团)有限公司,5,AAA
184294,22父城01,平顶山父城文化产业发展投资有限公司,7,AAA
184295,22水集01,水发集团有限公司,5,AAA
184296,G22长兴1,长兴城市建设投资集团有限公司,7,AA+
184297,22新梁02,重庆新梁产城建设发展有限公司,7,AAA
184298,22温城01,温州市城市建设发展集团有限公司,10,AAA
184299,22相高01,苏州相城高新技术产业发展有限公司,7,AA+
184300,22建安05,建安投资控股集团有限公司,7,AA+
184301,22甬滨债,宁波滨江新城开发投资有限公司,7,AA+
184302,22即墨G1,青岛市即墨区城市开发投资有限公司,7,AA+
184303,22投控01,嵊州市投资控股有限公司,7,AA+
184304,22贵经01,贵阳经济开发区城市建设投资(集团)股份有限公司,7,AA
184305,22建开01,建湖县开发区建设投资有限公司,7,AAA
184306,22屏山债,屏山县恒源投资集团有限公司,7,AAA
184307,22陕旅01,陕西旅游集团有限公司,7,AAA
184308,22高邮G1,高邮市城市建设投资集团有限公司,7,AAA
184309,22迈瑞债,重庆迈瑞城市建设投资有限责任公司,5,AA+
184310,22绵经01,绵阳经开投资控股集团有限公司,5,AA
184311,22山高03,山东高速集团有限公司,5,AAA
184312,22浏交01,浏阳市交通建设投资有限公司,7,AAA
184313,22乐交01,乐山交通投资发展(集团)有限公司,7,AAA
184314,22龙经01,龙岩经济发展集团有限公司,5,AA
184315,22新师01,新疆生产建设兵团第十二师国有资产投资发展集团有限公司,7,AA+
184316,22崇川债,南通市崇川国有资产经营控股(集团)有限公司,7,AA+
184317,22昌乐01,昌乐县新城发展有限公司,7,AA+
184318,22西港01,西安港实业有限公司,7,AA+
184319,22缙云01,缙云县国有资产投资经营集团有限公司,7,AA
184320,22建安04,建安投资控股集团有限公司,7,AAA
184321,22厦居02,厦门安居集团有限公司,9,AAA
184322,22繁昌01,芜湖市繁昌区建设投资有限公司,7,AAA
184323,22航天01,西安航天城投资发展集团有限公司,7,AAA
184324,22新梁01,重庆新梁产城建设发展有限公司,7,AAA
184325,22枝江债,枝江市国有资产管理有限公司,7,AAA
184326,22航天02,西安航天城投资发展集团有限公司,7,AAA
184327,22建德G1,建德市城市建设发展投资有限公司,7,AAA
184328,22建德G2,建德市城市建设发展投资有限公司,7,AAA
184329,22通达02,重庆市通达投资有限公司,7,AA+
184331,22嘉秀01,嘉兴市嘉秀发展投资控股集团有限公司,7,AA+
184332,22苏高01,苏州苏高新集团有限公司,7,AAA
184333,22彭医债,成都濛江投资集团有限公司,5,AA+
184334,22钱城01,杭州萧山钱江世纪城开发建设有限责任公司,7,AAA
184335,G22建工1,福建建工集团有限责任公司,5,AA+
184336,G22福清,福清市城市产业投资集团有限公司,7,AA+
184337,22开达01,遂宁开达投资有限公司,7,AA
184338,22岳西债,岳西县城市建设投资有限责任公司,7,AAA
184339,22瑞安01,瑞安市国有资产投资集团有限公司,7,AA+
184340,22绍专01,绍兴市交通控股集团有限公司,7,AAA
184341,22西基债,西安城市基础设施建设投资集团有限公司,5,AAA
184342,22赣投01,赣州市赣县区城市建设投资集团有限公司,7,AAA
184343,22赣投02,赣州市赣县区城市建设投资集团有限公司,7,AAA
184344,22平投01,平顶山发展投资控股集团有限公司,7,AAA
184345,22沂南债,沂南县城市发展集团有限公司,7,AA+
184347,G22羊安,成都市羊安新城开发建设有限公司,7,AAA
184348,22余创债,杭州余杭城市发展投资集团有限公司,7,AA+
184349,22蓝海债,威海市文登区蓝海投资开发有限公司,7,AA+
184350,22长轨01,长沙市轨道交通集团有限公司,10,AAA
184351,22成华01,成都成华国资经营投资有限责任公司,7,AA+
184352,22新盛01,徐州市新盛投资控股集团有限公司,7,AAA
184353,22淮控01,淮安开发控股有限公司,7,AAA
184354,22平湖债,重庆市万州三峡平湖有限公司,7,AAA
184355,22九联01,成都九联投资集团有限公司,7,AA+
184356,22黔开02,黔东南州开发投资(集团)有限责任公司,7,AA
184357,22长兴02,长兴交通投资集团有限公司,10,AA+
184358,22国兴01,浙江国兴投资集团有限公司,7,AA+
184359,G22西轨1,西安市轨道交通集团有限公司,5,AAA
184360,22枞阳债,枞阳县投资发展有限公司,7,AAA
184361,22伊川01,伊川财源实业投资有限责任公司,7,AAA
184362,22温江债,成都温江兴蓉西城市运营集团有限公司,7,AA+
184363,22乌城01,乌鲁木齐城市建设投资(集团)有限公司,10,AAA
184364,22徐新债,徐州高新产业发展投资有限公司,7,AA+
184365,22临川债,抚州市临川区城镇建设开发投资有限公司,5,AA+
184366,22龙驰01,泸州市龙驰实业集团有限责任公司,7,AAA
184367,22冶投01,湖北大冶湖高新技术产业投资有限公司,5,AAA
184368,22青信03,青岛国信发展(集团)有限责任公司,5,AAA
184369,22天易02,湖南天易集团有限公司,7,AA+
184370,22醴高01,醴陵市高新技术产业发展集团有限公司,7,AAA
184371,22孝昌01,孝昌县顺和开发投资有限责任公司,7,AAA
184372,22苏港02,江苏省港口集团有限公司,10,AAA
184373,22临港02,泸州临港投资集团有限公司,7,AAA
184374,22苏港01,江苏省港口集团有限公司,6,AAA
184375,22扬开债,扬州经济技术开发区开发(集团)有限公司,7,AAA
184376,22赣建02,赣州建控投资控股集团有限公司,7,AA+
184377,22智慧01,杭州钱塘智慧城投资开发有限公司,7,AA+
184378,22益高债,益阳高新产业发展投资集团有限公司,7,AAA
184379,22大丰债,盐城市大丰区交通投资有限责任公司,7,AA+
184380,22萍投01,萍乡市城市建设投资集团有限公司,5,AA
184381,22海发02,江苏海州发展集团有限公司,7,AAA
184382,22望经01,望城经开区投资建设集团有限公司,5,AAA
184383,22望经02,望城经开区投资建设集团有限公司,7,AA+
184384,22邛旅01,邛崃市天际山水文化旅游投资集团有限公司,5,AAA
184385,22邛旅02,邛崃市天际山水文化旅游投资集团有限公司,5,AAA
184386,22浦集04,上海浦东发展(集团)有限公司,5,AAA
184387,22蓉投01,成都城建投资管理集团有限责任公司,5,AAA
184388,22张家界,张家界市经济发展投资集团有限公司,7,AA+
184389,22长兴债,浙江长兴经开建设开发有限公司,7,AA+
184390,22建房G1,建发房地产集团有限公司,10,AAA
184391,22金安债,六安市金安区城乡建设投资有限公司,5,AAA
184392,22沪地02,上海地产(集团)有限公司,3,AAA
184393,G22长轨1,长春市轨道交通集团有限公司,10,AA+
184394,22启国债,启东国有资产投资控股有限公司,5,AA+
184395,22许昌01,许昌市投资集团有限公司,4,AA+
184396,22西海01,青岛西海岸新区海洋控股集团有限公司,10,AAA
184397,22开福01,长沙开福城投集团有限责任公司,7,AA+
184398,22产建01,浏阳现代制造产业建设投资开发有限公司,7,AA
184399,22经国投,成都经开国投集团有限公司,7,AA+
184400,22白沙01,衡阳白沙洲开发建设投资有限公司,7,AA+
184401,22通瑞01,重庆市通瑞农业发展有限公司,7,AAA
184402,19宏财01,贵州宏财投资集团有限责任公司,7,AA+
184403,22荆门债,荆门市城市建设投资控股集团有限公司,5,AA+
184404,22如开债,如皋市经济贸易开发有限公司,7,AAA
184405,22攸停债,湖南省攸州投资发展集团有限公司,7,AA+
184406,22建农债,建湖县新农村建设投资有限公司,5,AAA
184407,22沪地03,上海地产(集团)有限公司,5,AAA
184408,22龙廷01,重庆市铜梁区龙廷城市开发建设有限公司,7,AAA
184409,22汉江01,汉江国有资本投资集团有限公司,5,AAA
184410,22睢新债,睢宁县新城投资开发有限公司,7,AAA
184411,22东坡01,眉山市东坡发展投资有限公司,4,AAA
184412,22金阳02,湖南金阳投资集团有限公司,7,AA+
184413,22渌江01,醴陵市渌江投资控股集团有限公司,7,AAA
184414,22渌江02,醴陵市渌江投资控股集团有限公司,7,AA+
184415,22临经01,临沂经济开发区城市建设投资有限公司,7,AA
184416,22永银01,永兴银都投资发展集团有限公司,7,AA+
184417,22丽旅01,丽水市文化旅游投资发展集团有限公司,7,AA
184418,22张经投,张家界市经济发展投资集团有限公司,7,AA+
184419,22浏城02,浏阳市城市建设集团有限公司,7,AA+
184420,22西港04,西安港实业有限公司,7,AAA
184421,22桐乡债,桐乡市国有资本投资运营有限公司,7,AA+
184422,22金桥G1,上海金桥(集团)有限公司,7,AAA
184423,G22两山1,浙江安吉两山国有控股集团有限公司,7,AAA
184424,22恩施债,恩施城市建设投资集团有限公司,7,AAA
184425,22富开债,杭州富阳开发区建设投资集团有限公司,7,AA+
184426,G22厦01,厦门轨道建设发展集团有限公司,5,AAA
184427,22渝垫01,重庆渝垫国有资产经营集团有限公司,7,AA
184428,22迪荡01,绍兴高新技术产业开发区投资发展集团有限公司,7,AA+
184429,22滨江债,安庆市滨江城市建设发展有限公司,7,AAA
184430,22泗洪01,泗洪县宏源公有资产经营集团有限公司,7,AAA
184431,22金滩01,文登金滩投资管理有限公司,7,AAA
184432,22吉利01,浙江吉利控股集团有限公司,3,AAA
184433,22桂城02,桂阳县城市建设投资有限公司,6,AA+
184434,22经国02,成都经开国投集团有限公司,7,AA+
184435,22金洲03,长沙金洲新城投资控股集团有限公司,7,AA+
184436,22金洲02,长沙金洲新城投资控股集团有限公司,7,AAA
184437,22舜邦债,诸城舜邦投资开发有限公司,4,AA+
184438,22经开债,武汉江夏经济开发集团有限公司,7,AAA
184439,22武投01,武汉市城市建设投资开发集团有限公司,5,AAA
184440,22武投02,武汉市城市建设投资开发集团有限公司,15,AAA
184441,22宿松债,宿松县建设发展投资有限公司,7,AAA
184442,22金发03,湖南金阳新城建设发展集团有限公司,7,AA+
184443,22安经01,安庆经济技术开发区建设投资集团有限公司,7,AAA
184444,22资城01,资兴市城市建设投资有限责任公司,7,AA+
184445,22郑地01,郑州城市发展集团有限公司,15,AAA
184446,22国通债,宜都市国通投资开发有限责任公司,7,AA+
184447,22洛城01,洛阳城市发展投资集团有限公司,7,AA+
184448,22随高债,随州现代产投实业控股集团有限公司,7,AA
184449,22湖口债,江西省湖口县石钟投资开发有限公司,7,AA+
184450,22虞控01,绍兴市上虞杭州湾经开区控股集团有限公司,7,AA+
184451,22袍投债,绍兴袍江经济技术开发区投资发展集团有限公司,7,AA+
184452,22璧微01,重庆两山建设投资集团有限公司,5,AA+
184453,22淮控02,淮安开发控股有限公司,7,AAA
184454,22渝宏烨,重庆宏烨实业集团有限公司,7,AAA
184455,22新城投,新昌县城市建设投资集团有限公司,7,AA+
184456,22宿迁港,宿迁市运河港区开发集团有限公司,7,AAA
184457,22建房G2,建发房地产集团有限公司,10,AAA
184458,22章丘债,章丘市国有资产运营有限公司,7,AAA
184459,22上虞01,绍兴市上虞区国有资本投资运营有限公司,7,AA+
184460,22吴城01,湖州吴兴城市投资发展集团有限公司,7,AA+
184461,22邕产投,南宁产业投资集团有限责任公司,7,AA
184462,22融发债,青岛军民融合发展集团有限公司,7,AA+
184463,22宁沩02,宁乡市沩东新城文化旅游投资有限公司,7,AAA
184464,22金堂01,四川花园水城城乡产业发展投资开发有限责任公司,7,AA
184465,22内兴01,内江兴元实业集团有限责任公司,5,AAA
184466,22高新01,湖州莫干山高新集团有限公司,7,AA+
184467,22长垣03,长垣市投资集团有限公司,7,AAA
184468,22玉投债,玉山投资控股集团有限公司,6,AAA
184469,22库停01,库尔勒城市建设(集团)有限责任公司,7,AAA
184470,22南浔债,湖州南浔新城投资发展集团有限公司,7,AAA
184471,22远景01,寿光市滨海远景城镇建设开发有限公司,7,AA+
184472,22皖江债,安庆皖江高科技投资发展有限公司,5,AA+
184473,22成阿01,四川成阿发展实业有限公司,5,AA+
184474,22成阿02,四川成阿发展实业有限公司,5,AA+
184475,22延长01,陕西延长石油(集团)有限责任公司,5,AAA
184476,22延长02,陕西延长石油(集团)有限责任公司,5,AAA
184477,22龙微01,龙岩投资发展集团有限公司,5,AA
184478,G22武侯,成都武侯资本投资管理集团有限公司,10,AA+
184479,22湖城债,湖州市城市投资发展集团有限公司,7,AAA
184480,22汴微01,开封市发展投资集团有限公司,5,AA+
184481,22钱投债,杭州市钱江新城投资集团有限公司,7,AAA
184482,22金沙01,金沙县建设投资集团股份有限公司,7,AA
184483,22兴黄01,泰兴市兴黄综合投资开发有限公司,5,AA+
184484,22惠文02,重庆市南川区惠农文化旅游发展集团有限公司,7,AA
184485,22衢交债,衢州市衢通发展集团有限公司,7,AA+
184486,22望水01,长沙市望城区水利投资发展集团有限公司,7,AAA
184487,22兰考01,兰考县城市建设投资发展有限公司,7,AAA
184488,22兰考02,兰考县城市建设投资发展有限公司,7,AAA
184489,G22长兴2,长兴城市建设投资集团有限公司,7,AA+
184491,22金滩02,文登金滩投资管理有限公司,7,AAA
184492,22海宁债,海宁市城市发展投资集团有限公司,7,AA+
184493,22乌发02,乌鲁木齐经济技术开发区建发国有资本投资运营(集团)有限公司,7,AA+
184494,22丽城01,丽水市城市建设投资集团有限公司,7,AA+
184495,22一诺01,南通一诺城镇建设开发有限公司,7,AAA
184496,22蚌淮上,蚌埠河北新区发展有限责任公司,7,AAA
184497,22萍昌01,江西省萍乡市昌盛城市投资有限公司,7,AAA
184498,22常齐债,常州齐梁建设集团有限公司,7,AAA
184499,22盱城债,淮安市盱眙城市资产经营有限责任公司,7,AAA
184500,22蓉高Y2,成都高新投资集团有限公司,nan,AAA
184501,G22两山2,浙江安吉两山国有控股集团有限公司,7,AA+
184502,22平投02,平顶山发展投资控股集团有限公司,7,AAA
184503,22黔开03,黔东南州开发投资(集团)有限责任公司,7,AA
184504,22上饶02,上饶市国有资产经营集团有限公司,7,AAA
184505,22椒江01,台州市椒江区国有资本运营集团有限公司,7,AAA
184506,22多湖债,金华市多湖中央商务区建设投资有限公司,7,AA+
184507,PR洋口港,江苏洋口港建设发展集团有限公司,7,AAA
184509,22南城02,南城县金融创新投资发展集团有限公司,7,AAA
184510,22南城01,南城县金融创新投资发展集团有限公司,7,AAA
184511,22潍小01,潍坊水务投资集团有限公司,4,AA+
184512,22枣林湾,仪征市枣林湾文化体育旅游发展有限公司,7,AAA
184513,22雄州债,四川雄州实业有限责任公司,7,AAA
184514,22汇微01,龙岩文旅汇金发展集团有限公司,5,AA+
184515,22綦东债,重庆市綦江区东部新城开发建设有限公司,5,AA
184516,22安丘01,安丘市华安国有资产经营有限公司,7,AAA
184517,22钱城02,杭州萧山钱江世纪城开发建设有限责任公司,7,AAA
184518,22顺投债,南充市顺投发展集团有限公司,7,AAA
184519,22朔州债,朔州市投资建设开发有限公司,7,AA
184520,G22诸新1,诸暨市新城投资开发集团有限公司,7,AA+
184521,22航高债,西安航天高技术产业发展集团有限公司,7,AA+
184522,22蓉高G2,成都高新投资集团有限公司,10,AAA
184523,22龙泉债,龙泉市国资控股有限公司,7,AAA
184524,22湖投03,湖州新型城市投资发展集团有限公司,7,AA+
184525,22芦溪01,江西省芦溪城市发展投资集团有限公司,7,AAA
184526,22芦溪02,江西省芦溪城市发展投资集团有限公司,7,AAA
184527,22普陀01,舟山市普陀区国有资产投资经营有限公司,7,AAA
184528,22铜都01,贵溪市新铜都投资经营有限公司,7,AAA
184529,G22景城1,景德镇市城市建设投资集团有限责任公司,7,AAA
184530,22望投01,长沙市望城区城市建设投资集团有限公司,7,AA+
184531,22日月01,商丘市日月新城投资开发有限公司,4,AA+
184532,22闽港01,福建省港口集团有限责任公司,10,AAA
184533,22厦城01,厦门市城市建设发展投资有限公司,7,AAA
184535,22潍滨发,潍坊滨海投资发展有限公司,5,AA+
184536,22开泰02,如东县开泰城建投资有限公司,5,AAA
184537,22柯桥债,绍兴市柯桥区建设集团有限公司,7,AA+
184538,22济高02,济南高新控股集团有限公司,10,AAA
184539,22济高03,济南高新控股集团有限公司,10,AAA
184540,22嘉善债,嘉善县国有资产投资集团有限公司,7,AA+
184541,22天府02,成都天府水城城乡水务建设有限公司,7,AA
184542,22昭阳债,邵阳市昭阳投资发展有限公司,7,AAA
184543,22定城01,定远县城乡发展投资集团有限公司,7,AAA
184544,22国惠03,山东发展投资控股集团有限公司,7,AAA
184545,22投控02,嵊州市投资控股有限公司,7,AA+
184546,22东城投,东台市城市建设投资发展集团有限公司,5,AAA
184547,22鄂科01,湖北省科技投资集团有限公司,15,AAA
184548,22沂发01,新沂经济开发区建设发展有限公司,7,AAA
184549,22赣建04,赣州建控投资控股集团有限公司,7,AA+
184550,G22富源1,遂宁市富源实业有限公司,7,AAA
184551,22远景02,寿光市滨海远景城镇建设开发有限公司,7,AA+
184552,22沂发02,新沂经济开发区建设发展有限公司,7,AAA
184553,22沂发03,新沂经济开发区建设发展有限公司,7,AAA
184554,22安控05,浙江安吉国控建设发展集团有限公司,7,AAA
184555,22安控06,浙江安吉国控建设发展集团有限公司,7,AA+
184556,22昆交债,昆明市交通投资集团有限责任公司,3,AAA
184557,22嘉兴01,嘉兴滨海控股集团有限公司,7,AA+
184558,22鄂联01,湖北省联合发展投资集团有限公司,5,AAA
184559,22曲水01,江苏曲水园城镇化建设投资有限公司,7,AA+
184560,22賨成债,渠县賨成建设发展投资有限公司,7,AA+
184561,22滨建01,潍坊滨城建设集团有限公司,7,AA
184562,22潍经债,潍坊经济区城市建设投资发展集团有限公司,7,AAA
184563,22桐控01,桐庐县国有资本投资运营控股集团有限公司,7,AA
184564,22汉江02,汉江国有资本投资集团有限公司,3,AAA
184565,22奉投债,宁波市奉化区投资集团有限公司,7,AA+
184566,22遂发债,遂宁发展投资集团有限公司,7,AAA
184567,22蓉金02,成都交子金融控股集团有限公司,10,AAA
184568,22醴高02,醴陵市高新技术产业发展集团有限公司,7,AAA
184569,22相高02,苏州相城高新技术产业发展有限公司,7,AA+
184570,22怀新债,怀远县新型城镇化建设有限公司,7,AAA
184571,22沿海,射阳县沿海投资有限公司,7,AAA
184572,22新城02,新昌县城市建设投资集团有限公司,7,AA+
184573,22临专01,湖南自由贸易试验区临空产业投资集团有限公司,7,AAA
184574,22榕新债,福州新区开发投资集团有限公司,7,AAA
184575,22宁安居,南京安居建设集团有限责任公司,5,AAA
184576,22徐工01,徐州工程机械集团有限公司,5,AAA
184578,22潜江01,潜江市城市建设投资开发有限公司,7,AAA
184579,22瑞安02,瑞安市国有资产投资集团有限公司,7,AA+
184580,22金桥G2,上海金桥(集团)有限公司,7,AAA
184581,22赣控01,赣州城市投资控股集团有限责任公司,7,AA+
184582,22邯建投,邯郸市建设投资集团有限公司,7,AA+
184583,22新泰01,新泰市统筹城乡发展集团有限公司,7,AAA
184584,G22大足1,重庆大足国有资产经营管理集团有限公司,7,AA+
184585,22河投01,河南投资集团有限公司,3,AAA
184586,22珞璜债,重庆市江津区珞璜开发建设有限公司,7,AAA
184587,G22富源2,遂宁市富源实业有限公司,7,AA
184588,22荣开债,荣成市经济开发投资有限公司,4,AAA
184589,22温高01,温州高新技术产业开发区建设发展集团有限公司,7,AA+
184590,22上控02,上饶投资控股集团有限公司,7,AAA
184591,22延旅债,延安旅游(集团)有限公司,7,AA+
184592,22崇仁01,崇仁县城市建设投资发展有限公司,7,AAA
184593,22崇仁02,崇仁县城市建设投资发展有限公司,7,AAA
184595,22环微02,眉山环天实业有限公司,4,AAA
184596,22兰考03,兰考县城市建设投资发展有限公司,7,AAA
184597,22宜宾01,宜宾发展控股集团有限公司,5,AAA
184598,22九江债,九江市国有投资控股集团有限公司,7,AAA
184599,22金建债,江苏金坛建设集团有限公司,7,AAA
184600,22潜江02,潜江市城市建设投资开发有限公司,7,AAA
184601,22迪荡02,绍兴高新技术产业开发区投资发展集团有限公司,7,AA+
184602,22洪产02,南昌市产业投资集团有限公司,7,AAA
184603,22红停债,玉溪市红塔区国有资产经营有限责任公司,7,AAA
184604,22萍投02,萍乡市城市建设投资集团有限公司,5,AA+
184605,22甬发01,宁波市镇海发展有限公司,3,AAA
184606,22临城投,杭州市临安区城市发展投资集团有限公司,7,AA+
184607,22扬子债,南京扬子国资投资集团有限责任公司,5,AAA
184608,22长垣04,长垣市投资集团有限公司,7,AAA
184609,22良渚债,杭州良渚文化城集团有限公司,7,AA+
184610,G22厦02,厦门轨道建设发展集团有限公司,10,AAA
184611,22滦州债,滦州市城市建设投资有限公司,7,AA+
184612,22张控01,张家港经开区控股集团有限公司,7,AA+
184613,22产建02,浏阳现代制造产业建设投资开发有限公司,7,AA
184614,G22厦03,厦门轨道建设发展集团有限公司,5,AAA
184615,22济轨03,济南轨道交通集团有限公司,10,AAA
184616,22洪泽债,江苏洪泽湖建设投资集团有限公司,7,AAA
184617,22浙天01,浙江天子湖实业投资有限公司,7,AA+
184618,22赣建07,赣州建控投资控股集团有限公司,7,AA+
184619,22启东G1,启东城投集团有限公司,7,AAA
184620,22梁山债,山东水泊梁山城建投资有限公司,7,AAA
184621,22宁产01,南京江北新区产业投资集团有限公司,7,AAA
184622,G22嵊交1,嵊州市交通投资发展集团有限公司,7,AA+
184623,22公安债,公安县城建投资有限公司,7,AAA
184624,22杭开债,宁波杭州湾新区开发建设有限公司,7,AA+
184625,22温高02,温州高新技术产业开发区建设发展集团有限公司,7,AA+
184626,22临经02,临沂经济开发区城市建设投资有限公司,7,AA
184627,22龙腾债,成都市龙腾水利开发有限公司,7,AAA
184629,22虞控02,绍兴市上虞杭州湾经开区控股集团有限公司,7,AA+
184631,22振东01,临沂振东建设投资有限公司,7,AA
184633,22仁投01,仁怀市城市开发建设投资经营有限责任公司,7,AA+
184634,22赤壁债,赤壁市蓝天城市建设投资开发有限责任公司,7,AAA
184635,22宿城债,宿迁市城区开发投资有限公司,7,AAA
184636,22普陀02,舟山市普陀区国有资产投资经营有限公司,7,AAA
184638,22福安01,福安市城市建设投资集团有限公司,7,AAA
184639,22祁投01,湖南祁阳经济开发区建设投资有限公司,7,AAA
184640,22祁投02,湖南祁阳经济开发区建设投资有限公司,7,AA+
184641,22浏发01,浏阳市城乡发展集团有限责任公司,7,AA+
184642,22筑富01,江苏筑富实业投资有限公司,7,AAA
184643,22筑富02,江苏筑富实业投资有限公司,7,AA+
184644,22登建01,登封市建设投资集团有限公司,7,AAA
184645,22金堂04,四川花园水城城乡产业发展投资开发有限责任公司,7,AA
184646,22株国债,株洲市国有资产投资控股集团有限公司,7,AA+
184647,22东港债,新东港控股集团有限公司,7,AAA
184649,22吉湖01,江西吉湖发展集团有限公司,5,AAA
184650,22吉湖02,江西吉湖发展集团有限公司,5,AAA
184652,22锦汇债,江苏锦汇集团有限公司,5,AAA
184654,22凤阳债,凤阳县经济发展投资有限公司,7,AAA
184655,22怀宁债,安徽省怀宁县城乡建设投资发展有限责任公司,7,AAA
184656,22闽高速,福建省高速公路集团有限公司,10,AAA
184657,22云和债,云和县国有资本运营有限公司,7,AAA
184658,22宜宾02,宜宾发展控股集团有限公司,8,AAA
184659,22嵊城01,嵊州市城市建设投资发展集团有限公司,7,AA+
184660,22玉交01,玉林交通旅游投资集团有限公司,7,AA
184662,22厦城02,厦门市城市建设发展投资有限公司,7,AAA
184663,23上城01,杭州上城区城市建设投资集团有限公司,7,AAA
184664,22上虞02,绍兴市上虞区国有资本投资运营有限公司,7,AA+
184665,22安泰债,聊城市安泰城乡投资开发有限责任公司,7,AAA
184666,22桐投01,桐庐投资建设发展集团有限公司,7,AAA
184668,22铜都03,贵溪市新铜都投资经营有限公司,7,AAA
184669,22富湾债,杭州富春湾新城建设投资集团有限公司,10,AA+
184671,22岚小01,日照市岚山区城市建设发展有限公司,7,AAA
184672,22汉江03,汉江国有资本投资集团有限公司,5,AAA
184673,22湘乡02,湘乡市东山投资建设开发有限公司,7,AAA
184674,23鑫达01,桃源县鑫达交通建设有限责任公司,7,AA+
184675,23宁经01,宁乡经济技术开发区建设投资有限公司,7,AA+
184676,23龙睿债,福建龙睿投资有限公司,7,AAA
184677,23启东G1,启东城投集团有限公司,7,AAA
184678,23启点01,德清启点智能生态城建设发展有限公司,7,AAA
184679,23黄石债,黄石市城市发展投资集团有限公司,7,AAA
184680,23上城债,杭州上城区国有资本运营集团有限公司,7,AAA
184681,23滨江01,南京滨江投资发展有限公司,7,AA+
184682,23新盛01,徐州市新盛投资控股集团有限公司,5,AAA
184683,23绍旅01,绍兴市文化旅游集团有限公司,7,AA+
184684,23江北01,南京江北新区产业投资集团有限公司,7,AAA
184685,23穗铁01,广州地铁集团有限公司,3,AAA
184686,23京投01,北京市基础设施投资有限公司,3,AAA
184687,23宿城02,江苏宿城国有资产经营管理有限公司,5,AAA
184688,23高投01,新昌县高新园区投资集团有限公司,7,AA+
184689,23利辛01,利辛县城乡发展建设投资集团有限公司,7,AAA
184690,23苏城01,苏州城市建设投资发展(集团)有限公司,7,AAA
184691,23邹城资,邹城市城资控股集团有限公司,7,AA+
184692,23闽港01,福建省港口集团有限责任公司,10,AAA
184693,23延经债,延安经济技术开发建设投资有限公司,5,AAA
184694,G23淄博1,淄博市城市资产运营集团有限公司,7,AAA
184695,23发展01,佛山市三水投资发展集团有限公司,7,AA+
184696,23天新债,成都市天新交通建设有限公司,7,AAA
184697,23桐经开,桐城经开区建设投资集团有限公司,7,AAA
184699,23宁国债,安徽省宁国建设投资集团有限公司,7,AAA
184700,23海瀛01,盐城海瀛控股集团有限公司,7,AAA
184701,23夷陵一,湖北夷陵经济发展集团有限公司,7,AAA
184702,23夷陵二,湖北夷陵经济发展集团有限公司,7,AAA
184703,23杭高新,杭州高新金投控股集团有限公司,10,AAA
184704,G23长荡1,江苏长荡湖旅游控股有限公司,7,AAA
184705,23上虞01,绍兴市上虞区国有资本投资运营有限公司,7,AA+
184706,23高新02,湖州莫干山高新集团有限公司,7,AA+
184707,23杭交投,杭州市交通投资集团有限公司,10,AAA
184708,23孝长01,孝感市长兴投资有限公司,7,AA+
184709,23萧开01,杭州萧山经济技术开发区国有资产经营有限公司,7,AAA
184710,G23南湖1,嘉兴市南湖城市建设投资集团有限公司,7,AA+
184711,23嘉新01,嘉兴高新集团有限公司,7,AA+
184712,23太新01,无锡市太湖新城发展集团有限公司,5,AAA
184713,23翠屏债,宜宾市翠屏区国有资产经营管理有限责任公司,7,AAA
184714,23北港01,广西北部湾国际港务集团有限公司,5,AAA
184715,23丰城投,丰县城市建设投资集团有限公司,7,AAA
184716,23陆嘴01,上海陆家嘴(集团)有限公司,5,AAA
184717,23镜湖债,绍兴市镜湖开发集团有限公司,10,AAA
184718,G23渭南1,渭南市城市投资集团有限公司,7,AA+
184719,23彭泽债,彭泽县城市发展建设集团有限公司,7,AAA
184720,23嘉善01,嘉善县国有资产投资集团有限公司,7,AA+
184721,23广信债,上饶市广信城投集团有限公司,7,AAA
184722,23五河01,五河县城市建设投资经营有限责任公司,7,AAA
184723,23内兴01,内江兴元实业集团有限责任公司,5,AAA
184724,23当阳债,当阳市建设投资控股集团有限公司,7,AAA
184725,23宿松01,宿松县建设发展投资有限公司,7,AAA
184726,23济城01,济南城市投资集团有限公司,5,AAA
184727,23嘉特01,嘉兴特钢新城开发有限公司,7,AA+
184728,23当涂债,当涂县城乡建设投资有限责任公司,7,AAA
184729,23平果债,广西平果市城市建设投资有限责任公司,7,AAA
184730,23孝感债,孝感市城市建设投资公司,7,AAA
184731,23当经债,安徽当涂经济开发区建设投资有限责任公司,7,AAA
184732,23海淀01,北京市海淀区国有资本运营有限公司,5,AAA
184733,23台州01,台州市国有资本运营集团有限公司,10,AAA
184734,23厦城01,厦门市城市建设发展投资有限公司,7,AAA
184735,23宁国01,宁国市国有资本控股集团有限公司,7,AAA
184736,23宁国02,宁国市国有资本控股集团有限公司,7,AAA
184737,23南安债,南安市能源工贸投资发展集团有限公司,7,AAA
184738,23铜梁01,重庆市铜梁区金龙城市建设发展(集团)有限公司,7,AAA
184739,23万盛01,重庆市万盛经济技术开发区开发投资集团有限公司,7,AAA
184740,23滕建债,滕州市城市建设综合开发有限公司,7,AAA
184741,23浔新02,湖州南浔新开建设集团有限公司,7,AA+
184742,G23荆交,荆门市交通旅游投资集团有限公司,7,AAA
184743,23汉江01,汉江国有资本投资集团有限公司,3,AAA
184744,23荆门债,荆门市城市建设投资有限公司,7,AAA
184745,23浙天01,浙江天子湖实业投资有限公司,7,AA+
184746,23兴阳债,泸州兴阳投资集团有限公司,5,AAA
184747,23甘交01,甘肃省公路交通建设集团有限公司,3,AAA
184748,23南园债,南安市园区开发建设集团有限责任公司,3,AA+
184749,23肥资01,肥城市城市资产经营集团有限公司,7,AAA
184750,23山高01,山东高速集团有限公司,5,AAA
184751,23新锦01,杭州市临安区新锦产业发展集团有限公司,7,AA+
184752,G正方01,山东正方控股集团有限公司,7,AAA
184753,23宁都01,宁都县城市发展投资有限公司,7,AAA
184754,23武空01,武汉临空港投资集团有限公司,7,AA+
184755,23临财01,淄博市临淄区九合财金控股有限公司,7,AAA
184756,23香发债,成都香城城市发展有限公司,7,AA+
184757,23邮集01,高邮市经济发展集团有限公司,7,AAA
184758,23建高01,建湖县高新投资发展有限公司,7,AAA
184759,23桐投债,桐庐投资建设发展集团有限公司,7,AAA
184760,23上城02,杭州上城区城市建设投资集团有限公司,7,AAA
184761,23翠屏02,宜宾市翠屏区国有资产经营管理有限责任公司,7,AAA
184762,23天门02,张家界天门旅游经济投资有限责任公司,7,AAA
184763,23寿港01,寿光市港投控股集团有限公司,7,AAA
184764,23萍昌01,江西省萍乡市昌盛城市投资有限公司,7,AA+
184765,23科城01,科学城(广州)投资集团有限公司,6,AAA
184766,23云投01,云南省投资控股集团有限公司,3,AAA
184767,23岚小01,日照市岚山区城市建设发展有限公司,7,AAA
184768,23宁城02,宁乡市城市建设投资集团有限公司,7,AA+
184769,23龙经债,龙岩经济发展集团有限公司,5,AA
184770,23嵊城01,嵊州市城市建设投资发展集团有限公司,7,AA+
184771,23润企债,睢宁县润企投资有限公司,7,AAA
184772,23望投01,长沙市望城区城市建设投资集团有限公司,7,AA+
184773,23仙投01,福建省九仙产业投资发展集团有限公司,7,AAA
184774,23航发01,西安航天城市发展控股集团有限公司,7,AAA
184775,23余发01,余干县发展控股集团有限公司,7,AAA
184776,23鑫通01,洛阳鑫通经济发展投资有限公司,7,AAA
184777,23通商01,宁波通商控股集团有限公司,10,AAA
184778,G23大理1,大理州交通投资开发(集团)有限公司,7,AA
184779,23国晟01,洛阳国晟投资控股集团有限公司,7,AAA
184781,23平天湖,安徽平天湖投资控股集团有限公司,7,AAA
184782,23永业01,兴宁市永业基础设施建设投资有限公司,7,AAA
184783,23应城01,应城市蒲阳开发投资有限公司,5,AAA
184784,23博投01,博尔塔拉蒙古自治州国有资产投资经营有限责任公司,7,AA
184785,23渝高01,重庆高速公路集团有限公司,15,AAA
184786,23钱塘债,杭州钱塘新区产业发展集团有限公司,7,AA+
184787,23瀚宇02,成都市瀚宇投资有限公司,7,AAA
184788,23蓉高F1,成都高新投资集团有限公司,10,AAA
184789,23蓉高Y1,成都高新投资集团有限公司,nan,AAA
184791,23徐投01,徐州工业园区投资发展集团有限公司,7,AAA
184792,23发控02,海南省发展控股有限公司,5,AAA
184793,23鹤投01,鹤壁投资集团有限公司,7,AAA
184794,23奉化债,宁波市奉化区城市投资发展集团有限公司,7,AAA
184795,23娄锑01,娄底锑都投资发展有限公司,7,AAA
184796,23耀安01,安徽耀安投资集团有限公司,7,AAA
184797,23东坡01,眉山市东坡发展投资有限公司,4,AAA
184798,23淮联01,淮安市国有联合投资发展集团有限公司,7,AAA
184799,23浏发01,浏阳市城乡发展集团有限责任公司,7,AA+
185000,21环球Y3,中国环球租赁有限公司,nan,AAA
185001,21莱钢Y1,莱芜钢铁集团有限公司,nan,AAA
185002,21远东九,远东国际融资租赁有限公司,2,AAA
185003,21鲁高06,山东高速集团有限公司,5,AAA
185004,21秦发02,秦皇岛城市发展投资控股集团有限公司,5,AAA
185005,21鲁高07,山东高速集团有限公司,10,AAA
185007,21恒健03,广东恒健投资控股有限公司,2,AAA
185009,21中公Y1,中交一公局集团有限公司,nan,AAA
185010,21海通11,海通证券股份有限公司,3,AAA
185011,21诚通19,中国诚通控股集团有限公司,5,AAA
185012,21中船01,中国船舶工业集团有限公司,3,AAA
185014,21津投12,天津城市基础设施建设投资集团有限公司,2,AAA
185016,21电科01,中国电子科技集团有限公司,3,AAA
185017,21广越S1,广州越秀集团股份有限公司,0.33,nan
185020,GC核融01,中核融资租赁有限公司,3,AAA
185021,G21华新2,华电新能源集团股份有限公司,3,AAA
185022,21昆速01,昆明市高速公路建设开发股份有限公司,5,nan
185023,21诚泰01,诚泰融资租赁(上海)有限公司,3,AA+
185025,21衢资02,衢州市国有资本运营有限公司,3,AA+
185026,21泉城01,泉州城建集团有限公司,5,AAA
185027,21金控06,江苏金坛投资控股有限公司,3,AAA
185028,21中泰05,中泰证券股份有限公司,3,AAA
185030,21藏建02,西藏建工建材集团有限公司,5,AA+
185032,21中豫02,中原豫资投资控股集团有限公司,3,nan
185033,21诚通21,中国诚通控股集团有限公司,5,AAA
185035,21东债02,东方证券股份有限公司,3,AAA
185038,21铁建Y4,中国铁建股份有限公司,nan,AAA
185039,21铁建Y3,中国铁建股份有限公司,nan,AAA
185041,21金隅01,北京金隅集团股份有限公司,5,AAA
185042,21核建Y1,中国核工业建设股份有限公司,nan,AAA
185043,G21综能1,国网综合能源服务集团有限公司,3,AA+
185044,21晋中01,晋中市公用基础设施投资控股(集团)有限公司,5,nan
185045,21中证20,中信证券股份有限公司,3,AAA
185046,21宁沪G2,江苏宁沪高速公路股份有限公司,5,AAA
185047,21瀚蓝01,瀚蓝环境股份有限公司,2,AA+
185050,21首农Y3,北京首农食品集团有限公司,nan,AAA
185051,21格力01,珠海格力集团有限公司,5,AAA
185052,21铁工Y7,中国中铁股份有限公司,nan,AAA
185053,21象金03,厦门象屿金象控股集团有限公司,3,AAA
185054,21吴城G1,苏州市吴中城市建设投资集团有限公司,3,nan
185055,21如皋01,如皋市城市产业发展集团有限公司,5,AA+
185056,21铁工Y8,中国中铁股份有限公司,nan,AAA
185057,21舟城03,舟山海城建设投资集团有限公司,5,nan
185058,21豫通Y3,河南交通投资集团有限公司,nan,AAA
185059,21豫保Y1,河南省中豫融资担保有限公司,nan,AAA
185060,21昌控01,南昌市产业投资集团有限公司,5,AAA
185061,21豫通Y4,河南交通投资集团有限公司,nan,AAA
185062,21中化03,中国中化股份有限公司,3,nan
185063,21中电Y2,中国电子信息产业集团有限公司,nan,AAA
185064,21中化04,中国中化股份有限公司,5,nan
185065,21华电07,中国华电集团有限公司,2,AAA
185066,21华电08,中国华电集团有限公司,3,AAA
185067,21华租03,华电融资租赁有限公司,3,AAA
185068,21昌投G1,昌吉州国有资产投资经营集团有限公司,5,AA+
185069,21创鸿05,江苏创鸿资产管理有限公司,5,AAA
185071,21中关Y5,中关村发展集团股份有限公司,nan,AAA
185073,21兴泸05,泸州市兴泸投资集团有限公司,7,AA+
185074,21鲁铁G2,山东铁路投资控股集团有限公司,5,AAA
185076,21上控01,上饶投资控股集团有限公司,5,AAA
185077,21国新05,中国国新控股有限责任公司,5,nan
185078,21津投14,天津城市基础设施建设投资集团有限公司,2,AAA
185081,21巨石01,中国巨石股份有限公司,3,AAA
185082,21中船03,中国船舶工业集团有限公司,3,AAA
185083,21国新04,中国国新控股有限责任公司,3,nan
185085,21南山02,南山集团有限公司,3,AAA
185087,21济轨Y5,济南轨道交通集团有限公司,nan,AAA
185088,21江铜01,江西铜业股份有限公司,2,AAA
185089,21泉城02,泉州城建集团有限公司,3,AAA
185090,21绵控Y1,绵阳市投资控股(集团)有限公司,nan,AA+
185091,21中金G8,中国国际金融股份有限公司,10,AAA
185093,21冀通01,河北建投交通投资有限责任公司,3,AAA
185094,21泉城03,泉州城建集团有限公司,5,AAA
185095,21杭城01,杭州市城市建设投资集团有限公司,3,AAA
185096,21杭城02,杭州市城市建设投资集团有限公司,5,AAA
185097,21中金G7,中国国际金融股份有限公司,3,AAA
185098,21方程Y1,中建方程投资发展集团有限公司,nan,AA+
185099,21浙商G2,浙江省浙商资产管理股份有限公司,5,nan
185100,21方程Y2,中建方程投资发展集团有限公司,nan,AA+
185102,21冀通02,河北建投交通投资有限责任公司,10,AAA
185103,21豫投01,河南投资集团有限公司,10,AAA
185104,21财通G2,财通证券股份有限公司,1.02,AAA
185105,21昆投02,昆山国创投资集团有限公司,3,AA+
185107,21万州01,重庆万州经济技术开发(集团)有限公司,5,AA+
185109,21唐资01,中国大唐集团资本控股有限公司,3,AAA
185110,21中证21,中信证券股份有限公司,3,AAA
185111,21江东07,江东控股集团有限责任公司,5,nan
185113,21安租Y5,平安国际融资租赁有限公司,nan,AAA
185114,21北辰G2,北京北辰实业股份有限公司,5,AAA
185115,21中电Y3,中国电子信息产业集团有限公司,nan,AAA
185116,21财金04,山东省财金投资集团有限公司,5,AAA
185117,21广越09,广州越秀集团股份有限公司,10,AAA
185119,21铁建Y6,中国铁建股份有限公司,nan,AAA
185120,21铁建Y5,中国铁建股份有限公司,nan,AAA
185121,21广越08,广州越秀集团股份有限公司,5,AAA
185122,21天航Y3,中交天津航道局有限公司,nan,AAA
185124,21市新01,上海市北高新股份有限公司,5,AAA
185126,GC华租Y2,华电融资租赁有限公司,nan,AAA
185127,21皖控01,安徽省国有资本运营控股集团有限公司,5,AA+
185128,21延长Y4,陕西延长石油(集团)有限责任公司,nan,AAA
185130,21特房05,厦门经济特区房地产开发集团有限公司,4,AA+
185131,GC华租Y1,华电融资租赁有限公司,nan,AAA
185132,21红狮03,红狮控股集团有限公司,3,AAA
185133,21豫通Y5,河南交通投资集团有限公司,nan,AAA
185134,21中财G5,中国中金财富证券有限公司,5,AAA
185136,21浦土03,上海浦东土地控股(集团)有限公司,5,AAA
185137,21大唐Y1,中国大唐集团有限公司,nan,AAA
185138,21陕旅01,陕西旅游集团有限公司,10,AAA
185139,21CHNG1Y,中国华能集团有限公司,nan,AAA
185140,21浦集05,上海浦东发展(集团)有限公司,7,AAA
185141,21石化01,中国石油化工集团有限公司,3,nan
185142,G21苏交1,江苏交通控股有限公司,3,AAA
185144,21浦集04,上海浦东发展(集团)有限公司,5,AAA
185145,21上唐03,上海大唐融资租赁有限公司,3,AAA
185146,21石化S1,中国石油化工集团有限公司,0.75,nan
185148,21国新06,中国国新控股有限责任公司,10,AAA
185151,GC国铁02,中国铁路投资集团有限公司,3,AAA
185152,21海控02,海南省发展控股有限公司,5,AAA
185153,21交建Y3,中国交通建设股份有限公司,nan,AAA
185154,21金隅Y2,北京金隅集团股份有限公司,nan,AAA
185156,21交建Y4,中国交通建设股份有限公司,nan,AAA
185157,21铁投Y1,中国铁建投资集团有限公司,nan,AAA
185159,21铁投Y2,中国铁建投资集团有限公司,nan,AAA
185160,21泰交G4,泰州市交通产业集团有限公司,5,AA+
185161,21龙川G4,扬州龙川控股集团有限责任公司,5,nan
185163,21恒信G5,海通恒信国际融资租赁股份有限公司,3,AAA
185165,21上航Y1,中交上海航道局有限公司,nan,AAA
185166,H21汽车1,广汇汽车服务有限责任公司,3,nan
185167,21天地一,天地源股份有限公司,3,AA+
185168,21三航Y1,中交第三航务工程局有限公司,nan,AAA
185170,21蓉高Y2,成都高新投资集团有限公司,nan,AAA
185172,22银桥01,昆山银桥控股集团有限公司,3,nan
185173,21津投16,天津城市基础设施建设投资集团有限公司,2,AAA
185174,22鄂科Y1,湖北省科技投资集团有限公司,nan,AAA
185175,21渝南05,重庆市渝南资产经营有限公司,3,nan
185176,21天风05,天风证券股份有限公司,3,AAA
185178,21路建Y1,中交路桥建设有限公司,nan,AAA
185179,21莱钢Y2,莱芜钢铁集团有限公司,nan,AAA
185180,22相城01,苏州市相城城市建设投资(集团)有限公司,3,AA+
185181,G中建Y1,中建科技集团有限公司,nan,AA+
185182,22义市01,义乌市市场发展集团有限公司,3,AA+
185183,21铁沪Y2,中铁上海工程局集团有限公司,nan,AAA
185186,21陕旅02,陕西旅游集团有限公司,10,nan
185187,22藏投01,拉萨市城市建设投资经营有限公司,5,AA+
185190,21诚通23,中国诚通控股集团有限公司,5,AAA
185191,21诚通24,中国诚通控股集团有限公司,7,AAA
185192,21中控01,河南中原金控有限公司,2,AA+
185193,21蒙电Y1,内蒙古蒙电华能热电股份有限公司,nan,AAA
185194,21交建Y5,中国交通建设股份有限公司,nan,AAA
185195,21陕煤Y5,陕西煤业化工集团有限责任公司,nan,AAA
185196,21铁建Y8,中国铁建股份有限公司,nan,AAA
185197,22三明01,三明市投资发展集团有限公司,3,AA+
185198,21铁建Y7,中国铁建股份有限公司,nan,AAA
185199,22宁投01,宁德市交通投资集团有限公司,5,nan
185200,22津投01,天津城市基础设施建设投资集团有限公司,2,AAA
185201,22国丰Y1,烟台国丰投资控股集团有限公司,nan,AAA
185203,21泰达01,天津泰达投资控股有限公司,3,AAA
185204,22建租01,中建投租赁股份有限公司,4,AAA
185205,22HDGJ01,华电国际电力股份有限公司,3,AAA
185206,22建租02,中建投租赁股份有限公司,5,AAA
185207,22宁铁01,南京地铁集团有限公司,3,AAA
185208,22建资01,南京建邺国有资产经营集团有限公司,5,nan
185209,22中化02,中国中化股份有限公司,5,nan
185210,GC融和05,中电投融和融资租赁有限公司,5,AAA
185211,22远东一,远东国际融资租赁有限公司,3,AAA
185213,GC融和04,中电投融和融资租赁有限公司,3,AAA
185214,22嵊州01,嵊州市投资控股有限公司,7,AA+
185216,22奉交01,上海奉贤交通能源(集团)有限公司,5,AA+
185217,22济金02,济南金投控股集团有限公司,5,nan
185218,22兴港01,河南航空港投资集团有限公司,3,nan
185220,22复星01,上海复星高科技(集团)有限公司,2,AAA
185221,22中化01,中国中化股份有限公司,3,nan
185223,22金隅Y1,北京金隅集团股份有限公司,nan,AAA
185224,22金隅Y2,北京金隅集团股份有限公司,nan,AAA
185225,22安建01,安徽建工集团股份有限公司,5,nan
185226,22HBST01,湖北省科技投资集团有限公司,10,nan
185227,22常城01,常州市城市建设(集团)有限公司,10,AAA
185228,22产投G1,南京江北新区产业投资集团有限公司,5,AAA
185229,22中化G1,中化国际控股股份有限公司,3,AAA
185232,22国发01,苏州国际发展集团有限公司,3,AAA
185234,22诚通02,中国诚通控股集团有限公司,7,AAA
185235,22诚通01,中国诚通控股集团有限公司,3,AAA
185236,22中豫01,中原豫资投资控股集团有限公司,5,nan
185237,22宜兴01,宜兴市城市发展投资有限公司,7,nan
185238,22京投01,北京市基础设施投资有限公司,3,AAA
185239,22如皋01,如皋市城市产业发展集团有限公司,5,AA+
185240,G22长电1,中国长江电力股份有限公司,3,AAA
185241,G22长电2,中国长江电力股份有限公司,5,AAA
185243,22中航01,中国航空集团有限公司,3,AAA
185244,22芜建01,芜湖市投资控股集团有限公司,5,AA+
185246,22中泰01,中泰证券股份有限公司,3,AAA
185248,22建发01,厦门建发股份有限公司,3,AAA
185249,22漳九02,漳州市九龙江集团有限公司,7,AAA
185250,22漳九01,漳州市九龙江集团有限公司,5,AAA
185251,22津投02,天津城市基础设施建设投资集团有限公司,2,AAA
185252,22装备01,晋能控股装备制造集团有限公司,5,AAA
185253,22环球01,中国环球租赁有限公司,5,AAA
185254,22大唐Y1,中国大唐集团有限公司,nan,AAA
185255,22翔业01,厦门翔业集团有限公司,3,AAA
185256,22柳建01,广西柳州市建设投资开发有限责任公司,3,AA+
185257,22路桥Y1,厦门路桥建设集团有限公司,nan,AAA
185258,22宁资02,宁夏国有资本运营集团有限责任公司,3,AAA
185260,22装备02,晋能控股装备制造集团有限公司,5,AAA
185261,22铁工01,中国中铁股份有限公司,3,AAA
185262,22铁工02,中国中铁股份有限公司,5,AAA
185263,22路桥01,厦门路桥建设集团有限公司,3,AAA
185264,22航租01,中航国际融资租赁有限公司,3,AAA
185265,22广药01,广州医药集团有限公司,5,nan
185266,22甬城01,宁波城建投资集团有限公司,5,AAA
185267,22安租01,平安国际融资租赁有限公司,3,AAA
185268,22安租02,平安国际融资租赁有限公司,4,AAA
185269,22兴业01,兴业证券股份有限公司,3,AAA
185270,22CHNES1,国家能源投资集团有限责任公司,0.5,nan
185271,22狮桥01,狮桥融资租赁(中国)有限公司,2,AA+
185272,22嵊州02,嵊州市投资控股有限公司,3,nan
185273,22张公G1,张家港市国有资本投资集团有限公司,5,AAA
185274,22龙湖01,重庆龙湖企业拓展有限公司,6,AAA
185275,22龙湖02,重庆龙湖企业拓展有限公司,8,AAA
185276,22西基01,西安城市基础设施建设投资集团有限公司,5,AAA
185277,22西基02,西安城市基础设施建设投资集团有限公司,10,AAA
185280,22国电01,国电电力发展股份有限公司,3,nan
185281,22国电02,国电电力发展股份有限公司,5,nan
185283,22金隅Y4,北京金隅集团股份有限公司,nan,AAA
185284,22国控01,江西省国有资本运营控股集团有限公司,3,AAA
185285,22海通01,海通证券股份有限公司,2.97,AAA
185286,22招证G1,招商证券股份有限公司,3,AAA
185288,22招金01,招金矿业股份有限公司,5,AAA
185290,22开源债,开源证券股份有限公司,3,AAA
185292,22建材Y1,中国建材股份有限公司,nan,AAA
185294,22格力01,珠海格力集团有限公司,3,AAA
185295,22闽能01,福建省能源集团有限责任公司,3,nan
185296,GC三峡S1,中国长江三峡集团有限公司,0.25,nan
185297,GC三峡S2,中国长江三峡集团有限公司,0.5,nan
185298,GC三峡02,中国长江三峡集团有限公司,10,AAA
185300,22深高01,深圳高速公路集团股份有限公司,7,AAA
185301,22浦集01,上海浦东发展(集团)有限公司,5,AAA
185302,22蓉金01,成都交子金融控股集团有限公司,3,nan
185303,22苏新01,苏州苏高新集团有限公司,5,nan
185305,22青信01,青岛国信发展(集团)有限责任公司,3,AAA
185306,22清能01,湖北清能投资发展集团有限公司,3,AAA
185308,22浙商G1,浙江省浙商资产管理股份有限公司,5,nan
185311,22邮政01,中国邮政集团有限公司,2,AAA
185312,22邮政02,中国邮政集团有限公司,3,AAA
185314,22吴城G1,苏州市吴中城市建设投资集团有限公司,3,nan
185315,22华综01,珠海华发综合发展有限公司,5,AAA
185316,22上证01,上海证券有限责任公司,3,AAA
185318,22江宁Y2,南京江宁城市建设集团有限公司,nan,AAA
185319,22镇公01,镇江城市建设产业集团有限公司,5,nan
185320,22京资01,北京市国有资产经营有限责任公司,10,AAA
185321,22中原01,中原证券股份有限公司,3,nan
185322,22天风01,天风证券股份有限公司,3,AAA
185323,22新际01,新兴际华集团有限公司,3,nan
185324,22建集01,厦门建发集团有限公司,5,AAA
185325,22新际02,新兴际华集团有限公司,5,nan
185326,22兖投01,济宁市兖州区惠民城建投资有限公司,5,nan
185327,22蓉高01,成都高新投资集团有限公司,10,nan
185328,22首集租,北京首都创业集团有限公司,3,AAA
185329,22晋股01,晋能控股山西煤业股份有限公司,5,AAA
185330,22株国01,株洲市国有资产投资控股集团有限公司,5,nan
185331,22铁投Y1,中国铁建投资集团有限公司,nan,AAA
185332,G22电建1,中国电力建设股份有限公司,3,nan
185334,22大唐Y2,中国大唐集团有限公司,nan,AAA
185335,22润药01,华润医药控股有限公司,3,AAA
185336,22武金Y1,武汉金融控股(集团)有限公司,nan,AAA
185339,22张科01,上海张江科技创业投资有限公司,5,AAA
185341,22财通G1,财通证券股份有限公司,3,AAA
185342,22柳控01,广西柳州市投资控股集团有限公司,5,AA+
185344,22广越02,广州越秀集团股份有限公司,10,nan
185345,22武经01,江苏武进经济发展集团有限公司,5,nan
185346,22远东二,远东国际融资租赁有限公司,3,AAA
185347,22中车G1,中国中车集团有限公司,10,nan
185348,22津投03,天津城市基础设施建设投资集团有限公司,2,AAA
185349,22国机01,中国机械工业集团有限公司,1.02,nan
185350,22宁港01,宁波舟山港集团有限公司,3,nan
185352,22海陵G1,泰州海陵城市发展集团有限公司,5,nan
185354,22宁港02,宁波舟山港集团有限公司,5,nan
185355,22宁港03,宁波舟山港集团有限公司,10,nan
185356,GC申股01,申能股份有限公司,3,AAA
185357,22太新01,无锡市太湖新城发展集团有限公司,10,AAA
185359,22海通02,海通证券股份有限公司,3,AAA
185360,22中证01,中信证券股份有限公司,5.02,AAA
185361,22中证02,中信证券股份有限公司,10.12,AAA
185362,22太新02,无锡市太湖新城发展集团有限公司,10,AAA
185363,22交建Y1,中国交通建设股份有限公司,nan,AAA
185364,22华泰G1,华泰证券股份有限公司,3,AAA
185365,22远租01,海发宝诚融资租赁有限公司,3,nan
185366,22远东三,远东国际融资租赁有限公司,4,AAA
185368,22绿城01,绿城房地产集团有限公司,5,AAA
185369,22星发01,长沙县星城发展集团有限公司,5,AA+
185370,22津投04,天津城市基础设施建设投资集团有限公司,2,AAA
185371,22兴投02,河南航空港投资集团有限公司,3,nan
185372,22朝国02,北京朝阳国有资本运营管理有限公司,7,AAA
185373,22保置02,保利置业集团有限公司,7,nan
185374,22朝国01,北京朝阳国有资本运营管理有限公司,5,AAA
185376,22保置01,保利置业集团有限公司,5,nan
185377,22三投01,三门峡市投资集团有限公司,3,nan
185378,22金茂01,上海金茂投资管理集团有限公司,5,AAA
185380,22中航02,中国航空集团有限公司,3,AAA
185382,22建投03,南京江北新区建设投资集团有限公司,3,nan
185383,22中航03,中国航空集团有限公司,5,AAA
185384,22邮政04,中国邮政集团有限公司,3,AAA
185385,22安租03,平安国际融资租赁有限公司,4,nan
185386,22国丰Y2,烟台国丰投资控股集团有限公司,nan,AAA
185387,22常城03,常州市城市建设(集团)有限公司,10,AAA
185389,22HBST02,湖北省科技投资集团有限公司,10,nan
185391,22浦创G1,上海浦东科创集团有限公司,5,AAA
185392,22沪投01,上海市信息投资股份有限公司,5,AAA
185393,22招证G2,招商证券股份有限公司,3,AAA
185395,22环球02,中国环球租赁有限公司,5,AAA
185396,22皋通G1,如皋市交通产业集团有限公司,5,nan
185397,22交建Y2,中国交通建设股份有限公司,nan,AAA
185398,22常通01,常州市交通产业集团有限公司,8,nan
185399,22国新02,中国国新控股有限责任公司,15,AAA
185401,22国新01,中国国新控股有限责任公司,10,AAA
185402,22沪电01,上海电力股份有限公司,3,nan
185403,22新际03,新兴际华集团有限公司,5,nan
185405,22金港01,张家港保税区金港资产经营集团有限公司,5,nan
185406,22金港02,张家港保税区金港资产经营集团有限公司,5,nan
185408,22航租02,中航国际融资租赁有限公司,5,AAA
185409,22象屿G1,厦门象屿集团有限公司,3,AAA
185410,22象屿G2,厦门象屿集团有限公司,5,AAA
185411,22湖州01,湖州市城市投资发展集团有限公司,5,AAA
185412,22大唐Y3,中国大唐集团有限公司,nan,AAA
185413,22青租01,青岛城乡建设融资租赁有限公司,3,AAA
185414,22冀通01,河北建投交通投资有限责任公司,3,AAA
185415,22冀通02,河北建投交通投资有限责任公司,10,AAA
185416,22鲁铁01,山东铁路投资控股集团有限公司,5,AAA
185417,22鲁铁02,山东铁路投资控股集团有限公司,10,AAA
185418,22苏城01,苏州城市建设投资发展(集团)有限公司,5,AAA
185419,22天风02,天风证券股份有限公司,3,AAA
185420,22南资01,南方工业资产管理有限责任公司,3,AA+
185421,22东吴01,东吴证券股份有限公司,3,AAA
185422,22东吴02,东吴证券股份有限公司,5,AAA
185423,22大唐01,中国大唐集团有限公司,3,AAA
185424,22抚州02,抚州市市属国有资产投资控股集团有限公司,5,AA+
185426,22张经01,张家港经开区控股集团有限公司,3,AA+
185427,22吴江G1,苏州市吴江城市投资发展集团有限公司,3,nan
185428,22国惠01,山东国惠投资控股集团有限公司,3,nan
185429,22沪国01,上海国有资产经营有限公司,3,nan
185430,22国惠02,山东发展投资控股集团有限公司,5,nan
185431,22北方01,中国北方工业有限公司,5,AAA
185432,22焦煤Y1,山西焦煤集团有限责任公司,nan,AAA
185433,22象金01,厦门象屿金象控股集团有限公司,3,AAA
185434,22国控02,江西省国有资本运营控股集团有限公司,3,AAA
185435,22赣融01,江西省金融控股集团有限公司,3,AAA
185436,22产融01,中航工业产融控股股份有限公司,3,AAA
185437,22舟城01,舟山海城建设投资集团有限公司,5,nan
185438,22鄂交Y2,湖北交通投资集团有限公司,nan,AAA
185439,22宁资03,宁夏国有资本运营集团有限责任公司,3,AAA
185441,22晋中01,晋中市公用基础设施投资控股(集团)有限公司,5,nan
185442,22CHNES2,国家能源投资集团有限责任公司,0.5,nan
185443,22吴发G1,江苏省吴中经济技术发展集团有限公司,3,nan
185444,GC财团03,苏州中方财团控股股份有限公司,5,nan
185446,22唐新01,中国大唐集团新能源股份有限公司,3,AAA
185448,22海通03,海通证券股份有限公司,3,AAA
185449,22衢资01,衢州市国有资本运营有限公司,3,nan
185450,22中证03,中信证券股份有限公司,3,AAA
185451,22安控01,浙江安吉国控建设发展集团有限公司,5,nan
185452,GC天成05,华能天成融资租赁有限公司,3,AAA
185453,22建房01,建发房地产集团有限公司,6,AAA
185455,GC天成06,华能天成融资租赁有限公司,5,AAA
185456,22豫园01,上海豫园旅游商城(集团)股份有限公司,3,AAA
185457,22兴资01,兴业资产管理有限公司,3,AAA
185458,22巨石01,中国巨石股份有限公司,3,nan
185459,22钱江01,杭州市钱江新城投资集团有限公司,5,AAA
185460,22杭实01,杭州市实业投资集团有限公司,3,nan
185461,22恒信Y1,海通恒信国际融资租赁股份有限公司,nan,AAA
185462,GC甬能01,宁波能源集团股份有限公司,3,AAA
185463,22中证04,中信证券股份有限公司,5,AAA
185464,22晋纾01,晋中市公用基础设施投资控股(集团)有限公司,5,AA+
185465,22黄海01,江苏黄海金融控股集团有限公司,3,AA+
185466,22远发01,中远海运发展股份有限公司,5,AAA
185467,22张公G2,张家港市国有资本投资集团有限公司,3,AAA
185468,22昆投01,昆山国创投资集团有限公司,3,AA+
185469,22沪电02,上海电力股份有限公司,3,nan
185470,22远东四,远东国际融资租赁有限公司,4,AAA
185471,22蓉产01,成都产业投资集团有限公司,5,AAA
185473,22GLP01,普洛斯中国控股有限公司,3,AAA
185475,22贵安G1,贵州贵安发展集团有限公司,5,nan
185476,22华鑫01,华鑫证券有限责任公司,3,nan
185477,22远东五,远东国际融资租赁有限公司,3,AAA
185478,22兵装S1,中国兵器装备集团有限公司,1,A-1
185480,22中希01,中国希格玛有限公司,2,nan
185481,22中财G1,中国中金财富证券有限公司,3,AAA
185482,22中财G2,中国中金财富证券有限公司,5,AAA
185483,22杭金01,杭州市金融投资集团有限公司,5,AAA
185484,22华福G1,华福证券有限责任公司,3,AAA
185486,22紫金01,紫金矿业集团股份有限公司,5,AAA
185487,22杭金02,杭州市金融投资集团有限公司,5,AAA
185489,G22桂冠1,广西桂冠电力股份有限公司,3,AAA
185490,22鄂科Y2,湖北省科技投资集团有限公司,nan,AAA
185491,22赣铁01,江西省铁路航空投资集团有限公司,5,AAA
185492,22京资02,北京市国有资产经营有限责任公司,5,AAA
185494,22漳九03,漳州市九龙江集团有限公司,5,AAA
185496,22兴杭01,闽西兴杭国有资产投资经营有限公司,3,AAA
185497,22临港G1,上海临港经济发展(集团)有限公司,5,AAA
185498,22洪政01,南昌市政公用集团有限公司,5,AAA
185499,22山招Y1,山东招金集团有限公司,nan,AAA
185500,GC中核01,中国核工业集团有限公司,3,AAA
185501,22安租05,平安国际融资租赁有限公司,4,AAA
185502,22安租06,平安国际融资租赁有限公司,5,AAA
185503,GC中核02,中国核工业集团有限公司,5,AAA
185504,22浙资01,浙江省国有资本运营有限公司,3,AAA
185505,22鲁金01,山东省金融资产管理股份有限公司,5,AAA
185506,22浙商G2,浙江省浙商资产管理股份有限公司,5,nan
185507,22文汇Y1,龙岩文旅汇金发展集团有限公司,nan,AA+
185508,22昆交G1,昆明交通产业股份有限公司,5,AAA
185510,22万州01,重庆万州经济技术开发(集团)有限公司,5,AA+
185512,22东吴03,东吴证券股份有限公司,3,AAA
185513,22建发G1,乌鲁木齐经济技术开发区建发国有资本投资运营(集团)有限公司,5,nan
185514,22曹国02,曹妃甸国控投资集团有限公司,5,AA+
185515,22南钢01,南京南钢钢铁联合有限公司,3,AA+
185516,22京发01,京投发展股份有限公司,3,AAA
185517,22诚通K1,中国诚通控股集团有限公司,3,AAA
185518,22湖州02,湖州市城市投资发展集团有限公司,5,AAA
185520,22红塔01,红塔证券股份有限公司,3,AAA
185522,22中保01,中国投融资担保股份有限公司,5,AAA
185525,22兴城01,成都兴城投资集团有限公司,3,AAA
185526,22兴城02,成都兴城投资集团有限公司,5,AAA
185527,22东风01,东风汽车集团股份有限公司,3,nan
185529,22五资01,五矿资本控股有限公司,3,AAA
185530,22国新03,中国国新控股有限责任公司,3,AAA
185531,22国新04,中国国新控股有限责任公司,5,AAA
185532,22鲁信01,山东省鲁信投资控股集团有限公司,5,AAA
185533,22常新G1,常州东方新城建设集团有限公司,5,nan
185534,22陕煤Y1,陕西煤业化工集团有限责任公司,nan,AAA
185535,22湖交01,湖州市交通投资集团有限公司,5,AAA
185536,22天地一,天地源股份有限公司,3,AA+
185537,22恒健K1,广东恒健投资控股有限公司,3,AAA
185538,22特房01,厦门经济特区房地产开发集团有限公司,5,AA+
185539,G22临债1,上海临港控股股份有限公司,4,AAA
185540,G22临债2,上海临港控股股份有限公司,5,AAA
185542,22兴投03,河南航空港投资集团有限公司,3,nan
185543,22国都G1,国都证券股份有限公司,3,AA+
185544,22国都G2,国都证券股份有限公司,4,AA+
185545,22建银01,中国建银投资有限责任公司,3,AAA
185546,22建银02,中国建银投资有限责任公司,5,AAA
185547,22云交01,云南省交通投资建设集团有限公司,3,AAA
185548,22甬投01,宁波开发投资集团有限公司,5,AAA
185549,22陕金01,陕西金融控股集团有限公司,3,AAA
185550,22国君G1,国泰君安证券股份有限公司,3,AAA
185551,22南山01,南山集团有限公司,3,AAA
185553,22榆能01,陕西榆林能源集团有限公司,5,nan
185554,22国君G2,国泰海通证券股份有限公司,10,AAA
185555,22苏创01,苏州创元投资发展(集团)有限公司,5,nan
185556,22财证01,财信证券股份有限公司,2,AAA
185557,22远租02,海发宝诚融资租赁有限公司,3,nan
185558,22中泰02,中泰证券股份有限公司,3,AAA
185559,22财证02,财信证券股份有限公司,3,AAA
185560,22赣交01,江西省交通投资集团有限责任公司,10,AAA
185561,22赣交02,江西省交通投资集团有限责任公司,10,AAA
185562,22交房01,中交房地产集团有限公司,5,AAA
185563,22锡产Y1,无锡产业发展集团有限公司,nan,AAA
185565,22兴泸02,泸州市兴泸投资集团有限公司,7,AA+
185567,22格地02,格力地产股份有限公司,3,AA+
185568,22交投Y1,中交投资有限公司,nan,AAA
185569,22中铁01,中国铁建房地产集团有限公司,5,AAA
185570,22国机03,中国机械工业集团有限公司,7,nan
185573,22国机02,中国机械工业集团有限公司,3,nan
185575,22如皋02,如皋市城市产业发展集团有限公司,5,AA+
185576,22海宁01,海宁市资产经营公司,3,AA+
185577,22苏国Y2,苏州高新国有资产经营管理集团有限公司,nan,AA+
185578,22苏新02,苏州苏高新集团有限公司,5,nan
185579,22青控Y1,青岛城投城金控股集团有限公司,nan,AAA
185580,22焦煤Y2,山西焦煤集团有限责任公司,nan,AAA
185581,22中航04,中国航空集团有限公司,3,AAA
185582,22宁德01,宁德市国有资产投资经营集团有限公司,5,nan
185583,22联和K1,上海联和投资有限公司,5,AAA
185585,22镇投G1,镇江国有投资控股集团有限公司,3,nan
185586,22中航05,中国航空集团有限公司,5,AAA
185588,22国科01,中国科学院控股有限公司,3,AAA
185590,22鲁信Y1,山东省鲁信投资控股集团有限公司,nan,AAA
185591,22国联02,国联民生证券股份有限公司,5,AAA
185593,22中证05,中信证券股份有限公司,3,AAA
185594,22中邮01,中邮证券有限责任公司,5,AAA
185595,22网租01,国网国际融资租赁有限公司,3,nan
185596,22上航Y1,中交上海航道局有限公司,nan,AAA
185597,22外高01,上海外高桥集团股份有限公司,5,AAA
185598,22鄂投01,湖北省联合发展投资集团有限公司,5,AAA
185599,22金茂02,上海金茂投资管理集团有限公司,5,AAA
185601,22青控Y2,青岛城投城金控股集团有限公司,nan,AAA
185602,22榆能02,陕西榆林能源集团有限公司,5,nan
185603,22悦达G1,江苏悦达集团有限公司,5,AAA
185605,22淮安01,淮安开发控股有限公司,3,nan
185606,22洪轨01,南昌轨道交通集团有限公司,5,AAA
185609,22兴杭02,闽西兴杭国有资产投资经营有限公司,3,AAA
185610,22建工Y1,北京建工集团有限责任公司,nan,AAA
185612,22唐租01,大唐融资租赁有限公司,3,AAA
185613,22鲁资K1,山东省国有资产投资控股有限公司,5,AAA
185614,22中铁03,中国铁建房地产集团有限公司,5,nan
185615,22津投05,天津城市基础设施建设投资集团有限公司,2,AAA
185616,22宁城01,宁乡市城市建设投资集团有限公司,5,AA+
185617,22京保01,北京保障房中心有限公司,24,nan
185618,22中铁02,中国铁建房地产集团有限公司,5,AAA
185619,22路建Y1,中交路桥建设有限公司,nan,AAA
185620,22集租02,北京首都创业集团有限公司,3,AAA
185621,22江公01,南京江北新区公用控股集团有限公司,3,AA+
185622,22奉发01,上海奉贤发展(集团)有限公司,3,AA+
185623,22阳安01,华创云信数字技术股份有限公司,2,AAA
185624,22陕煤Y2,陕西煤业化工集团有限责任公司,nan,AAA
185625,22云龙01,株洲市云龙发展投资控股集团有限公司,5,AA+
185627,22建机01,陕西建设机械股份有限公司,5,AA+
185628,22焦煤Y3,山西焦煤集团有限责任公司,nan,AAA
185630,22西电01,西湖电子集团有限公司,5,nan
185631,22中咨Y1,中国公路工程咨询集团有限公司,nan,AAA
185632,22平证03,平安证券股份有限公司,3,AAA
185633,22平证04,平安证券股份有限公司,5,AAA
185634,G22南控1,广东南海控股集团有限公司,5,nan
185635,22保置03,保利置业集团有限公司,5,nan
185637,22济轨01,济南轨道交通集团有限公司,3,AAA
185638,22济轨02,济南轨道交通集团有限公司,5,AAA
185639,22蓉高02,成都高新投资集团有限公司,10,AAA
185640,22华发02,珠海华发实业股份有限公司,5,nan
185641,22华发01,珠海华发实业股份有限公司,5,nan
185642,22川投01,四川省投资集团有限责任公司,5,nan
185643,22兴投04,河南航空港投资集团有限公司,3,nan
185644,22华宝01,华宝投资有限公司,3,nan
185646,22吴江G2,苏州市吴江城市投资发展集团有限公司,3,nan
185647,22新工01,南京新工投资集团有限责任公司,3,AAA
185648,22住宅01,厦门安居控股集团有限公司,3,AA+
185649,22河西01,南京市河西新城区国有资产经营控股(集团)有限责任公司,3,AAA
185650,22河西02,南京市河西新城区国有资产经营控股(集团)有限责任公司,10,AAA
185651,22沪电03,上海电力股份有限公司,3,nan
185652,22济建Y1,济南城市建设集团有限公司,nan,AAA
185653,22中豫02,中原豫资投资控股集团有限公司,3,nan
185654,22瀚蓝01,瀚蓝环境股份有限公司,2,AA+
185655,22津投06,天津城市基础设施建设投资集团有限公司,1.02,AAA
185656,甬通商01,宁波通商控股集团有限公司,3,AAA
185657,甬通商02,宁波通商控股集团有限公司,10,AAA
185658,22厦贸01,厦门国贸控股集团有限公司,3,AAA
185659,22申能01,申能(集团)有限公司,3,nan
185660,22海沧01,厦门海沧投资集团有限公司,2,AA+
185661,22创控01,昆山创业控股集团有限公司,5,AAA
185663,22张江一,上海张江(集团)有限公司,5,nan
185664,22鲁资01,山东省国有资产投资控股有限公司,5,AAA
185665,G22锡Y2,无锡产业发展集团有限公司,nan,AAA
185666,22甬城02,宁波城建投资集团有限公司,5,AAA
185667,G22雅砻1,雅砻江流域水电开发有限公司,3,AAA
185668,22三明02,三明市投资发展集团有限公司,3,nan
185671,22安租09,平安国际融资租赁有限公司,2,nan
185672,22安租10,平安国际融资租赁有限公司,4,nan
185675,22苏科01,江苏省溧阳高新区控股集团有限公司,5,AA+
185676,22华数01,华数数字电视传媒集团有限公司,3,nan
185677,22漳九05,漳州市九龙江集团有限公司,5,AAA
185678,22建发Y1,厦门建发股份有限公司,nan,AAA
185679,22余投01,余姚市城市建设投资发展有限公司,5,nan
185680,22宁沪G1,江苏宁沪高速公路股份有限公司,3,AAA
185681,22大唐Y4,中国大唐集团有限公司,nan,AAA
185682,G22三资,三峡资本控股有限责任公司,3,AAA
185683,22东兴G1,东兴证券股份有限公司,3,AAA
185685,22中科01,北京中关村科技创业金融服务集团有限公司,3,nan
185686,22鄂交Y3,湖北交通投资集团有限公司,nan,AAA
185687,22创投K1,深圳市创新投资集团有限公司,5,AAA
185688,22恒信G1,海通恒信国际融资租赁股份有限公司,2,AAA
185689,22义市02,义乌市市场发展集团有限公司,3,AA+
185690,22鲁高01,山东高速集团有限公司,5,AAA
185691,22鲁高02,山东高速集团有限公司,10,AAA
185692,22相城02,苏州市相城城市建设投资(集团)有限公司,3,nan
185693,22保利01,保利发展控股集团股份有限公司,5,AAA
185694,22保利02,保利发展控股集团股份有限公司,7,AAA
185695,22株国02,株洲市国有资产投资控股集团有限公司,5,nan
185696,22苏资01,苏州资产管理有限公司,3,nan
185698,22辽港01,辽宁港口股份有限公司,2,AAA
185699,22辽港02,辽宁港口股份有限公司,3,AAA
185700,22鲁资02,山东省国有资产投资控股有限公司,3,nan
185701,22鲁金02,山东省金融资产管理股份有限公司,3,AAA
185703,22建材Y3,中国建材股份有限公司,nan,AAA
185704,22首股01,北京首都开发股份有限公司,5,AAA
185705,22HDGJY1,华电国际电力股份有限公司,nan,AAA
185706,22滨建G1,常熟市滨江城市建设经营投资有限责任公司,3,nan
185707,22核建Y1,中国核工业建设股份有限公司,nan,AAA
185708,22科创01,上海科技创业投资(集团)有限公司,5,nan
185709,22远东六,远东国际融资租赁有限公司,3,AAA
185710,22安租Y1,平安国际融资租赁有限公司,nan,AAA
185711,22国君G3,国泰海通证券股份有限公司,3,AAA
185712,22国君G4,国泰海通证券股份有限公司,10,AAA
185713,22武生01,武汉生态环境投资发展集团有限公司,5,nan
185714,22中化Y1,中国中化股份有限公司,nan,AAA
185715,22南控01,广东南海控股集团有限公司,5,nan
185716,22吴城G2,苏州市吴中城市建设投资集团有限公司,3,nan
185717,22漳九Y1,漳州市九龙江集团有限公司,nan,AAA
185720,22建邺G1,南京市建邺区高新科技投资集团有限公司,5,nan
185721,22网租02,国网国际融资租赁有限公司,3,nan
185722,22锡创K1,无锡创业投资集团有限公司,5,AAA
185723,22巨化01,巨化集团有限公司,3,nan
185725,22中泰03,中泰证券股份有限公司,3,nan
185726,22亦庄01,北京亦庄国际投资发展有限公司,3,AAA
185727,22银河G1,中国银河证券股份有限公司,3,AAA
185728,22中航Y1,中国航空技术国际控股有限公司,nan,AAA
185729,22舟交01,舟山交通投资集团有限公司,5,AA+
185730,22中航Y2,中国航空技术国际控股有限公司,nan,AAA
185731,22铁建Y1,中国铁建股份有限公司,nan,AAA
185732,22铁建Y2,中国铁建股份有限公司,nan,AAA
185733,22芜湖02,芜湖宜居投资集团有限公司,5,nan
185734,22铁投Y2,中国铁建投资集团有限公司,nan,AAA
185735,22丰港01,江苏盐城港大丰港开发集团有限公司,5,nan
185736,22锡产Y3,无锡产业发展集团有限公司,nan,AAA
185737,22资控01,中建资本控股有限公司,3,AA+
185738,22北辰G1,北京北辰实业股份有限公司,5,AAA
185740,G22HXY1,华电新能源集团股份有限公司,nan,AAA
185741,22国联03,国联民生证券股份有限公司,5,AAA
185743,22乌江01,贵州乌江能源投资有限公司,5,AA+
185744,22蓉高03,成都高新投资集团有限公司,10,nan
185745,22华电Y2,中国华电集团有限公司,nan,AAA
185746,22华电Y3,中国华电集团有限公司,nan,AAA
185747,22建租03,中建投租赁股份有限公司,3,nan
185749,22鄂担Y1,湖北省融资担保集团有限责任公司,nan,AAA
185750,22厦贸02,厦门国贸控股集团有限公司,5,AAA
185751,22津投07,天津城市基础设施建设投资集团有限公司,2,AAA
185752,22隧道01,上海隧道工程股份有限公司,3,AAA
185753,22恒信K1,海通恒信国际融资租赁股份有限公司,3,AAA
185755,GC晶电01,晶科电力科技股份有限公司,2,AA
185756,22濮阳01,濮阳投资集团有限公司,5,AAA
185758,22兴投05,河南航空港投资集团有限公司,3,nan
185759,22国机04,中国机械工业集团有限公司,3,nan
185760,22国机05,中国机械工业集团有限公司,7,nan
185761,22株国03,株洲市国有资产投资控股集团有限公司,5,nan
185763,22中铁04,中国铁建房地产集团有限公司,5,nan
185764,22远发02,中远海运发展股份有限公司,5,AAA
185768,22华安G1,华安证券股份有限公司,3,AAA
185769,22首股02,北京首都开发股份有限公司,5,AAA
185770,22铁投Y4,中国铁建投资集团有限公司,nan,AAA
185771,22穗建01,广州市城市建设开发有限公司,5,AAA
185772,22穗建03,广州市城市建设开发有限公司,5,AAA
185773,22穗建04,广州市城市建设开发有限公司,7,AAA
185774,22穗建02,广州市城市建设开发有限公司,7,AAA
185775,22江海01,江海证券有限公司,3,AA+
185776,22安租11,平安国际融资租赁有限公司,2,nan
185777,22安租12,平安国际融资租赁有限公司,4,nan
185778,G22长电3,中国长江电力股份有限公司,3,AAA
185779,22信地01,信达地产股份有限公司,3,AA+
185780,22闽高01,福建发展高速公路股份有限公司,3,AA+
185781,22闽高02,福建发展高速公路股份有限公司,5,AA+
185782,22信地02,信达地产股份有限公司,5,AA+
185783,22陕煤Y3,陕西煤业化工集团有限责任公司,nan,AAA
185784,22开源01,开源证券股份有限公司,3,AAA
185785,22苏城02,苏州城市建设投资发展(集团)有限公司,5,AAA
185786,22美置01,美的置业集团有限公司,4,AAA
185788,22津投09,天津城市基础设施建设投资集团有限公司,2,AAA
185789,22浙商G3,浙江省浙商资产管理股份有限公司,4,nan
185790,GC永钢K1,江苏永钢集团有限公司,5,AA+
185791,22建发Y2,厦门建发股份有限公司,nan,AAA
185792,22京投02,北京市基础设施投资有限公司,3,AAA
185793,22交建Y3,中国交通建设股份有限公司,nan,AAA
185795,22建投04,南京江北新区建设投资集团有限公司,3,nan
185797,22沪国K2,上海国有资产经营有限公司,3,nan
185798,22温岭01,温岭市国有资产投资集团有限公司,5,nan
185799,22海晟G1,江苏海晟控股集团有限公司,3,AA+
185800,22兴投06,河南航空港投资集团有限公司,3,nan
185802,22住宅02,厦门安居控股集团有限公司,2,nan
185803,22城建01,北京城建投资发展股份有限公司,5,AAA
185804,22国投K1,国家开发投资集团有限公司,3,nan
185805,22国投K2,国家开发投资集团有限公司,10,nan
185806,22紫金02,紫金矿业集团股份有限公司,5,nan
185807,22CHNG1Y,中国华能集团有限公司,nan,AAA
185808,22CHNG2Y,中国华能集团有限公司,nan,AAA
185809,22网租03,国网国际融资租赁有限公司,3,nan
185810,22龙湖03,重庆龙湖企业拓展有限公司,6,nan
185811,G22宝钢1,宝山钢铁股份有限公司,3,nan
185813,22武生02,武汉生态环境投资发展集团有限公司,5,nan
185814,22国君G5,国泰海通证券股份有限公司,3,AAA
185815,22国君G6,国泰海通证券股份有限公司,10,AAA
185816,22苏垦01,江苏省农垦集团有限公司,3,AAA
185817,22粤港K1,广州港股份有限公司,3,AAA
185818,22滨江G1,南京滨江投资发展有限公司,5,nan
185819,22营财01,苏州营财投资集团有限公司,3,AAA
185820,22浙商G4,浙江省浙商资产管理股份有限公司,5,nan
185821,22光证G1,光大证券股份有限公司,3,AAA
185822,22中铁05,中国铁建房地产集团有限公司,3,nan
185823,22中铁06,中国铁建房地产集团有限公司,5,nan
185824,22辽港03,辽宁港口股份有限公司,2,AAA
185825,22苏新03,苏州苏高新集团有限公司,5,nan
185826,22保利03,保利发展控股集团股份有限公司,5,AAA
185827,22保利04,保利发展控股集团股份有限公司,7,AAA
185828,22兴泰01,合肥兴泰金融控股(集团)有限公司,5,AAA
185829,22穗发01,广州发展集团股份有限公司,5,AAA
185830,22葛洲Y1,中国葛洲坝集团股份有限公司,nan,AAA
185832,22信保Y1,江苏省信用再担保集团有限公司,nan,AAA
185833,22沪资01,上海国际集团资产管理有限公司,3,nan
185835,22产融02,中航工业产融控股股份有限公司,3,AAA
185836,22三投02,三门峡市投资集团有限公司,5,nan
185837,22五资02,五矿资本控股有限公司,3,AAA
185838,22贵安G2,贵州贵安发展集团有限公司,5,nan
185839,22保置05,保利置业集团有限公司,5,nan
185840,22保置06,保利置业集团有限公司,7,nan
185841,22华鲁K1,华鲁控股集团有限公司,3,nan
185842,22华远01,华远地产股份有限公司,2,AAA
185843,22抚州03,抚州市市属国有资产投资控股集团有限公司,5,AA+
185844,22宏桥01,山东宏桥新型材料有限公司,3,AA+
185845,22华资Y1,中国华电集团产融控股有限公司,nan,AAA
185846,22华资Y2,中国华电集团产融控股有限公司,nan,AAA
185847,22国联04,国联民生证券股份有限公司,3,AAA
185848,22皋通G2,如皋市交通产业集团有限公司,5,nan
185849,22建材Y4,中国建材股份有限公司,nan,AAA
185850,22首城01,北京首创城市发展集团有限公司,5,AAA
185851,H22旭辉1,旭辉集团股份有限公司,5,AAA
185852,22兴城03,成都兴城投资集团有限公司,5,AAA
185853,22津投10,天津城市基础设施建设投资集团有限公司,2,AAA
185854,22津投11,天津城市基础设施建设投资集团有限公司,2,AAA
185855,22晋陵01,常州市晋陵投资集团有限公司,3,AA+
185856,22穗投01,广州产业投资控股集团有限公司,3,AAA
185857,22东兴G2,东兴证券股份有限公司,3,AAA
185858,国新YK01,中国国新控股有限责任公司,nan,AAA
185859,国新YK02,中国国新控股有限责任公司,nan,AAA
185860,22晋建02,山西建设投资集团有限公司,5,AAA
185863,22东海01,东海证券股份有限公司,3,AA+
185865,22鲁资04,山东省国有资产投资控股有限公司,5,nan
185866,22建邺G2,南京市建邺区高新科技投资集团有限公司,5,nan
185867,22安租Y2,平安国际融资租赁有限公司,nan,AAA
185868,22铁工03,中国中铁股份有限公司,3,AAA
185869,22铁工04,中国中铁股份有限公司,5,AAA
185870,22东吴05,东吴证券股份有限公司,3,AAA
185871,22张公G3,张家港市国有资本投资集团有限公司,3,AAA
185872,22洪政02,南昌市政公用集团有限公司,3,nan
185873,22洪政03,南昌市政公用集团有限公司,5,nan
185874,22蓉轨Y1,成都轨道交通集团有限公司,nan,AAA
185875,22芯鑫01,芯鑫融资租赁有限责任公司,3,AAA
185877,22交通G2,昆明市交通投资有限责任公司,2,nan
185878,22西基03,西安城市基础设施建设投资集团有限公司,5,AAA
185879,22西基04,西安城市基础设施建设投资集团有限公司,15,AAA
185880,22融和01,中电投融和融资租赁有限公司,3,nan
185881,22融和02,中电投融和融资租赁有限公司,5,nan
185882,22陕金K2,陕西金融控股集团有限公司,3,nan
185883,22智光G1,泰兴市智光环保科技有限公司,3,AAA
185886,22四局Y1,中交建筑集团有限公司,nan,AAA
185887,22药投01,中国医药投资有限公司,3,AAA
185888,22光证G2,光大证券股份有限公司,5,AAA
185890,22网租04,国网国际融资租赁有限公司,2,nan
185894,22安租13,平安国际融资租赁有限公司,3,nan
185895,22新钢01,新余钢铁集团有限公司,5,nan
185896,22娄城G1,太仓娄城高新集团有限公司,5,nan
185897,22台州01,台州市国有资本运营集团有限公司,5,AAA
185898,G22疏浚1,中交疏浚(集团)股份有限公司,3,AAA
185899,22远东七,远东国际融资租赁有限公司,4,AAA
185900,22国丰Y3,烟台国丰投资控股集团有限公司,nan,AAA
185901,22国丰Y4,烟台国丰投资控股集团有限公司,nan,AAA
185902,22HDGJY2,华电国际电力股份有限公司,nan,AAA
185903,22成交01,成都交通投资集团有限公司,3,nan
185904,22交建Y5,中国交通建设股份有限公司,nan,AAA
185905,22国租01,国新融资租赁有限公司,4,AAA
185906,22国租02,国新融资租赁有限公司,5,AAA
185907,22国发02,苏州国际发展集团有限公司,3,nan
185908,22上金01,上海汽车集团金控管理有限公司,3,nan
185909,22余投02,余姚市城市建设投资发展有限公司,5,nan
185910,22首股03,北京首都开发股份有限公司,5,AAA
185912,22蓉产K1,成都产业投资集团有限公司,5,AAA
185913,22保利05,保利发展控股集团股份有限公司,5,AAA
185914,22保利06,保利发展控股集团股份有限公司,7,AAA
185915,22恒信G2,海通恒信国际融资租赁股份有限公司,2,AAA
185916,22穗建05,广州市城市建设开发有限公司,5,AAA
185917,22穗建06,广州市城市建设开发有限公司,7,AAA
185918,22宁资04,宁夏国有资本运营集团有限责任公司,3,AAA
185919,22漳九Y3,漳州市九龙江集团有限公司,nan,AAA
185920,22淮安03,淮安开发控股有限公司,2,nan
185921,22湘财01,湘财证券股份有限公司,3,nan
185922,22建租05,中建投租赁股份有限公司,5,AAA
185923,22华港03,华远国际陆港集团有限公司,5,AAA
185924,22武金Y2,武汉金融控股(集团)有限公司,nan,AAA
185926,22济建Y3,济南城市建设集团有限公司,nan,AAA
185927,22翔业02,厦门翔业集团有限公司,3,nan
185928,22龙湖04,重庆龙湖企业拓展有限公司,6,AAA
185929,22建发Y3,厦门建发股份有限公司,nan,AAA
185930,22漳九06,漳州市九龙江集团有限公司,5,AAA
185931,22葛洲Y2,中国葛洲坝集团股份有限公司,nan,AAA
185932,22连城G1,连云港市城建控股集团有限公司,5,nan
185934,22陕金03,陕西金融控股集团有限公司,3,nan
185936,22安租15,平安国际融资租赁有限公司,4,nan
185937,22南山02,南山集团有限公司,2,AAA
185939,22华电01,中国华电集团有限公司,3,AAA
185940,22华电02,中国华电集团有限公司,5,AAA
185942,22交通G4,昆明市交通投资有限责任公司,2,nan
185943,22川投02,四川省投资集团有限责任公司,5,nan
185944,22兴投07,河南航空港投资集团有限公司,3,nan
185945,22津投12,天津城市基础设施建设投资集团有限公司,2,AAA
185946,22津投13,天津城市基础设施建设投资集团有限公司,2,AAA
185947,22特房02,厦门经济特区房地产开发集团有限公司,3,AAA
185948,22特房03,厦门经济特区房地产开发集团有限公司,5,AAA
185949,22路投01,台州市路桥公共资产投资管理集团有限公司,2,nan
185950,22中豫03,中原豫资投资控股集团有限公司,5,nan
185951,22栖建01,南京栖霞建设股份有限公司,5,AA+
185952,22国管01,北京国有资本运营管理有限公司,10,AAA
185953,22临债01,上海临港控股股份有限公司,4,AAA
185954,22豫投01,河南投资集团有限公司,10,AAA
185956,22青控Y4,青岛城投城金控股集团有限公司,nan,AAA
185957,GC天成07,华能天成融资租赁有限公司,2,AAA
185958,22中公Y1,中交一公局集团有限公司,nan,AAA
185959,22中公Y2,中交一公局集团有限公司,nan,AAA
185960,22建控Y1,陕西建工控股集团有限公司,nan,AAA
185961,22滨建G2,常熟市滨江城市建设经营投资有限责任公司,3,nan
185962,22义创G1,义乌市国有资本运营有限公司,3,nan
185963,22沪资02,上海国际集团资产管理有限公司,3,nan
185964,22玄武01,南京钟山资产经营管理集团有限公司,3,nan
185965,22穗建07,广州市城市建设开发有限公司,5,AAA
185967,22金茂03,上海金茂投资管理集团有限公司,5,AAA
185968,22首城02,北京首创城市发展集团有限公司,5,AAA
185969,22粤港02,广州港股份有限公司,3,AAA
185970,22临债02,上海临港控股股份有限公司,5,AAA
185971,22恒信G3,海通恒信国际融资租赁股份有限公司,3,AAA
185972,22能租01,国能融资租赁有限公司,3,AAA
185973,22国君G7,国泰海通证券股份有限公司,3,AAA
185974,22国君G8,国泰海通证券股份有限公司,5,AAA
185975,22惠控01,无锡市惠山国有投资控股集团有限公司,3,nan
185976,22杭金03,杭州市金融投资集团有限公司,5,AAA
185977,22鸿商01,鸿商产业控股集团有限公司,3,AA+
185978,22宏桥02,山东宏桥新型材料有限公司,3,AA+
185979,22安建Y1,安徽建工集团股份有限公司,nan,AA+
185981,22鲁资06,山东省国有资产投资控股有限公司,5,nan
185982,22安租Y3,平安国际融资租赁有限公司,nan,AAA
185983,22大宁01,上海大宁资产经营(集团)有限公司,7,AA+
185984,22东兴G3,东兴证券股份有限公司,1.03,AAA
185985,22中交Y1,中交第四航务工程局有限公司,nan,AAA
185986,22建银03,中国建银投资有限责任公司,3,AAA
185988,22海控Y1,青岛西海岸新区海洋控股集团有限公司,nan,AAA
185989,22中科02,北京中关村科技创业金融服务集团有限公司,3,nan
185990,22城建02,北京城建投资发展股份有限公司,5,AAA
185991,22新汶Y1,新汶矿业集团有限责任公司,nan,AAA
185992,22同安01,同安控股有限责任公司,5,nan
185993,22阳安02,华创云信数字技术股份有限公司,2,AA+
185994,22航租03,中航国际融资租赁有限公司,5,AAA
185995,22国科K2,中国科学院控股有限公司,5,nan
185997,22苏新05,苏州苏高新集团有限公司,5,nan
185998,22中航Y3,中国航空技术国际控股有限公司,nan,AAA
185999,22中航Y4,中国航空技术国际控股有限公司,nan,AAA
188000,21建材01,中国建材股份有限公司,3,AAA
188002,21深钜03,深圳市钜盛华股份有限公司,5,AA+
188004,21赣融Y1,江西省金融控股集团有限公司,nan,AAA
188005,21锡交Y3,无锡市交通产业集团有限公司,nan,AAA
188007,21中关Y1,中关村发展集团股份有限公司,nan,AAA
188008,21新工01,南京新工投资集团有限责任公司,3,AAA
188009,21中化T1,中化资本投资管理有限责任公司,3,AAA
188010,21常熟01,常熟市城市经营投资集团有限公司,5,AA+
188011,21筑城02,贵阳市城市建设投资集团有限公司,5,AA+
188013,21航控01,中航工业产融控股股份有限公司,2,AAA
188014,21航控02,中航工业产融控股股份有限公司,3,AAA
188015,国电投03,国家电力投资集团有限公司,2,AAA
188016,21通城02,南通城市建设集团有限公司,3,AAA
188017,21长寿G1,重庆长寿开发投资(集团)有限公司,5,AA+
188020,21南资02,南方工业资产管理有限责任公司,3,AA+
188021,21国保01,国新商业保理有限公司,3,AAA
188023,21苏农01,苏州市农业发展集团有限公司,5,AA+
188025,21蚌投01,蚌埠投资集团有限公司,5,AAA
188026,21华租01,华电融资租赁有限公司,3,AAA
188027,21淮矿01,淮北矿业控股股份有限公司,2,AAA
188028,21兴泸02,泸州市兴泸投资集团有限公司,5,AA+
188029,21兴泸03,泸州市兴泸投资集团有限公司,5,AA+
188030,21北控01,北京控股集团有限公司,3,AAA
188031,21建发Y2,厦门建发股份有限公司,nan,AAA
188033,21苏城01,苏州城市建设投资发展(集团)有限公司,5,AAA
188034,21海润01,江苏海润城市发展集团有限公司,5,AA+
188035,21中财G3,中国中金财富证券有限公司,5,AAA
188036,21中财G4,中国中金财富证券有限公司,5,AAA
188037,21紫金Y1,南京紫金投资集团有限责任公司,nan,AAA
188038,21GLP07,普洛斯中国控股有限公司,5,AAA
188039,21宁德01,宁德市国有资产投资经营集团有限公司,5,AA
188041,21武经01,江苏武进经济发展集团有限公司,5,AA+
188042,21先导01,长沙先导投资控股集团有限公司,3,AAA
188043,21先导02,长沙先导投资控股集团有限公司,7,AAA
188044,21山招Y1,山东招金集团有限公司,nan,AAA
188045,21西南01,西南水泥有限公司,3,AAA
188046,21西南02,西南水泥有限公司,5,AAA
188047,21华泰G3,华泰证券股份有限公司,3,AAA
188048,21渝水01,重庆水务集团股份有限公司,5,AAA
188049,21富通01,富通集团有限公司,3,AA+
188050,21国发01,苏州国际发展集团有限公司,3,AAA
188051,21巴中G1,巴中市国有资本运营集团有限公司,3,AA
188052,21中航Y1,中国航空技术国际控股有限公司,nan,AAA
188053,21中航Y2,中国航空技术国际控股有限公司,nan,AAA
188055,21安租Y3,平安国际融资租赁有限公司,nan,AAA
188057,21越交02,越秀交通基建有限公司,5,AAA
188058,21越交03,越秀交通基建有限公司,7,AAA
188059,21诚通05,中国诚通控股集团有限公司,5,AAA
188060,21诚通06,中国诚通控股集团有限公司,7,AAA
188061,21富皋G1,富皋万泰集团有限公司,5,AA+
188063,21海企01,江苏省海外企业集团有限公司,3,AAA
188064,21余姚01,余姚市城市建设投资发展有限公司,5,AA+
188065,21高科01,武汉高科国有控股集团有限公司,5,AA+
188067,21黔高01,贵州高速公路集团有限公司,5,AAA
188069,21绍城G1,绍兴市城市发展集团有限公司,7,AAA
188070,21金控02,江苏金坛投资控股有限公司,2,AA
188071,21长交03,长兴交通投资集团有限公司,5,AA+
188072,21北新01,北新建材集团有限公司,5,AAA
188075,21华鲁01,华鲁控股集团有限公司,5,AAA
188077,21曹国02,曹妃甸国控投资集团有限公司,5,AA+
188078,21五资01,五矿资本控股有限公司,3,AAA
188079,21凤凰02,江苏凤凰出版传媒集团有限公司,3,AAA
188080,21洪政03,南昌市政公用集团有限公司,5,AAA
188081,21水发01,水发集团有限公司,5,AAA
188082,21葛洲01,中国葛洲坝集团股份有限公司,5,AAA
188084,21两江01,重庆两江新区开发投资集团有限公司,5,AAA
188085,GC国铁01,中国铁路投资集团有限公司,2,AAA
188087,21盐投01,盐城东方投资开发集团有限公司,5,AA+
188088,21国联02,国联证券股份有限公司,3,AAA
188089,21国管01,北京国有资本运营管理有限公司,10,AAA
188090,21成大01,辽宁成大股份有限公司,3,AA+
188091,21扬州01,扬州市城建国有资产控股(集团)有限责任公司,3,AAA
188092,21中化Y5,中国中化股份有限公司,nan,AAA
188093,21中化Y6,中国中化股份有限公司,nan,AAA
188094,GC福电01,福建福清核电有限公司,3,AAA
188095,21唐新01,中国大唐集团新能源股份有限公司,3,AAA
188096,21开源01,开源证券股份有限公司,3,AAA
188097,21成高01,四川成南高速公路有限责任公司,5,AAA
188098,21苏信01,江苏省国信集团有限公司,3,AAA
188099,21苏信02,江苏省国信集团有限公司,5,AAA
188101,国电投04,国家电力投资集团有限公司,2,AAA
188102,21远洋01,北京远洋控股集团有限公司,5,AAA
188103,21穗发01,广州发展集团股份有限公司,5,AAA
188105,21陆集01,上海陆家嘴(集团)有限公司,5,AAA
188106,21华泰G4,华泰证券股份有限公司,5,AAA
188107,21国金01,国金证券股份有限公司,2,AAA
188108,21国金02,国金证券股份有限公司,3,AAA
188109,21葛洲02,中国葛洲坝集团股份有限公司,5,AAA
188110,21宁交01,南京市交通建设投资控股(集团)有限责任公司,5,AAA
188111,21常通01,常州市交通产业集团有限公司,3,AA+
188112,21金城01,张家港市金城投资发展集团有限公司,5,AA+
188113,21宏桥01,山东宏桥新型材料有限公司,2,AA+
188114,21宏桥02,山东宏桥新型材料有限公司,3,AA+
188115,21诚通07,中国诚通控股集团有限公司,5,AAA
188116,21诚通08,中国诚通控股集团有限公司,7,AAA
188117,21麓山01,长沙麓山投资控股集团有限公司,3,AA+
188119,21浙商01,浙商证券股份有限公司,5,AAA
188120,21财证01,财信证券股份有限公司,2,AAA
188121,21财证02,财信证券股份有限公司,3,AAA
188123,21建材Y1,中国建材股份有限公司,nan,AAA
188124,21建材Y2,中国建材股份有限公司,nan,AAA
188126,G21张江1,上海张江高科技园区开发股份有限公司,5,AAA
188127,21国君G3,国泰君安证券股份有限公司,3,AAA
188128,21国君G4,国泰海通证券股份有限公司,5,AAA
188129,21张公02,张家港市国有资本投资集团有限公司,3,AAA
188130,21安信G1,国投证券股份有限公司,3,AAA
188131,21安信G2,国投证券股份有限公司,5,AAA
188132,21控租01,国耀融汇融资租赁有限公司,4,AAA
188133,21海润02,江苏海润城市发展集团有限公司,5,AA+
188134,21华泰G5,华泰证券股份有限公司,3,AAA
188135,21华能01,华能国际电力股份有限公司,3,AAA
188136,21华能02,华能国际电力股份有限公司,10,AAA
188137,21启东G2,启东城投集团有限公司,5,AA+
188138,21特房03,厦门经济特区房地产开发集团有限公司,5,AA+
188139,21国电01,国电电力发展股份有限公司,3,AAA
188140,21华泰G6,华泰证券股份有限公司,5,AAA
188141,21南港01,南京新港开发有限公司,5,AA+
188142,21建租03,中建投租赁股份有限公司,4,AAA
188143,21建租04,中建投租赁股份有限公司,4,AAA
188144,21鲁高Y3,山东高速集团有限公司,nan,AAA
188145,21龙湖03,重庆龙湖企业拓展有限公司,5,AAA
188146,21龙湖04,重庆龙湖企业拓展有限公司,7,AAA
188147,21长发03,长沙城市发展集团有限公司,10,AAA
188149,21金港01,张家港保税区金港资产经营集团有限公司,5,AA+
188150,21海通04,海通证券股份有限公司,3,AAA
188151,21安租05,平安国际融资租赁有限公司,4,AAA
188152,21安租06,平安国际融资租赁有限公司,5,AAA
188153,21首创01,北京首都创业集团有限公司,3,AAA
188154,21陕煤Y1,陕西煤业化工集团有限责任公司,nan,AAA
188155,21济城G3,济南城市投资集团有限公司,5,AAA
188156,21深钜04,深圳市钜盛华股份有限公司,5,nan
188157,21南司01,重庆市南部新城产业投资集团有限公司,5,AA+
188159,21首钢Y1,首钢集团有限公司,nan,AAA
188161,21紫金01,紫金矿业集团股份有限公司,3,AAA
188162,21紫金02,紫金矿业集团股份有限公司,5,AAA
188163,21兖煤01,兖矿能源集团股份有限公司,3,AAA
188164,21兖煤02,兖矿能源集团股份有限公司,5,AAA
188165,21GLP08,普洛斯中国控股有限公司,5,AAA
188166,21平证03,平安证券股份有限公司,3,AAA
188167,21平证04,平安证券股份有限公司,1.53,AAA
188168,21兵装Y1,中国兵器装备集团有限公司,nan,AAA
188169,21淮投01,淮北市建投控股集团有限公司,5,AA+
188170,21中电Y1,中国电子信息产业集团有限公司,nan,AAA
188171,21保利05,保利发展控股集团股份有限公司,5,AAA
188172,21保利06,保利发展控股集团股份有限公司,7,AAA
188173,21松建01,上海松江城镇建设投资开发集团有限公司,5,AAA
188174,21国联03,国联证券股份有限公司,2,AAA
188175,21万向01,中国万向控股有限公司,2,AA+
188177,21复星05,上海复星高科技(集团)有限公司,2,AAA
188178,21复星06,上海复星高科技(集团)有限公司,2,AAA
188179,21华创01,华创证券有限责任公司,2,AA+
188182,21住宅04,厦门安居控股集团有限公司,5,AA+
188183,21网租01,国网国际融资租赁有限公司,2,AAA
188184,21深钜05,深圳市钜盛华股份有限公司,5,nan
188185,GC华电03,中国华电集团有限公司,3,AAA
188187,21龙川G3,扬州龙川控股集团有限责任公司,5,nan
188188,21锡交01,无锡市交通产业集团有限公司,5,AAA
188189,21锡交02,无锡市交通产业集团有限公司,10,AAA
188190,21宁城03,宁乡市城市建设投资集团有限公司,5,AA+
188191,21景瑞01,景瑞地产(集团)有限公司,3,AA
188192,21铁工Y1,中国中铁股份有限公司,nan,AAA
188193,21铁工Y2,中国中铁股份有限公司,nan,AAA
188194,21临港G1,上海临港经济发展(集团)有限公司,3,AAA
188195,21光证G2,光大证券股份有限公司,3,AAA
188196,21光证G3,光大证券股份有限公司,5,AAA
188197,21平海01,广东惠州平海发电厂有限公司,2,AA+
188198,21唐控03,唐山控股发展集团股份有限公司,5,AA+
188199,21华能03,华能国际电力股份有限公司,3,AAA
188200,21华能04,华能国际电力股份有限公司,10,AAA
188201,21渝东01,重庆市万州三峡平湖有限公司,5,AA+
188202,21海通05,海通证券股份有限公司,3,AAA
188203,21科发01,绵阳科技城发展投资(集团)有限公司,3,AA
188204,21宝龙03,上海宝龙实业发展(集团)有限公司,7,AAA
188205,21中证08,中信证券股份有限公司,5,AAA
188206,21中证09,中信证券股份有限公司,10,AAA
188208,21天易06,湖南天易集团有限公司,3,AAA
188210,21广晟Y2,广东省广晟控股集团有限公司,nan,AAA
188212,21苏科03,江苏省溧阳高新区控股集团有限公司,5,AA+
188213,21广越04,广州越秀集团股份有限公司,5,AAA
188215,21国君G5,国泰君安证券股份有限公司,3,AAA
188217,21国投03,国家开发投资集团有限公司,3,AAA
188218,21国投04,国家开发投资集团有限公司,5,AAA
188220,21中关Y2,中关村发展集团股份有限公司,nan,AAA
188221,21中关Y3,中关村发展集团股份有限公司,nan,AAA
188222,21深钜06,深圳市钜盛华股份有限公司,5,nan
188225,21国租01,国新融资租赁有限公司,3,AAA
188226,21国金03,国金证券股份有限公司,1.03,AAA
188228,21中企01,中华企业股份有限公司,5,AAA
188229,21安信G3,国投证券股份有限公司,3,AAA
188230,21泸高01,泸州市高新投资集团有限公司,5,AAA
188231,21青纾01,青岛国信发展(集团)有限责任公司,5,AAA
188232,21环球Y1,中国环球租赁有限公司,nan,AAA
188233,21镇公01,镇江城市建设产业集团有限公司,5,AA+
188234,21平证05,平安证券股份有限公司,3,AAA
188236,GC航租01,中航国际融资租赁有限公司,4,AAA
188237,21建材Y4,中国建材股份有限公司,nan,AAA
188239,21华泰G7,华泰证券股份有限公司,3,AAA
188241,21唐新02,中国大唐集团新能源股份有限公司,3,AAA
188242,21昆投01,昆山国创投资集团有限公司,3,AA+
188243,G21长电1,中国长江电力股份有限公司,5,AAA
188244,21中铝01,中铝资本控股有限公司,3,AA+
188245,21宜城01,宜兴市城市发展投资有限公司,7,AA+
188246,国电投05,国家电力投资集团有限公司,2,AAA
188247,21华远03,华远地产股份有限公司,3,AAA
188248,21南方03,南方水泥有限公司,3,AAA
188250,21翔业02,厦门翔业集团有限公司,3,AAA
188251,21山招Y2,山东招金集团有限公司,nan,AAA
188252,21铁建Y1,中国铁建股份有限公司,nan,AAA
188253,21铁建Y2,中国铁建股份有限公司,nan,AAA
188254,21当代01,武汉当代科技产业集团股份有限公司,5,AA+
188257,21新控01,新城控股集团股份有限公司,3,AAA
188259,21格地02,格力地产股份有限公司,2,AA+
188261,21CHNE01,国家能源投资集团有限责任公司,3,AAA
188262,21交租01,中交融资租赁有限公司,3,AAA
188263,21长治02,长治市财通投资控股集团有限公司,5,AA+
188264,21华能05,华能国际电力股份有限公司,10,AAA
188267,21赣投Y2,江西省投资集团有限公司,nan,AAA
188268,21居然01,北京居然之家投资控股集团有限公司,3,AA+
188269,21中铁Y3,中国中铁股份有限公司,nan,AAA
188270,21中铁Y4,中国中铁股份有限公司,nan,AAA
188271,21鄂交Y1,湖北交通投资集团有限公司,nan,AAA
188272,21康居01,南京浦口康居建设集团有限公司,3,AA+
188273,21恒信G2,海通恒信国际融资租赁股份有限公司,4,AAA
188274,21常城07,常州市城市建设(集团)有限公司,10,AAA
188275,21常城08,常州市城市建设(集团)有限公司,10,AAA
188276,21金辉01,金辉集团股份有限公司,5,AA+
188277,21济金03,济南金投控股集团有限公司,5,AA+
188278,21柳控02,广西柳州市投资控股集团有限公司,5,AA+
188279,21国发S2,苏州国际发展集团有限公司,1,A-1
188280,21淮安01,淮安开发控股有限公司,3,AA+
188281,21穗发02,广州发展集团股份有限公司,5,AAA
188282,21华泰09,华泰证券股份有限公司,3,AAA
188284,21一航Y1,中交第一航务工程局有限公司,nan,AAA
188285,21兖煤Y1,兖矿能源集团股份有限公司,nan,AAA
188286,21兖煤Y2,兖矿能源集团股份有限公司,nan,AAA
188288,21陆集02,上海陆家嘴(集团)有限公司,5,AAA
188289,21融信03,融信(福建)投资集团有限公司,6.32,AAA
188291,21平证06,平安证券股份有限公司,3,AAA
188292,21平证07,平安证券股份有限公司,2,AAA
188293,21路桥Y1,厦门路桥建设集团有限公司,nan,AAA
188294,21黔高02,贵州高速公路集团有限公司,3,nan
188296,21华住01,珠海华发实业股份有限公司,5,AAA
188297,21武经02,江苏武进经济发展集团有限公司,3,AA+
188298,21建投01,南京江北新区建设投资集团有限公司,5,AAA
188299,21建发G1,乌鲁木齐经济技术开发区建发国有资本投资运营(集团)有限公司,5,AA+
188300,GC天成03,华能天成融资租赁有限公司,3,AAA
188302,21天风04,天风证券股份有限公司,2,AAA
188303,21陕煤Y2,陕西煤业化工集团有限责任公司,nan,AAA
188304,21中保01,中国投融资担保股份有限公司,5,AAA
188305,21龙控02,深圳市龙光控股有限公司,5.38,AAA
188308,21鄂长Y1,长江产业投资集团有限公司,nan,AAA
188309,21吉保01,吉林省信用融资担保投资集团有限公司,5,AA+
188310,21即投01,青岛市即墨区城市旅游开发投资有限公司,5,AA+
188311,21虞国01,绍兴市上虞区国有资本投资运营有限公司,5,AA+
188312,21南钢01,南京南钢钢铁联合有限公司,3,AA+
188313,21财资01,湖南省财信资产管理有限公司,5,AAA
188314,21国联04,国联证券股份有限公司,3,AAA
188315,21赣交03,江西省交通投资集团有限责任公司,5,AAA
188316,21株发01,株洲市城市建设发展集团有限公司,5,AA+
188317,21株发02,株洲市城市建设发展集团有限公司,5,AA+
188318,21融侨01,融侨集团股份有限公司,5.42,AA+
188320,21蒙牛01,内蒙古蒙牛乳业(集团)股份有限公司,2,AAA
188321,21闽能01,福建省能源集团有限责任公司,3,AAA
188322,21赣交V1,江西省交通投资集团有限责任公司,3,AAA
188323,21德泰01,大连德泰控股有限公司,3,AA+
188324,21华泰11,华泰证券股份有限公司,3,AAA
188325,21华泰12,华泰证券股份有限公司,10,AAA
188326,21奥园债,奥园集团有限公司,4,AAA
188327,21成交02,成都交通投资集团有限公司,5,AAA
188328,21锡建03,无锡市建设发展投资有限公司,5,AAA
188329,21锡建04,无锡市建设发展投资有限公司,7,AAA
188330,21镇投G3,镇江国有投资控股集团有限公司,3,nan
188331,21济轨Y1,济南轨道交通集团有限公司,nan,AAA
188332,21苏交02,江苏交通控股有限公司,3,AAA
188333,21安租07,平安国际融资租赁有限公司,4,AAA
188334,21安租08,平安国际融资租赁有限公司,5,AAA
188336,21锡交Y6,无锡市交通产业集团有限公司,nan,AAA
188338,21鄂旅Y2,湖北文化旅游集团有限公司,nan,AAA
188339,21国科02,中国科学院控股有限公司,5,AAA
188340,21航租04,中航国际融资租赁有限公司,3,AAA
188341,21宁铁13,南京地铁集团有限公司,3,AAA
188342,21海怡01,广东星河湾房地产(集团)有限公司,5,AA
188343,21国电02,国电电力发展股份有限公司,3,AAA
188344,21渝开投,重庆城市交通开发投资(集团)有限公司,3,AAA
188345,21华宇01,重庆华宇集团有限公司,3,AA+
188346,21中关02,中关村发展集团股份有限公司,5,AAA
188347,21东兴G1,东兴证券股份有限公司,3,AAA
188348,21东兴G2,东兴证券股份有限公司,5,AAA
188349,21常通02,常州市交通产业集团有限公司,5,AA+
188350,21万联G1,万联证券股份有限公司,3,AA+
188353,21远发02,中远海运发展股份有限公司,5,AAA
188354,21亦庄01,北京亦庄国际投资发展有限公司,3,AAA
188355,21晋建01,山西建设投资集团有限公司,3,AAA
188356,21产发01,宿迁产业发展集团有限公司,5,AAA
188357,21光明01,光明食品(集团)有限公司,3,AAA
188358,21舟投01,舟山海洋综合开发投资有限公司,5,AA+
188359,21华福G1,华福证券有限责任公司,3,AAA
188360,21汾湖G1,苏州汾湖投资集团有限公司,5,nan
188361,21建银01,中国建银投资有限责任公司,3,AAA
188362,21建银02,中国建银投资有限责任公司,5,AAA
188363,21中证10,中信证券股份有限公司,5,AAA
188364,21中证11,中信证券股份有限公司,10,AAA
188365,21希望01,新希望五新实业集团有限公司,4,AAA
188369,21建材Y7,中国建材股份有限公司,nan,AAA
188370,21特房04,厦门经济特区房地产开发集团有限公司,5,AA+
188371,21保利07,保利发展控股集团股份有限公司,5,AAA
188372,21保利08,保利发展控股集团股份有限公司,7,AAA
188373,21惠控01,无锡市惠山国有投资控股集团有限公司,5,AA+
188374,21浦集02,上海浦东发展(集团)有限公司,5,AAA
188375,21浦集03,上海浦东发展(集团)有限公司,7,AAA
188376,21路公01,台州市路桥公共资产投资管理集团有限公司,5,nan
188377,国电投06,国家电力投资集团有限公司,3,AAA
188379,21诚通09,中国诚通控股集团有限公司,5,AAA
188380,21诚通10,中国诚通控股集团有限公司,7,AAA
188381,21盐投02,盐城东方投资开发集团有限公司,3,AA+
188382,21光证G4,光大证券股份有限公司,3,AAA
188383,21光证G5,光大证券股份有限公司,5,AAA
188384,21嘉善01,嘉善县国有资产投资集团有限公司,5,AA+
188385,21嘉善02,嘉善县国有资产投资集团有限公司,5,AA+
188386,21招证G4,招商证券股份有限公司,2,AAA
188387,21招证G5,招商证券股份有限公司,3,AAA
188390,21水务01,北控水务集团有限公司,5,AAA
188391,21水务02,北控水务集团有限公司,5,AAA
188392,21远东六,远东国际融资租赁有限公司,4,AAA
188393,21东莞01,东莞证券股份有限公司,5,AA+
188394,21沪资02,上海国际集团资产管理有限公司,3,AAA
188395,21南山01,南山集团有限公司,3,AAA
188396,21贵安G1,贵州贵安发展集团有限公司,5,AA+
188397,21鲁能01,鲁能集团有限公司,5,AAA
188398,21杭钢01,杭州钢铁集团有限公司,3,AAA
188399,21银河G5,中国银河证券股份有限公司,3,AAA
188400,21银河G6,中国银河证券股份有限公司,5,AAA
188401,21广越06,广州越秀集团股份有限公司,5,AAA
188402,21广越07,广州越秀集团股份有限公司,7,AAA
188403,21中化01,中国中化股份有限公司,3,AAA
188404,21中化02,中国中化股份有限公司,5,AAA
188405,21张江01,上海张江高科技园区开发股份有限公司,5,AAA
188406,21张江02,上海张江高科技园区开发股份有限公司,5,AAA
188407,21中豫01,中原豫资投资控股集团有限公司,3,AAA
188408,GC天成04,华能天成融资租赁有限公司,3,AAA
188409,21苏高01,苏州苏高新集团有限公司,5,AAA
188410,21外高01,上海外高桥集团股份有限公司,5,AAA
188411,21兴城G1,成都兴城投资集团有限公司,3,AAA
188412,中化GY01,中化国际控股股份有限公司,nan,AAA
188413,21凤祥02,新凤祥控股集团有限责任公司,3,AA
188414,21湘财01,湘财证券股份有限公司,3,AAA
188415,21财金03,山东省财金投资集团有限公司,5,AAA
188416,21湘财02,湘财证券股份有限公司,3,AA+
188417,21宁证01,南京证券股份有限公司,1.04,AAA
188418,21兴业03,兴业证券股份有限公司,3,AAA
188419,21平证08,平安证券股份有限公司,3,AAA
188420,H21正荣1,正荣地产控股有限公司,4,AAA
188422,21交建Y1,中国交通建设股份有限公司,nan,AAA
188423,21交建Y2,中国交通建设股份有限公司,nan,AAA
188424,21渝隆02,重庆渝隆资产经营(集团)有限公司,5,AA+
188425,21川投01,四川省投资集团有限责任公司,5,AAA
188426,21铁工01,中国中铁股份有限公司,3,AAA
188427,21铁工02,中国中铁股份有限公司,5,AAA
188428,21义市01,义乌市市场发展集团有限公司,3,AA+
188429,21豫园01,上海豫园旅游商城(集团)股份有限公司,2,AAA
188431,21国君G7,国泰君安证券股份有限公司,3,AAA
188432,21国君G8,国泰海通证券股份有限公司,5,AAA
188433,国电投07,国家电力投资集团有限公司,3,AAA
188434,21香建01,中山城市建设集团有限公司,5,AA+
188435,21首钢Y3,首钢集团有限公司,nan,AAA
188436,21松国01,上海松江国有资产投资经营管理集团有限公司,5,AAA
188437,21北方01,中国北方工业有限公司,3,AAA
188438,21穗建01,广州市城市建设开发有限公司,5,AAA
188439,21穗建02,广州市城市建设开发有限公司,7,AAA
188440,21金港02,张家港保税区金港资产经营集团有限公司,5,AA+
188441,21陕资01,陕西金融资产管理股份有限公司,3,AAA
188442,21光明02,光明食品(集团)有限公司,3,AAA
188443,21诚通11,中国诚通控股集团有限公司,5,AAA
188444,21诚通12,中国诚通控股集团有限公司,7,AAA
188445,21诸资04,诸暨市国有资产经营有限公司,3,nan
188446,21外运01,中国外运股份有限公司,5,AAA
188447,21恒健V1,广东恒健投资控股有限公司,5,AAA
188448,21兵建01,新疆生产建设兵团建设工程(集团)有限责任公司,5,AA+
188449,21津投02,天津城市基础设施建设投资集团有限公司,2,AAA
188451,21深高01,深圳高速公路集团股份有限公司,5,AAA
188452,21华鑫02,华鑫证券有限责任公司,2,AA+
188453,21华集01,福建省华兴集团有限责任公司,3,AAA
188454,H21旭辉2,旭辉集团股份有限公司,5,AAA
188456,21华安G2,华安证券股份有限公司,3,AAA
188457,21泰交G1,泰州市交通产业集团有限公司,5,AA+
188458,21海通06,海通证券股份有限公司,3,AAA
188459,21科发02,绵阳科技城发展投资(集团)有限公司,3,AA
188460,21国管02,北京国有资本运营管理有限公司,5,AAA
188461,21北辰G1,北京北辰实业股份有限公司,5,AAA
188462,21铁发01,山东铁路发展基金有限公司,5,AAA
188464,21抚州04,抚州市市属国有资产投资控股集团有限公司,5,AA+
188466,21唐新03,中国大唐集团新能源股份有限公司,3,AAA
188468,21华港03,华远国际陆港集团有限公司,5,AAA
188470,21赣交Y2,江西省交通投资集团有限责任公司,nan,AAA
188471,21两江02,重庆两江新区开发投资集团有限公司,5,AAA
188472,21玄武01,南京钟山资产经营管理集团有限公司,3,AA+
188473,21金辉02,金辉集团股份有限公司,5,AA+
188475,21建集01,厦门建发集团有限公司,5,AAA
188476,21首开02,北京首都开发控股(集团)有限公司,5,AAA
188477,21华鑫03,华鑫证券有限责任公司,3,nan
188478,21天路01,西藏天路股份有限公司,5,AA
188479,21太新04,无锡市太湖新城发展集团有限公司,5,AAA
188480,21创鸿03,江苏创鸿资产管理有限公司,5,AAA
188481,21招证G6,招商证券股份有限公司,2.24,AAA
188482,21招证G7,招商证券股份有限公司,2.92,AAA
188483,21诚通13,中国诚通控股集团有限公司,5,AAA
188484,21诚通14,中国诚通控股集团有限公司,7,AAA
188487,21国宏01,洛阳国宏投资控股集团有限公司,5,AA
188488,21滨建G1,常熟市滨江城市建设经营投资有限责任公司,3,AA+
188489,21山招Y3,山东招金集团有限公司,nan,AAA
188490,21常通03,常州市交通产业集团有限公司,5,AA+
188492,21三福01,泰州三福重工集团有限公司,5,AA+
188493,21财通02,无锡财通融资租赁有限公司,7,AAA
188494,21中航G1,中航证券有限公司,3,AA+
188495,21紫金03,紫金矿业集团股份有限公司,5,AAA
188496,21国君G9,国泰君安证券股份有限公司,3,AAA
188497,21国君10,国泰海通证券股份有限公司,5,AAA
188498,21常高G2,常高新集团有限公司,5,AAA
188499,21合景01,广州合景控股集团有限公司,3,AAA
188500,21吉保02,吉林省信用融资担保投资集团有限公司,5,AA+
188501,21鲁高03,山东高速集团有限公司,5,AAA
188502,21宁铁14,南京地铁集团有限公司,3,AAA
188503,21中铁03,中国铁建房地产集团有限公司,5,AAA
188504,21电力Y1,国投电力控股股份有限公司,nan,AAA
188505,21东兴G3,东兴证券股份有限公司,1.02,AAA
188506,21东兴G4,东兴证券股份有限公司,3,AAA
188507,21新汶Y1,新汶矿业集团有限责任公司,nan,AAA
188509,21中车S1,中国中车集团有限公司,0.26,nan
188511,21赣交Y3,江西省交通投资集团有限责任公司,nan,AAA
188512,21津投04,天津城市基础设施建设投资集团有限公司,2,AAA
188513,GC财团01,苏州中方财团控股股份有限公司,5,AAA
188514,GC财团02,苏州中方财团控股股份有限公司,7,AAA
188515,21亦庄04,北京亦庄国际投资发展有限公司,3,AAA
188516,21亦庄05,北京亦庄国际投资发展有限公司,5,AAA
188517,21镇公02,镇江城市建设产业集团有限公司,5,nan
188518,21镇公03,镇江城市建设产业集团有限公司,5,nan
188519,21建材04,中国建材股份有限公司,5,AAA
188520,21建材03,中国建材股份有限公司,3,AAA
188521,21豫通01,河南交通投资集团有限公司,3,AAA
188522,21兴资01,兴业资产管理有限公司,3,AAA
188523,21锡交03,无锡市交通产业集团有限公司,5,AAA
188524,21锡交04,无锡市交通产业集团有限公司,10,AAA
188525,21国租02,国新融资租赁有限公司,4,AAA
188526,21恒信G3,海通恒信国际融资租赁股份有限公司,3,AAA
188527,21南方05,南方水泥有限公司,3,AAA
188528,21南方06,南方水泥有限公司,5,AAA
188532,21扬州02,扬州市城建国有资产控股(集团)有限责任公司,5,AAA
188533,21安租S2,平安国际融资租赁有限公司,0.61,A-1
188534,21平证09,平安证券股份有限公司,3,AAA
188535,21富通02,富通集团有限公司,2,nan
188536,21中地01,中煤地质集团有限公司,5,AAA
188537,21新湖02,衢州信安发展股份有限公司,4,AAA
188539,21淮安02,淮安开发控股有限公司,3,AA+
188540,21海兴G1,盐城市海兴集团有限公司,5,AA+
188541,国电投08,国家电力投资集团有限公司,3,AAA
188542,21首农Y2,北京首农食品集团有限公司,nan,AAA
188543,21黔高04,贵州高速公路集团有限公司,5,AAA
188545,21龙盛04,浙江龙盛集团股份有限公司,3,AAA
188547,21海控Y3,青岛西海岸新区海洋控股集团有限公司,nan,AAA
188550,21宁投01,宁德市交通投资集团有限公司,5,AA+
188552,21川电04,四川省水电投资经营集团有限公司,5,AA+
188553,21电建03,中国电力建设股份有限公司,3,AAA
188554,21电建04,中国电力建设股份有限公司,5,AAA
188555,21南城01,重庆市南岸区城市建设发展(集团)有限公司,5,nan
188557,21国君11,国泰海通证券股份有限公司,10,AAA
188558,21光证G6,光大证券股份有限公司,3,AAA
188560,21龙湖05,重庆龙湖企业拓展有限公司,5,AAA
188561,21龙湖06,重庆龙湖企业拓展有限公司,7,AAA
188562,21海洋01,青岛海洋投资集团有限公司,5,AA+
188563,21路桥Y2,厦门路桥建设集团有限公司,nan,AAA
188564,21新师03,新疆生产建设兵团第十二师国有资产投资发展集团有限公司,5,AA+
188566,21义乌01,义乌市国有资本运营有限公司,5,AA+
188567,21招证G9,招商证券股份有限公司,3,AAA
188568,21招证10,招商证券股份有限公司,5,AAA
188569,21津投05,天津城市基础设施建设投资集团有限公司,2,AAA
188571,21海通07,海通证券股份有限公司,3,AAA
188572,21柳发02,柳州市城市投资建设发展有限公司,5,nan
188573,21海润03,江苏海润城市发展集团有限公司,5,AA+
188574,21港务01,厦门港务控股集团有限公司,5,AAA
188575,21中金G5,中国国际金融股份有限公司,5,AAA
188576,21中金G6,中国国际金融股份有限公司,7,AAA
188577,GC融和01,中电投融和融资租赁有限公司,3,AAA
188578,GC融和02,中电投融和融资租赁有限公司,5,AAA
188579,21甘交01,甘肃省公路交通建设集团有限公司,5,AAA
188580,21蓉高03,成都高新投资集团有限公司,10,AAA
188581,21东吴02,东吴证券股份有限公司,1.58,AAA
188582,21东吴03,东吴证券股份有限公司,3,AAA
188583,21国投05,国家开发投资集团有限公司,3,AAA
188584,21国投06,国家开发投资集团有限公司,10,AAA
188585,21港投01,河南航空港投资集团有限公司,4,AAA
188586,21江东05,江东控股集团有限责任公司,5,AA+
188587,21首股01,北京首都开发股份有限公司,5,AAA
188588,21兴业04,兴业证券股份有限公司,3,AAA
188590,国电投09,国家电力投资集团有限公司,2,AAA
188592,21中飞01,中飞租融资租赁有限公司,3,AA+
188594,21兖投02,济宁市兖州区惠民城建投资有限公司,5,AA+
188595,21平证10,平安证券股份有限公司,5,AAA
188596,21控租02,国药控股(中国)融资租赁有限公司,3,AAA
188597,21宏桥03,山东宏桥新型材料有限公司,3,AA+
188598,21华租02,华电融资租赁有限公司,3,AAA
188599,21渝南03,重庆市渝南资产经营有限公司,3,nan
188600,21华远04,华远地产股份有限公司,3,AAA
188601,21新金01,新疆金融投资(集团)有限责任公司,3,AA+
188603,新交投03,新疆交通建设投资控股有限公司,3,AA
188604,21环球02,中国环球租赁有限公司,3,AAA
188605,21建发G2,乌鲁木齐经济技术开发区建发国有资本投资运营(集团)有限公司,5,AA+
188607,21沪盛01,上海国盛(集团)有限公司,5,AAA
188608,21中证12,中信证券股份有限公司,3,AAA
188609,21中证13,中信证券股份有限公司,5,AAA
188610,21绿城05,绿城房地产集团有限公司,5,AAA
188613,21兖煤Y4,兖矿能源集团股份有限公司,nan,AAA
188614,21文汇Y1,龙岩文旅汇金发展集团有限公司,nan,AA+
188615,21先导03,长沙先导投资控股集团有限公司,5,AAA
188616,21航租Y2,中航国际融资租赁有限公司,nan,AAA
188617,21航租Y3,中航国际融资租赁有限公司,nan,AAA
188619,21龙控03,深圳市龙光控股有限公司,5.22,AAA
188620,21航租05,中航国际融资租赁有限公司,3,AAA
188622,21甘金01,甘肃金融控股集团有限公司,5,AAA
188624,21象金02,厦门象屿金象控股集团有限公司,3,AAA
188625,21恒健K2,广东恒健投资控股有限公司,5,AAA
188626,21GLP11,普洛斯中国控股有限公司,5,AAA
188627,21宁证02,南京证券股份有限公司,1.02,AAA
188628,21宁证03,南京证券股份有限公司,2,AAA
188629,21国管03,北京国有资本运营管理有限公司,10,AAA
188630,21中车G1,中国中车集团有限公司,5,nan
188631,21国发03,苏州国际发展集团有限公司,5,AAA
188632,21国发04,苏州国际发展集团有限公司,5,AAA
188633,21电力Y2,国投电力控股股份有限公司,nan,AAA
188634,21海宁02,海宁市资产经营公司,5,AA+
188635,21南司02,重庆市南部新城产业投资集团有限公司,5,AA+
188636,21国联05,国联证券股份有限公司,3,AAA
188637,21绿水01,广西绿城水务集团股份有限公司,5,AA+
188638,21招金Y1,招金矿业股份有限公司,nan,AAA
188639,国电投10,国家电力投资集团有限公司,3,AAA
188640,21华鑫04,华鑫证券有限责任公司,5,nan
188641,21泰交G2,泰州市交通产业集团有限公司,5,AA+
188643,21国铁01,中国铁路投资集团有限公司,3,AAA
188644,21国管04,北京国有资本运营管理有限公司,5,AAA
188645,21闽能02,福建省能源集团有限责任公司,10,AAA
188647,21中泰02,中泰证券股份有限公司,3,AAA
188648,21中泰03,中泰证券股份有限公司,5,AAA
188649,21常高G3,常高新集团有限公司,5,AAA
188650,21华新01,华新水泥股份有限公司,3,AAA
188651,21延长05,陕西延长石油(集团)有限责任公司,3,AAA
188653,G21FRY3,福建华电福瑞能源发展有限公司,nan,AAA
188655,21首证01,首创证券股份有限公司,3,AA+
188656,G21FRY1,福建华电福瑞能源发展有限公司,nan,AAA
188660,21焦煤Y1,山西焦煤集团有限责任公司,nan,AAA
188661,21广晟Y4,广东省广晟控股集团有限公司,nan,AAA
188663,21海通08,海通证券股份有限公司,3,AAA
188664,21海通09,海通证券股份有限公司,5,AAA
188665,21首创02,北京首都创业集团有限公司,3,AAA
188666,21沪房01,上海南房(集团)有限公司,5,AA
188667,21环保债,北京首创生态环保集团股份有限公司,5,AAA
188669,21华发03,珠海华发实业股份有限公司,5,AAA
188671,21西经发,西安经发集团有限责任公司,5,AA+
188672,21津投07,天津城市基础设施建设投资集团有限公司,2,AAA
188673,21津投08,天津城市基础设施建设投资集团有限公司,3,AAA
188674,21镇公04,镇江城市建设产业集团有限公司,5,AA+
188675,21镇公05,镇江城市建设产业集团有限公司,5,AA+
188676,21陕煤Y3,陕西煤业化工集团有限责任公司,nan,AAA
188677,21中旅01,中国旅游集团有限公司,5,AAA
188678,21眉控03,眉山发展控股集团有限公司,5,AAA
188679,21济建Y1,济南城市建设集团有限公司,nan,AAA
188680,21洪政04,南昌市政公用集团有限公司,3,AAA
188682,21绍城G2,绍兴市城市发展集团有限公司,10,AAA
188683,21亦庄06,北京亦庄国际投资发展有限公司,5,AAA
188684,21北水Y1,北控水务(中国)投资有限公司,nan,AAA
188685,21椒江01,台州市椒江区国有资本运营集团有限公司,5,AA+
188687,21南租01,南航国际融资租赁有限公司,3,AA+
188688,21金光01,金光纸业(中国)投资有限公司,3,AAA
188689,21京投02,北京市基础设施投资有限公司,3,AAA
188690,21华宝01,华宝投资有限公司,3,AAA
188691,21太新05,无锡市太湖新城发展集团有限公司,5,AAA
188692,21太新06,无锡市太湖新城发展集团有限公司,10,AAA
188693,21恒信Y3,海通恒信国际融资租赁股份有限公司,nan,AAA
188694,21苏农02,苏州市农业发展集团有限公司,5,AAA
188695,21汾湖G2,苏州汾湖投资集团有限公司,3,nan
188699,21国铁02,中国铁路投资集团有限公司,3,AAA
188701,国电投11,国家电力投资集团有限公司,3,AAA
188702,21正奇01,正奇控股股份有限公司,3,AAA
188705,21水发02,水发集团有限公司,5,AAA
188706,21两江03,重庆两江新区开发投资集团有限公司,5,AAA
188707,21国丰Y3,烟台国丰投资控股集团有限公司,nan,AAA
188709,21高科03,武汉高科国有控股集团有限公司,5,AA+
188711,21芯鑫01,芯鑫融资租赁有限责任公司,3,AAA
188713,21保置01,保利置业集团有限公司,5,AAA
188714,21远东七,远东国际融资租赁有限公司,2,AAA
188715,21曹国04,曹妃甸国控投资集团有限公司,5,AA+
188716,21新汶01,新汶矿业集团有限责任公司,5,AAA
188717,21国工01,中国中材国际工程股份有限公司,3,AAA
188718,21桂投03,广西投资集团有限公司,5,AAA
188719,21金坛02,江苏金坛国发国际投资发展有限公司,5,AA+
188720,21中瑞01,郑州中瑞实业集团有限公司,5,AA+
188721,21金坛03,江苏金坛国发国际投资发展有限公司,5,AAA
188722,21广越Y1,广州越秀集团股份有限公司,nan,AAA
188723,21华金01,华金证券股份有限公司,3,AAA
188724,21产基02,湖南省财信产业基金管理有限公司,5,AAA
188725,21通用01,中国通用技术(集团)控股有限责任公司,3,AAA
188727,21常城10,常州市城市建设(集团)有限公司,10,AAA
188728,21锡创01,无锡创业投资集团有限公司,5,AAA
188729,21国宏02,洛阳国宏投资控股集团有限公司,5,AA
188730,21穂建03,广州市城市建设开发有限公司,5,AAA
188731,21穂建04,广州市城市建设开发有限公司,7,AAA
188732,21当代02,武汉当代科技产业集团股份有限公司,5,AA+
188733,21浦建01,上海浦东建设股份有限公司,5,nan
188734,21控租03,国药控股(中国)融资租赁有限公司,3,AAA
188735,21常熟02,常熟市城市经营投资集团有限公司,5,AA+
188736,21国君12,国泰君安证券股份有限公司,3.14,AAA
188737,21国君13,国泰海通证券股份有限公司,10,AAA
188738,21舟城02,舟山海城建设投资集团有限公司,5,AA+
188739,21北控02,北京控股集团有限公司,10,AAA
188740,21港务02,厦门港务控股集团有限公司,5,AAA
188741,21杭城建,杭州市城市建设发展集团有限公司,5,AA+
188742,21大众01,大众交通(集团)股份有限公司,3,AAA
188743,21国都G1,国都证券股份有限公司,3,AA+
188745,H21旭辉3,旭辉集团股份有限公司,4,AAA
188746,21东兴G5,东兴证券股份有限公司,1.02,AAA
188747,21蓉高Y1,成都高新投资集团有限公司,nan,AAA
188748,21珠江01,广州珠江实业集团有限公司,5,AAA
188749,21兴杭01,闽西兴杭国有资产投资经营有限公司,3,AAA
188750,21象屿Y1,厦门象屿股份有限公司,nan,AAA
188751,21中证14,中信证券股份有限公司,3,AAA
188752,21中航01,中国航空集团有限公司,5,AAA
188753,国电投12,国家电力投资集团有限公司,3,AAA
188755,21临债03,上海临港控股股份有限公司,4,AAA
188756,21临债04,上海临港控股股份有限公司,5,AAA
188757,21舟交02,舟山交通投资集团有限公司,5,AA+
188758,21一航Y2,中交第一航务工程局有限公司,nan,AAA
188759,21七师01,新疆生产建设兵团第七师国有资本投资运营集团有限公司,3,AA
188760,21云交01,云南省交通投资建设集团有限公司,3,AAA
188761,21复星07,上海复星高科技(集团)有限公司,2,AAA
188762,21光证G8,光大证券股份有限公司,3,AAA
188763,21光证G9,光大证券股份有限公司,5,AAA
188764,G21桂冠1,广西桂冠电力股份有限公司,3,AAA
188765,21镇公06,镇江城市建设产业集团有限公司,5,AA+
188767,21天航Y1,中交天津航道局有限公司,nan,AAA
188770,21南网03,中国南方电网有限责任公司,5,nan
188771,21国电03,国电电力发展股份有限公司,3,AAA
188772,21鲁高Y4,山东高速集团有限公司,nan,AAA
188773,21华电05,中国华电集团有限公司,2,AAA
188774,21榕投01,福州国有资本投资运营集团有限公司,5,AA+
188775,21华电06,中国华电集团有限公司,3,AAA
188776,21闽冶01,福建省冶金(控股)有限责任公司,5,AAA
188778,21海润04,江苏海润城市发展集团有限公司,5,nan
188779,21静安01,上海静安置业(集团)有限公司,5,AA+
188780,21三资01,三峡资本控股有限责任公司,3,AAA
188781,21黔高06,贵州高速公路集团有限公司,5,AAA
188783,21宁投02,宁德市交通投资集团有限公司,5,AA+
188784,21甬城02,宁波城建投资集团有限公司,5,AAA
188787,21通用03,中国通用技术(集团)控股有限责任公司,3,AAA
188789,21焦煤Y2,山西焦煤集团有限责任公司,nan,AAA
188790,21电建05,中国电力建设股份有限公司,3,AAA
188792,21产发02,宿迁产业发展集团有限公司,7,nan
188793,21中林01,中国林业集团有限公司,3,AAA
188795,21海企02,江苏省海外企业集团有限公司,5,AAA
188796,21津投09,天津城市基础设施建设投资集团有限公司,2,AAA
188797,21津投10,天津城市基础设施建设投资集团有限公司,3,AAA
188800,21环球Y2,中国环球租赁有限公司,nan,AAA
188802,21穂建05,广州市城市建设开发有限公司,5,AAA
188804,21中银01,中银国际证券股份有限公司,3,AAA
188805,21兖投03,济宁市兖州区惠民城建投资有限公司,5,AA+
188806,21军融01,青岛军民融合发展集团有限公司,5,AA+
188807,21皖投03,安徽省投资集团控股有限公司,3,AAA
188808,21沪盛02,上海国盛(集团)有限公司,5,nan
188810,21豫通Y1,河南交通投资集团有限公司,nan,AAA
188811,21豫通Y2,河南交通投资集团有限公司,nan,AAA
188812,21盛泽G1,江苏盛泽投资有限公司,3,nan
188813,21中证16,中信证券股份有限公司,3.04,AAA
188814,21中证17,中信证券股份有限公司,5,AAA
188816,21延长Y3,陕西延长石油(集团)有限责任公司,nan,AAA
188817,GC华能02,中国华能集团有限公司,5,AAA
188818,GC华能03,中国华能集团有限公司,10,AAA
188819,21晋建02,山西建设投资集团有限公司,3,AAA
188820,21中关03,中关村发展集团股份有限公司,3,nan
188822,21中航S1,中国航空集团有限公司,1,AAA
188823,21中航03,中国航空集团有限公司,5,AAA
188824,21许投01,许昌市投资集团有限公司,5,AA+
188826,21悦达G1,江苏悦达集团有限公司,5,AAA
188827,21桂农01,广西农垦集团有限责任公司,2,AA+
188828,21远洋02,北京远洋控股集团有限公司,5,AAA
188830,21北港S1,广西北部湾国际港务集团有限公司,0.75,nan
188831,21唐新Y3,中国大唐集团新能源股份有限公司,nan,AAA
188832,21济轨Y2,济南轨道交通集团有限公司,nan,AAA
188833,21济轨Y3,济南轨道交通集团有限公司,nan,AAA
188834,21浦土02,上海浦东土地控股(集团)有限公司,5,AAA
188837,21中交Y1,中交第四航务工程局有限公司,nan,AAA
188838,21CHNES1,国家能源投资集团有限责任公司,0.5,nan
188839,21财通G1,财通证券股份有限公司,3,AAA
188840,21鲁信02,山东省鲁信投资控股集团有限公司,5,AAA
188842,21临城01,临沂城市建设投资集团有限公司,5,AAA
188843,21浙资01,浙江省国有资本运营有限公司,3,AAA
188845,21大宁02,上海大宁资产经营(集团)有限公司,7,AA+
188846,21远发03,中远海运发展股份有限公司,10,AAA
188847,21海控01,海南省发展控股有限公司,5,AAA
188851,21兴杭02,闽西兴杭国有资产投资经营有限公司,3,AAA
188853,22云资01,云南能投资本投资有限公司,3,AAA
188855,21衡弘湘,衡阳弘湘国有投资(控股)集团有限公司,3,AA+
188857,21建材05,中国建材股份有限公司,3,AAA
188858,21安控01,浙江安吉国控建设发展集团有限公司,5,AA+
188859,21国君14,国泰君安证券股份有限公司,3.14,AAA
188860,21国君15,国泰海通证券股份有限公司,10,AAA
188861,21港务03,厦门港务控股集团有限公司,5,AAA
188863,22海兴G1,盐城市海兴集团有限公司,3,AA+
188865,21芯鑫02,芯鑫融资租赁有限责任公司,2,AAA
188866,21青信01,青岛国信发展(集团)有限责任公司,5,AAA
188867,21津创01,天津创业环保集团股份有限公司,5,AA+
188868,21中证18,中信证券股份有限公司,3,AAA
188869,21中证19,中信证券股份有限公司,5,AAA
188870,21泰交G3,泰州市交通产业集团有限公司,5,AA+
188871,21平证11,平安证券股份有限公司,3,AAA
188873,21泰城G1,泰州市城市建设投资集团有限公司,5,AA+
188874,21华泰13,华泰证券股份有限公司,3,AAA
188875,21华泰14,华泰证券股份有限公司,10,AAA
188876,21GLP12,普洛斯中国控股有限公司,5,AAA
188877,21津投11,天津城市基础设施建设投资集团有限公司,2,AAA
188878,21诚通15,中国诚通控股集团有限公司,5,AAA
188880,21通城03,南通城市建设集团有限公司,4,AAA
188881,21浙商G1,浙江省浙商资产管理股份有限公司,5,AAA
188882,21成建工,成都建工集团有限公司,5,AA+
188883,21铁投01,中国铁建投资集团有限公司,3,AAA
188884,21光证10,光大证券股份有限公司,3,AAA
188885,21北水Y2,北控水务(中国)投资有限公司,nan,AAA
188886,21光证11,光大证券股份有限公司,5,AAA
188887,21江东06,江东控股集团有限责任公司,5,nan
188888,21张江03,上海张江高科技园区开发股份有限公司,5,AAA
188889,21中关05,中关村发展集团股份有限公司,3,nan
188892,21恒信G4,海通恒信国际融资租赁股份有限公司,2,AAA
188893,21海亮01,海亮集团有限公司,3,AA+
188894,21武生01,武汉生态环境投资发展集团有限公司,5,nan
188895,21翠微01,北京翠微大厦股份有限公司,5,AAA
188896,21蓉金01,成都交子金融控股集团有限公司,5,AAA
188898,21唐新Y6,中国大唐集团新能源股份有限公司,nan,AAA
188899,21唐新04,中国大唐集团新能源股份有限公司,3,AAA
188900,21杭金01,杭州市金融投资集团有限公司,5,AAA
188901,21融强02,大连融强投资有限公司,5,AA
188902,21利程01,利程融资租赁(上海)有限公司,5,AAA
188903,21国机01,中国机械工业集团有限公司,5,AAA
188904,21邗江01,扬州市邗江城市建设发展有限公司,5,AA+
188906,21镇公08,镇江城市建设产业集团有限公司,5,nan
188907,21娄城G1,太仓娄城高新集团有限公司,5,AA+
188909,21长发07,长沙城市发展集团有限公司,5,AAA
188911,21长发06,长沙城市发展集团有限公司,10,AAA
188912,21虞交01,绍兴市上虞区交通集团有限公司,5,AA+
188913,21国保03,国新商业保理有限公司,3,AAA
188914,21国保04,国新商业保理有限公司,5,AAA
188915,GC融和03,中电投融和融资租赁有限公司,5,AAA
188916,21发展02,山东发展投资控股集团有限公司,5,AAA
188917,21宁紫01,南京紫金资产管理有限公司,5,AAA
188918,国电投13,国家电力投资集团有限公司,3,AAA
188919,21国丰Y5,烟台国丰投资控股集团有限公司,nan,AAA
188921,21远东八,远东国际融资租赁有限公司,2,AAA
188922,21海润05,江苏海润城市发展集团有限公司,5,nan
188924,21南网04,中国南方电网有限责任公司,3,nan
188925,21珠投05,广东珠江投资股份有限公司,5,AA+
188926,21华泰15,华泰证券股份有限公司,3,AAA
188927,21华泰16,华泰证券股份有限公司,10,AAA
188928,21中泰04,中泰证券股份有限公司,3,AAA
188929,21国新03,中国国新控股有限责任公司,5,nan
188930,21中科01,北京中关村科技创业金融服务集团有限公司,3,AA+
188931,21常新G3,常州东方新城建设集团有限公司,5,nan
188934,21龙盛05,浙江龙盛集团股份有限公司,2,AAA
188935,21豫峡02,三门峡市投资集团有限公司,5,AA+
188936,21东方02,浙江东方金融控股集团股份有限公司,3,AAA
188937,GC华能04,中国华能集团有限公司,3,AAA
188938,21黄海G1,江苏黄海金融控股集团有限公司,3,AA+
188939,21上唐01,上海大唐融资租赁有限公司,3,AAA
188940,21万联G2,万联证券股份有限公司,3,AA+
188943,21中信01,中国中信有限公司,5,AAA
188944,21中信02,中国中信有限公司,10,AAA
188945,21上建Y1,上海基础设施建设发展(集团)有限公司,nan,AA+
188946,21水发03,水发集团有限公司,5,nan
188948,21轻盐02,湖南盐业集团有限公司,5,AA+
188951,21鲁高04,山东高速集团有限公司,5,AAA
188952,21鲁高05,山东高速集团有限公司,10,AAA
188953,21渝交投,重庆城市交通开发投资(集团)有限公司,3,AAA
188954,21嘉善03,嘉善县国有资产投资集团有限公司,5,AA+
188955,21皋通01,如皋市交通产业集团有限公司,5,AA+
188956,21嘉善04,嘉善县国有资产投资集团有限公司,5,AA+
188957,21创鸿04,江苏创鸿资产管理有限公司,5,AA+
188959,21港投02,河南航空港投资集团有限公司,3,AAA
188960,21兴资02,兴业资产管理有限公司,3,AAA
188961,21国药03,国药控股股份有限公司,3,AAA
188962,21海通10,海通证券股份有限公司,3,AAA
188963,G21华新1,华电新能源集团股份有限公司,3,AAA
188964,21SIIC02,上海实业环境控股有限公司,5,AAA
188965,21浙金控,浙江省创新投资集团有限公司,5,AAA
188966,21建材07,中国建材股份有限公司,3,AAA
188967,21建材08,中国建材股份有限公司,5,AAA
188968,21电力Y3,国投电力控股股份有限公司,nan,AAA
188969,21诚通17,中国诚通控股集团有限公司,5,AAA
188970,21诚通18,中国诚通控股集团有限公司,7,AAA
188971,21长电01,中国长江电力股份有限公司,3,AAA
188972,21京汽01,北京汽车股份有限公司,3,AAA
188974,21沪资03,上海国际集团资产管理有限公司,3,AAA
188975,21赣交Y4,江西省交通投资集团有限责任公司,nan,AAA
188976,21赣交Y5,江西省交通投资集团有限责任公司,nan,AAA
188978,21东兴G6,东兴证券股份有限公司,1.02,AAA
188979,21铁工Y5,中国中铁股份有限公司,nan,AAA
188980,21兴业06,兴业证券股份有限公司,3,AAA
188981,21铁工Y6,中国中铁股份有限公司,nan,AAA
188982,21通城04,南通城市建设集团有限公司,4,AAA
188983,21广越Y2,广州越秀集团股份有限公司,nan,AAA
188984,21阳安G1,华创云信数字技术股份有限公司,4,AA+
188985,21大众02,大众交通(集团)股份有限公司,3,AAA
188986,21海鸿G1,江苏海鸿投资控股集团有限公司,5,nan
188987,21京投03,北京市基础设施投资有限公司,3,AAA
188988,21华发05,珠海华发实业股份有限公司,5,AAA
188989,21建一Y1,中国建筑一局(集团)有限公司,nan,AAA
188990,21金隅Y1,北京金隅集团股份有限公司,nan,AAA
188994,21陕煤Y4,陕西煤业化工集团有限责任公司,nan,AAA
188995,21西基01,西安城市基础设施建设投资集团有限公司,5,AAA
188996,21西基02,西安城市基础设施建设投资集团有限公司,10,AAA
188999,21建资01,南京建邺国有资产经营集团有限公司,5,nan
240000,23中建K1,中建科技集团有限公司,3,nan
240001,23漳九Y1,漳州市九龙江集团有限公司,nan,AAA
240002,23象屿G5,厦门象屿集团有限公司,3,nan
240003,23津投21,天津城市基础设施建设投资集团有限公司,1.02,AAA
240004,23津投22,天津城市基础设施建设投资集团有限公司,2,AAA
240006,23国君G9,国泰海通证券股份有限公司,2.12,AAA
240007,23国君10,国泰海通证券股份有限公司,3,AAA
240008,23宏洋04,中海宏洋地产集团有限公司,4,AAA
240010,23JTYK02,北京市基础设施投资有限公司,nan,AAA
240013,23南港01,南京新港开发有限公司,2,nan
240017,23光证G5,光大证券股份有限公司,3,AAA
240018,23希望01,新希望五新实业集团有限公司,2,AAA
240019,23晋建02,山西建设投资集团有限公司,5,AAA
240020,23智光G1,泰兴市智光环保科技有限公司,5,nan
240021,23智光G2,泰兴市智光环保科技有限公司,5,nan
240025,核建YK01,中国核工业建设股份有限公司,nan,AAA
240026,核建YK02,中国核工业建设股份有限公司,nan,AAA
240029,23赣财02,江西省财政投资集团有限公司,3,AAA
240030,23穗港03,广州港集团有限公司,3,nan
240031,23金港G1,张家港保税区金港资产经营集团有限公司,3,nan
240032,23金港G2,张家港保税区金港资产经营集团有限公司,5,nan
240033,23南山K2,南山集团有限公司,2,AAA
240034,23兴泰Y1,安徽省兴泰融资担保集团股份有限公司,nan,AAA
240035,铁工YK11,中国中铁股份有限公司,nan,AAA
240036,铁工YK12,中国中铁股份有限公司,nan,AAA
240038,23中公Y6,中交一公局集团有限公司,nan,AAA
240039,23扬子G3,南京扬子国资投资集团有限责任公司,3,AAA
240040,23天宁G1,常州天宁建设发展集团有限公司,5,nan
240041,23津投23,天津城市基础设施建设投资集团有限公司,1.02,AAA
240042,23津投24,天津城市基础设施建设投资集团有限公司,2,AAA
240043,23国丰06,烟台国丰投资控股集团有限公司,3,AAA
240044,23国丰07,烟台国丰投资控股集团有限公司,5,AAA
240045,23蒙资02,内蒙古金融资产管理有限公司,3,AAA
240046,23皖交05,安徽省交通控股集团有限公司,3,nan
240047,GY锡铁03,无锡地铁集团有限公司,nan,AAA
240050,23豫通04,河南交通投资集团有限公司,5,nan
240051,23东财K1,东营市财金投资集团有限公司,5,AAA
240053,23疏浚K3,中交疏浚(集团)股份有限公司,2,AAA
240055,23浦土02,上海浦东土地控股(集团)有限公司,3,AAA
240056,23青港01,山东港口青岛港集团有限公司,5,AAA
240057,23浙能K1,浙江省能源集团有限公司,5,AAA
240058,23浙能K2,浙江省能源集团有限公司,10,AAA
240059,铁工YK13,中国中铁股份有限公司,nan,AAA
240060,铁工YK14,中国中铁股份有限公司,nan,AAA
240062,23黔高03,贵州高速公路集团有限公司,3,AAA
240063,23中证23,中信证券股份有限公司,2,AAA
240064,23中证24,中信证券股份有限公司,3,AAA
240065,23华新K1,华新建材集团股份有限公司,3,nan
240067,G23深高1,深圳高速公路集团股份有限公司,3,nan
240068,23华泰13,华泰证券股份有限公司,2,AAA
240069,23华泰14,华泰证券股份有限公司,10,AAA
240072,河钢YK03,河钢集团有限公司,nan,AAA
240073,河钢YK04,河钢集团有限公司,nan,AAA
240077,23市政Y1,北京市政建设集团有限责任公司,nan,AAA
240078,23济轨05,济南轨道交通集团有限公司,5,nan
240079,23创投K2,深圳市创新投资集团有限公司,5,AAA
240080,23控租05,国耀融汇融资租赁有限公司,3,AAA
240081,23方正G5,方正证券股份有限公司,3,AAA
240082,23中航Y1,中国航空技术国际控股有限公司,nan,AAA
240083,23义乌G2,义乌市国有资本运营有限公司,3,nan
240084,23桂北04,广西北部湾投资集团有限公司,3,AAA
240085,23山能K2,山东能源集团有限公司,5,AAA
240086,23山能K3,山东能源集团有限公司,10,AAA
240087,23扬子G4,南京扬子国资投资集团有限责任公司,3,AAA
240089,23中泰02,中泰证券股份有限公司,3,AAA
240091,23电租Y1,中国电建集团租赁有限公司,nan,AA+
240093,23三友02,唐山三友化工股份有限公司,3,nan
240094,华能YK07,中国华能集团有限公司,nan,AAA
240095,23国君11,国泰海通证券股份有限公司,2,AAA
240096,23国君12,国泰海通证券股份有限公司,5,AAA
240097,建一YK01,中国建筑一局(集团)有限公司,nan,AAA
240098,23兴城03,成都兴城投资集团有限公司,5,AAA
240102,蓉金KY01,成都交子金融控股集团有限公司,nan,AAA
240103,23铁基04,安徽省铁路发展基金股份有限公司,2,nan
240104,23联和K3,上海联和投资有限公司,10,AAA
240105,23天宁G2,常州天宁建设发展集团有限公司,5,nan
240106,23江开G1,南京江宁经济技术开发集团有限公司,5,nan
240107,23高科03,武汉高科国有控股集团有限公司,5,AA+
240111,23建投Y2,南京江北新区建设投资集团有限公司,nan,nan
240112,23BEHL02,北京控股有限公司,2,AAA
240113,23BEHL03,北京控股有限公司,5,AAA
240114,23财证01,财信证券股份有限公司,3,AAA
240115,23山高K1,山东高速股份有限公司,3,nan
240116,23浦创K1,上海浦东科创集团有限公司,5,nan
240117,23赣交K5,江西省交通投资集团有限责任公司,3,nan
240118,23财信04,湖南财信金融控股集团有限公司,5,nan
240119,23华电K1,中国华电集团有限公司,3,nan
240120,23华电K2,中国华电集团有限公司,10,nan
240121,23恒信G3,海通恒信国际融资租赁股份有限公司,4,AAA
240122,23延长K7,陕西延长石油(集团)有限责任公司,5,nan
240123,23扬州G2,扬州市城建国有资产控股(集团)有限责任公司,3,AAA
240126,23巨化03,巨化集团有限公司,3,nan
240127,23唐租02,大唐融资租赁有限公司,2,nan
240132,23电力03,国投电力控股股份有限公司,3,nan
240133,能建YK02,中国能源建设股份有限公司,nan,AAA
240136,23兴信05,兴业国信资产管理有限公司,3,AAA
240137,23吉高03,吉林省高速公路集团有限公司,5,AAA
240138,23云控01,云南省投资控股集团有限公司,1.03,nan
240139,23五资03,五矿资本控股有限公司,3,AAA
240143,23芯鑫02,芯鑫融资租赁有限责任公司,3,AAA
240144,鲁高KY02,山东高速集团有限公司,nan,AAA
240146,23铁投Y4,中国铁建投资集团有限公司,nan,AAA
240147,23动能03,山东省新动能基金管理有限公司,5,AAA
240148,铁工YK15,中国中铁股份有限公司,nan,AAA
240149,铁工YK16,中国中铁股份有限公司,nan,AAA
240150,23浙金03,浙江省创新投资集团有限公司,3,nan
240153,23环球04,中国环球租赁有限公司,5,nan
240154,23京保01,北京保障房中心有限公司,24,AAA
240155,23京保02,北京保障房中心有限公司,10,AAA
240156,23交YK01,中国交通建设股份有限公司,nan,AAA
240157,23一航Y1,中交第一航务工程局有限公司,nan,AAA
240158,23华泰15,华泰证券股份有限公司,2.75,AAA
240159,23华泰16,华泰证券股份有限公司,10,AAA
240160,23路桥02,厦门路桥建设集团有限公司,3,nan
240162,23信投G7,中信建投证券股份有限公司,3,AAA
240163,23信投G8,中信建投证券股份有限公司,5,AAA
240164,23信投G9,中信建投证券股份有限公司,10,AAA
240167,23厦贸Y5,厦门国贸控股集团有限公司,nan,AAA
240168,23三能01,中国三峡新能源(集团)股份有限公司,5,nan
240169,G23国发1,苏州国际发展集团有限公司,3,nan
240170,23新师01,新疆生产建设兵团第十二师国有资产投资发展集团有限公司,5,nan
240171,23海国07,北京市海淀区国有资本运营有限公司,5,AAA
240172,23海国08,北京市海淀区国有资本运营有限公司,5,AAA
240173,G23京Y1,北京市基础设施投资有限公司,nan,AAA
240175,23亦庄K3,北京亦庄国际投资发展有限公司,3,AAA
240176,23亦庄K4,北京亦庄国际投资发展有限公司,5,AAA
240177,工业YK03,中铁高新工业股份有限公司,nan,AAA
240178,工业YK04,中铁高新工业股份有限公司,nan,AAA
240179,23中大01,物产中大集团股份有限公司,3,nan
240180,23中信03,中国中信有限公司,5,AAA
240182,23汉投10,汉江国有资本投资集团有限公司,5,nan
240183,23汉投11,汉江国有资本投资集团有限公司,7,nan
240184,23云信03,华创云信数字技术股份有限公司,4,AA+
240187,23沪硅K1,上海硅产业集团股份有限公司,5,nan
240188,23狮桥03,狮桥融资租赁(中国)有限公司,2,AA+
240189,建一YK02,中国建筑一局(集团)有限公司,nan,AAA
240190,23乌江02,贵州乌江能源投资有限公司,5,nan
240191,23恒健01,广东恒健投资控股有限公司,2,nan
240192,23恒健02,广东恒健投资控股有限公司,5,nan
240193,中色YK04,中国有色矿业集团有限公司,nan,AAA
240194,中色YK05,中国有色矿业集团有限公司,nan,AAA
240195,23中证25,中信证券股份有限公司,2,AAA
240196,23中证26,中信证券股份有限公司,5,AAA
240197,23信保Y1,江苏省信用再担保集团有限公司,nan,nan
240199,23开福03,长沙开福城投集团有限责任公司,3,AA+
240201,23中公Y8,中交一公局集团有限公司,nan,AAA
240202,23台州02,台州市国有资本运营集团有限公司,3,AAA
240203,23穗建07,广州市城市建设开发有限公司,5,AAA
240204,23产融10,中航工业产融控股股份有限公司,3,AAA
240205,23华租01,华电融资租赁有限公司,3,AAA
240206,23安租12,平安国际融资租赁有限公司,2,nan
240207,23安租13,平安国际融资租赁有限公司,2,nan
240208,23财信05,湖南财信金融控股集团有限公司,5,nan
240209,23产融11,中航工业产融控股股份有限公司,5,AAA
240210,23青城10,青岛城市建设投资(集团)有限责任公司,3,nan
240211,23漳九Y2,漳州市九龙江集团有限公司,nan,AAA
240213,23鲁高K2,山东高速集团有限公司,5,AAA
240214,23洪轨04,南昌轨道交通集团有限公司,3,AAA
240215,蓝星YK04,中国蓝星(集团)股份有限公司,nan,AAA
240216,23住总Y1,北京住总集团有限责任公司,nan,AAA
240217,23建发Y2,厦门建发股份有限公司,nan,AAA
240218,23能源Y3,中化能源股份有限公司,nan,AAA
240221,23穗投K1,广州产业投资控股集团有限公司,10,AAA
240224,23国创01,苏州国发创业投资控股有限公司,3,AAA
240227,23皖投01,安徽省投资集团控股有限公司,3,nan
240228,23云控02,云南省投资控股集团有限公司,2,nan
240229,23海国09,北京市海淀区国有资本运营有限公司,5,AAA
240230,23海国10,北京市海淀区国有资本运营有限公司,5,AAA
240232,23厦贸Y6,厦门国贸集团股份有限公司,nan,AAA
240234,23能化Y1,福建省能源石化集团有限责任公司,nan,nan
240235,铁工YK17,中国中铁股份有限公司,nan,AAA
240236,铁工YK18,中国中铁股份有限公司,nan,AAA
240237,23国地02,厦门国贸地产集团有限公司,5,AAA
240238,23汉投12,汉江国有资本投资集团有限公司,5,nan
240239,23汉投13,汉江国有资本投资集团有限公司,7,nan
240240,23中化Y8,中国中化股份有限公司,nan,AAA
240241,23财券G5,财通证券股份有限公司,2,AAA
240242,23财券G6,财通证券股份有限公司,3,AAA
240243,23亦庄05,北京亦庄国际投资发展有限公司,5,AAA
240244,23亦庄06,北京亦庄国际投资发展有限公司,10,AAA
240246,GR中电02,中国电力国际有限公司,3,AAA
240247,23扬子Y1,南京扬子国资投资集团有限责任公司,nan,AAA
240248,23信投10,中信建投证券股份有限公司,3,AAA
240249,23信投11,中信建投证券股份有限公司,5,AAA
240252,23平证15,平安证券股份有限公司,3,AAA
240253,23汇能Y1,中核汇能有限公司,nan,AAA
240254,23汇能Y2,中核汇能有限公司,nan,AAA
240255,延长KY08,陕西延长石油(集团)有限责任公司,nan,nan
240256,延长KY09,陕西延长石油(集团)有限责任公司,nan,nan
240257,交筑YK03,中交建筑集团有限公司,nan,AAA
240258,交筑YK04,中交建筑集团有限公司,nan,AAA
240259,23国君13,国泰海通证券股份有限公司,2,AAA
240261,23国君15,国泰海通证券股份有限公司,5,AAA
240262,23交水01,湖南省交通水利建设集团有限公司,5,nan
240263,23沪国际,上海国际集团有限公司,3,nan
240264,23松国01,上海松江国有资产投资经营管理集团有限公司,5,nan
240265,鲁金KY01,山东黄金矿业股份有限公司,nan,AAA
240266,23常新G1,常州东方新城建设集团有限公司,3,nan
240267,23景控04,景德镇市国资运营投资控股集团有限责任公司,3,AA+
240269,23蓉轨Y1,成都轨道交通集团有限公司,nan,nan
240270,23京投04,北京市基础设施投资有限公司,3,AAA
240271,23天成01,华能天成融资租赁有限公司,2,AAA
240272,23天成02,华能天成融资租赁有限公司,3,AAA
240274,23常经G1,常熟经开控股有限公司,5,nan
240278,23山钢06,山东钢铁集团有限公司,5,nan
240281,23方正G6,方正证券股份有限公司,2,AAA
240283,23南方01,南方水泥有限公司,3,AAA
240284,23栖建01,南京栖霞建设股份有限公司,5,nan
240285,23豫管02,河南资产管理有限公司,3,AAA
240286,甬通商K2,宁波通商控股集团有限公司,10,AAA
240287,23新兴K1,厦门建发新兴产业股权投资有限责任公司,3,AAA
240288,23新兴K2,厦门建发新兴产业股权投资有限责任公司,5,AAA
240289,23浦土03,上海浦东土地控股(集团)有限公司,3,AAA
240291,23中证28,中信证券股份有限公司,3,AAA
240294,23开源03,开源证券股份有限公司,3,nan
240296,23城建Y1,北京城建集团有限责任公司,nan,AAA
240298,23航租Y4,中航国际融资租赁有限公司,nan,AAA
240300,23唐租03,大唐融资租赁有限公司,2,nan
240301,23津投26,天津城市基础设施建设投资集团有限公司,3,AAA
240303,23中泰03,中泰证券股份有限公司,3,AAA
240304,GC三峡YK,中国长江三峡集团有限公司,nan,AAA
240305,23江城01,南京江宁城市建设集团有限公司,5,nan
240306,23海通16,海通证券股份有限公司,3,AAA
240307,23中飞02,中飞租融资租赁有限公司,3,AAA
240309,铁工YK19,中国中铁股份有限公司,nan,AAA
240310,铁工YK20,中国中铁股份有限公司,nan,AAA
240311,23控租06,国耀融汇融资租赁有限公司,3,AAA
240312,23财金03,山东省财金投资集团有限公司,5,AAA
240313,23红狮01,红狮控股集团有限公司,3,nan
240315,23青城11,青岛城市建设投资(集团)有限责任公司,3,nan
240317,23中化Y9,中国中化股份有限公司,nan,AAA
240319,23浙商G2,浙江省浙商资产管理股份有限公司,5,nan
240321,23杭实K3,杭州市实业投资集团有限公司,3,nan
240322,23豫通05,河南交通投资集团有限公司,5,nan
240324,河钢YK06,河钢集团有限公司,nan,AAA
240327,23产融13,中航工业产融控股股份有限公司,5,AAA
240328,赣投YK02,江西省投资集团有限公司,nan,AAA
240329,23CHNG1Y,中国华能集团有限公司,nan,AAA
240330,23环保01,北京首创生态环保集团股份有限公司,3,nan
240331,23环保02,北京首创生态环保集团股份有限公司,5,nan
240332,23环保Y4,北京首创生态环保集团股份有限公司,nan,AAA
240334,鲁金KY02,山东黄金矿业股份有限公司,nan,AAA
240335,23招证11,招商证券股份有限公司,3,AAA
240336,23明债01,光明房地产集团股份有限公司,3,nan
240337,装备YK01,晋能控股装备制造集团有限公司,nan,AAA
240339,GY汇能02,中核汇能有限公司,nan,AAA
240340,化学YK03,中国化学工程集团有限公司,nan,AAA
240341,23华鑫02,华鑫证券有限责任公司,3,nan
240342,23信达02,信达证券股份有限公司,1.02,AAA
240344,23苏新01,苏州新区高新技术产业股份有限公司,5,nan
240345,23吴金K2,苏州市吴中金融控股集团有限公司,5,AAA
240346,23苏信02,江苏省国信集团有限公司,3,nan
240349,23义乌G3,义乌市国有资本运营有限公司,5,nan
240351,23云控05,云南省投资控股集团有限公司,2,nan
240353,23海旅02,海南省旅游投资集团有限公司,3,nan
240354,23浙资02,浙江省国有资本运营有限公司,3,nan
240355,GC核融03,中核融资租赁有限公司,3,AAA
240357,23鄂旅Y2,湖北文化旅游集团有限公司,nan,AAA
240358,GC三峡K1,中国长江三峡集团有限公司,10,AAA
240359,GC三峡K2,中国长江三峡集团有限公司,20,AAA
240360,23信投13,中信建投证券股份有限公司,3,AAA
240361,23信投14,中信建投证券股份有限公司,5,AAA
240362,延长KY10,陕西延长石油(集团)有限责任公司,nan,AAA
240363,23蒙电Y1,内蒙古蒙电华能热电股份有限公司,nan,AAA
240364,23蒙电Y2,内蒙古蒙电华能热电股份有限公司,nan,AAA
240365,23黔资01,贵州省国有资本运营有限责任公司,3,AAA
240366,23财金04,山东省财金投资集团有限公司,5,AAA
240367,23福电Y1,福建福清核电有限公司,nan,AAA
240368,23鄂交K5,湖北交通投资集团有限公司,10,AAA
240369,23特电Y1,新疆特变电工集团有限公司,nan,AA+
240370,23银河G8,中国银河证券股份有限公司,3,AAA
240371,23银河G9,中国银河证券股份有限公司,5,AAA
240372,路建YK02,中交路桥建设有限公司,nan,AAA
240373,23华租02,华电融资租赁有限公司,3,AAA
240376,陕煤KY06,陕西煤业化工集团有限责任公司,nan,AAA
240377,23交YK02,中国交通建设股份有限公司,nan,AAA
240378,23交YK03,中国交通建设股份有限公司,nan,AAA
240380,23津投28,天津城市基础设施建设投资集团有限公司,3,AAA
240382,23安租14,平安国际融资租赁有限公司,2,nan
240383,23安租15,平安国际融资租赁有限公司,2,nan
240384,23宝租01,华宝都鼎(上海)融资租赁有限公司,2,nan
240385,23方正G7,方正证券股份有限公司,2,AAA
240386,23华兴Y1,中国核工业华兴建设有限公司,nan,AAA
240387,23华兴Y2,中国核工业华兴建设有限公司,nan,AAA
240388,中化Y10,中国中化股份有限公司,nan,AAA
240389,中化Y11,中国中化股份有限公司,nan,AAA
240390,23上金K2,上海汽车集团金控管理有限公司,3,AAA
240392,23上证02,上海证券有限责任公司,3,AAA
240393,23城建Y2,北京城建集团有限责任公司,nan,AAA
240394,23河钢07,河钢集团有限公司,3,AAA
240395,23河钢08,河钢集团有限公司,3,AAA
240397,铁工YK22,中国中铁股份有限公司,nan,AAA
240401,23穗建08,广州市城市建设开发有限公司,7,AAA
240402,23CEE01,中国电气装备集团有限公司,3,AAA
240404,23青城12,青岛城市建设投资(集团)有限责任公司,3,nan
240406,23唐租04,大唐融资租赁有限公司,2,nan
240407,23中证29,中信证券股份有限公司,2,AAA
240408,23中证30,中信证券股份有限公司,3,AAA
240409,23兴资01,兴业资产管理有限公司,3,nan
240410,GK三峰01,重庆三峰环境集团股份有限公司,2,nan
240411,23渝富04,重庆渝富控股集团有限公司,15,AAA
240414,23平证16,平安证券股份有限公司,2,AAA
240415,23平证17,平安证券股份有限公司,3,AAA
240416,23中金G7,中国国际金融股份有限公司,5,AAA
240417,23中金G8,中国国际金融股份有限公司,7,AAA
240418,23苏创K1,苏州创新投资集团有限公司,3,AAA
240419,23南山K3,南山集团有限公司,2,AAA
240421,23七师01,新疆生产建设兵团第七师国有资本投资运营集团有限公司,3,nan
240422,23环球05,中国环球租赁有限公司,5,nan
240423,23招证12,招商证券股份有限公司,1.52,AAA
240424,23招证13,招商证券股份有限公司,2,AAA
240425,建三YK01,中建三局集团有限公司,nan,AAA
240426,23京城04,北京城建投资发展股份有限公司,5,AAA
240427,23京保03,北京保障房中心有限公司,24,nan
240428,23苏信03,江苏省国信集团有限公司,3,nan
240429,23象屿Y2,厦门象屿股份有限公司,nan,AAA
240430,23杭水01,杭州市水务集团有限公司,3,nan
240433,河钢YK10,河钢集团有限公司,nan,AAA
240434,23皖交Y1,安徽省交通控股集团有限公司,nan,nan
240440,23信地05,信达地产股份有限公司,5,AA+
240441,24中铁01,中国铁建房地产集团有限公司,5,nan
240444,23济建G2,济南城市建设集团有限公司,5,nan
240445,铁建YK07,中国铁建股份有限公司,nan,AAA
240447,23联发05,联发集团有限公司,6,AAA
240448,23联发06,联发集团有限公司,6,AAA
240449,24吉高01,吉林省高速公路集团有限公司,5,AAA
240450,24浙资01,浙江省国有资本运营有限公司,3,nan
240451,24义乌G1,义乌市国有资本运营有限公司,5,AAA
240453,24兴泸02,泸州市兴泸投资集团有限公司,7,nan
240454,24海通01,海通证券股份有限公司,3,AAA
240455,23河钢11,河钢集团有限公司,2,AAA
240456,23三局Y2,中交第三公路工程局有限公司,nan,AA+
240457,24无锡G1,无锡市新发集团有限公司,5,nan
240458,24无锡G2,无锡市新发集团有限公司,10,nan
240459,24财金01,山东省财金投资集团有限公司,5,AAA
240461,24南交02,南昌市交通投资集团有限公司,5,AAA
240462,24太新Y1,无锡市太湖新城发展集团有限公司,nan,AAA
240463,24张科K1,上海张江科技创业投资有限公司,5,AAA
240464,24津投01,天津城市基础设施建设投资集团有限公司,2,AAA
240465,24津投02,天津城市基础设施建设投资集团有限公司,3,AAA
240467,24青信02,青岛国信发展(集团)有限责任公司,3,nan
240468,24方正G1,方正证券股份有限公司,2,AAA
240471,24东财01,东营市财金投资集团有限公司,5,nan
240473,24湖州01,湖州市城市投资发展集团有限公司,5,AAA
240474,24恒信G1,海通恒信国际融资租赁股份有限公司,4,AAA
240475,24航租01,中航国际融资租赁有限公司,3,AAA
240476,24兴城01,成都兴城投资集团有限公司,5,nan
240478,24泰山G2,泰安市泰山财金投资集团有限公司,5,nan
240480,24中邮01,中邮证券有限责任公司,3,AAA
240481,24中邮02,中邮证券有限责任公司,5,AAA
240482,24漳九01,漳州市九龙江集团有限公司,5,AAA
240484,24产融02,中航工业产融控股股份有限公司,5,AAA
240485,24辽港01,辽宁港口股份有限公司,3,AAA
240486,24辽港02,辽宁港口股份有限公司,5,AAA
240487,24新汶Y1,新汶矿业集团有限责任公司,nan,AAA
240489,24粤港01,广州港股份有限公司,3,nan
240490,24蓉轨01,成都轨道交通集团有限公司,5,nan
240492,山招YK02,山东招金集团有限公司,nan,AAA
240493,24建元01,苏州新建元控股集团有限公司,5,nan
240494,24宝租01,华宝都鼎(上海)融资租赁有限公司,2,nan
240495,24广越01,广州越秀集团股份有限公司,5,AAA
240496,24广越02,广州越秀集团股份有限公司,10,AAA
240497,24交投01,中交投资有限公司,3,nan
240498,24交投02,中交投资有限公司,5,nan
240499,24国联01,国联民生证券股份有限公司,3,AAA
240500,24象金01,厦门象屿金象控股集团有限公司,3,AAA
240501,24平证01,平安证券股份有限公司,2,AAA
240502,24平证02,平安证券股份有限公司,3,AAA
240503,24株国01,株洲市国有资产投资控股集团有限公司,3,nan
240504,24中证G1,中信证券股份有限公司,2,AAA
240505,24中证G2,中信证券股份有限公司,3,AAA
240506,24招证G1,招商证券股份有限公司,3,AAA
240507,24海晟G1,江苏海晟控股集团有限公司,3,nan
240508,24中泰01,中泰证券股份有限公司,3,AAA
240509,24住总01,北京住总集团有限责任公司,5,nan
240510,24青城01,青岛城市建设投资(集团)有限责任公司,3,nan
240511,24能投01,云南省能源集团有限公司,3,nan
240512,24华福G1,华福证券股份有限公司,3,AAA
240513,24华福G2,华福证券股份有限公司,5,AAA
240517,24兴业01,兴业证券股份有限公司,3,AAA
240519,24信投G1,中信建投证券股份有限公司,3,AAA
240520,24信投G2,中信建投证券股份有限公司,10,AAA
240521,24舟城01,舟山海城建设投资集团有限公司,5,nan
240522,24舟城02,舟山海城建设投资集团有限公司,5,nan
240524,24常新G2,常州东方新城建设集团有限公司,5,nan
240525,24川金01,四川金融控股集团有限公司,3,AAA
240526,甬通商K3,宁波通商控股集团有限公司,10,AAA
240528,24中原01,中原证券股份有限公司,3,nan
240529,24环球01,中国环球租赁有限公司,5,nan
240530,24安叉K1,安徽叉车集团有限责任公司,2,nan
240531,24建集Y1,厦门建发集团有限公司,nan,AAA
240532,24浙商G1,浙江省浙商资产管理股份有限公司,5,nan
240534,24供销01,中国供销集团有限公司,3,AAA
240535,24信保Y1,江苏省信用再担保集团有限公司,nan,nan
240536,24神木01,神木市国有资本投资运营集团有限公司,5,nan
240538,24广越04,广州越秀集团股份有限公司,10,AAA
240539,24公用01,上海大众公用事业(集团)股份有限公司,3,AAA
240540,24发展01,山东发展投资控股集团有限公司,3,AAA
240541,24苏广K1,江苏省广电有线信息网络股份有限公司,3,nan
240542,24国发01,苏州国际发展集团有限公司,3,nan
240544,24东证01,东方证券股份有限公司,3,AAA
240546,24栖建02,南京栖霞建设股份有限公司,5,nan
240547,24长产01,长江产业投资集团有限公司,5,nan
240548,24住总02,北京住总集团有限责任公司,5,nan
240549,24象屿G1,厦门象屿集团有限公司,3,nan
240550,24宝武K1,中国宝武钢铁集团有限公司,3,AAA
240552,鲁高KY04,山东高速集团有限公司,nan,AAA
240553,24国惠01,山东发展投资控股集团有限公司,3,nan
240554,24国惠02,山东发展投资控股集团有限公司,5,nan
240555,24海租01,海发宝诚融资租赁有限公司,3,nan
240556,24山钢01,山东钢铁集团有限公司,5,nan
240557,24洋河01,江苏洋河集团有限公司,10,nan
240558,24厦贸Y1,厦门国贸集团股份有限公司,nan,AAA
240559,24路桥01,厦门路桥建设集团有限公司,5,nan
240560,24川资01,四川发展资产管理有限公司,5,AAA
240561,24启东01,启东城投集团有限公司,5,nan
240563,24产融04,中航工业产融控股股份有限公司,5,AAA
240564,24国金01,国金证券股份有限公司,3,AAA
240566,24金华01,金华市国有资本运营有限公司,5,nan
240568,24苏创K1,苏州创新投资集团有限公司,3,nan
240570,24青信06,青岛国信发展(集团)有限责任公司,5,nan
240572,24豫通Y2,河南交通投资集团有限公司,nan,nan
240573,24电建K1,中国电力建设股份有限公司,10,AAA
240574,24信达01,信达证券股份有限公司,1.02,AAA
240575,24恒信Y1,海通恒信国际融资租赁股份有限公司,nan,AAA
240578,24陆债01,上海陆家嘴金融贸易区开发股份有限公司,5,nan
240580,24株国03,株洲市国有资产投资控股集团有限公司,5,nan
240581,24融和01,中电投融和融资租赁有限公司,3,nan
240582,24兖矿K1,兖矿能源集团股份有限公司,10,AAA
240584,24保利01,保利发展控股集团股份有限公司,5,AAA
240585,24洪政01,南昌市政公用集团有限公司,3,nan
240586,24明债01,光明房地产集团股份有限公司,3,nan
240587,24海通02,海通证券股份有限公司,5,AAA
240589,24锡交Y2,无锡市交通产业集团有限公司,nan,AAA
240590,24首集K1,北京首都创业集团有限公司,3,nan
240594,24鄂旅01,湖北文化旅游集团有限公司,5,nan
240595,24华安G1,华安证券股份有限公司,3,AAA
240596,24鄂旅02,湖北文化旅游集团有限公司,5,nan
240597,24中航G1,中航证券有限公司,3,AAA
240598,24中航G2,中航证券有限公司,5,AAA
240599,24常新G3,常州东方新城建设集团有限公司,3,nan
240600,24中泰02,中泰证券股份有限公司,3,AAA
240601,24石资K1,中国石化集团资本有限公司,3,AAA
240603,24国创G1,昆山国创投资集团有限公司,5,nan
240604,24泰达01,天津泰达投资控股(集团)有限公司,5,AAA
240605,24宁证01,南京证券股份有限公司,2,AAA
240606,24宝租02,华宝都鼎(上海)融资租赁有限公司,3,nan
240607,24城建Y1,北京城建集团有限责任公司,nan,AAA
240608,24通城01,南通城市建设集团有限公司,5,nan
240611,建工KY09,北京建工集团有限责任公司,nan,AAA
240612,24扬州G1,扬州市城建国有资产控股(集团)有限责任公司,5,AAA
240613,24穗投01,广州产业投资控股集团有限公司,3,nan
240615,交筑YK06,中交建筑集团有限公司,nan,AAA
240616,24中证G3,中信证券股份有限公司,10.12,AAA
240617,24沪国投,上海国有资本投资有限公司,5,AAA
240618,24CHNG1K,中国华能集团有限公司,10,AAA
240619,24环球02,中国环球租赁有限公司,5,nan
240620,24东方01,浙江东方控股集团股份有限公司,3,nan
240621,24伟驰01,伟驰控股集团有限公司,3,AA+
240622,24穗建01,广州市城市建设开发有限公司,5,AAA
240623,24穗建02,广州市城市建设开发有限公司,10,AAA
240624,24相金K1,苏州市相城金融控股(集团)有限公司,5,nan
240625,24东吴01,东吴证券股份有限公司,3,AAA
240626,24沪国01,上海国有资产经营有限公司,3,nan
240627,24京资02,北京市国有资产经营有限责任公司,10,AAA
240628,24浦房01,上海市浦东新区房地产(集团)有限公司,5,AAA
240630,24科创K1,上海科技创业投资(集团)有限公司,5,nan
240632,24中金G1,中国国际金融股份有限公司,4,AAA
240633,24津投03,天津城市基础设施建设投资集团有限公司,3,AAA
240634,24津投04,天津城市基础设施建设投资集团有限公司,5,AAA
240635,24中金G2,中国国际金融股份有限公司,5,AAA
240636,24中金G3,中国国际金融股份有限公司,10,AAA
240637,24青信07,青岛国信发展(集团)有限责任公司,5,nan
240638,24青信08,青岛国信发展(集团)有限责任公司,5,nan
240639,GC申YKV1,申能股份有限公司,nan,AAA
240640,24厦贸01,厦门国贸控股集团有限公司,3,nan
240641,24厦贸02,厦门国贸控股集团有限公司,5,nan
240642,24开源01,开源证券股份有限公司,3,nan
240643,24海通03,海通证券股份有限公司,3,AAA
240644,24海通04,海通证券股份有限公司,5,AAA
240645,24黔铁01,贵州铁路投资集团有限责任公司,5,nan
240647,24恒信Y2,海通恒信国际融资租赁股份有限公司,nan,AAA
240648,24港务Y1,厦门港务控股集团有限公司,nan,AAA
240650,24建发Y1,厦门建发股份有限公司,nan,AAA
240651,24兴城02,成都兴城投资集团有限公司,5,nan
240652,24兴城03,成都兴城投资集团有限公司,10,nan
240653,鄂交YK03,湖北交通投资集团有限公司,nan,AAA
240654,24中公Y1,中交一公局集团有限公司,nan,AAA
240655,24中公Y2,中交一公局集团有限公司,nan,AAA
240656,24SIG01K,上海国际集团有限公司,5,nan
240658,24抚州01,抚州市市属国有资产投资控股集团有限公司,5,nan
240659,24苏资G1,苏州资产管理有限公司,3,nan
240660,24建工K1,北京建工集团有限责任公司,10,AAA
240661,24中化01,中国中化股份有限公司,5,AAA
240662,24中化02,中国中化股份有限公司,10,AAA
240663,24西高科,西安高科集团有限公司,5,AA+
240664,24中保01,中国投融资担保股份有限公司,3,AAA
240665,24中保02,中国投融资担保股份有限公司,5,AAA
240666,24鲁金01,山东省金融资产管理股份有限公司,5,nan
240667,24文汇01,龙岩文旅汇金发展集团有限公司,5,nan
240668,24能建K1,中国能源建设股份有限公司,10,AAA
240669,24京投K1,北京市基础设施投资有限公司,3,AAA
240670,24光证G1,光大证券股份有限公司,2,AAA
240671,24中电01,中国电力国际发展有限公司,3,nan
240672,山招YK03,山东招金集团有限公司,nan,AAA
240673,24象屿G2,厦门象屿集团有限公司,3,nan
240674,24象屿G3,厦门象屿集团有限公司,5,nan
240675,24湖州02,湖州市城市投资发展集团有限公司,5,AAA
240676,24湖州03,湖州市城市投资发展集团有限公司,5,AAA
240677,24安租01,平安国际融资租赁有限公司,2,nan
240678,24长交G1,长兴交通投资集团有限公司,5,nan
240679,24国丰01,烟台国丰投资控股集团有限公司,3,AAA
240680,24国丰02,烟台国丰投资控股集团有限公司,10,AAA
240683,24产融05,中航工业产融控股股份有限公司,3,AAA
240684,24产融06,中航工业产融控股股份有限公司,5,AAA
240685,24江开G1,南京江宁经济技术开发集团有限公司,5,nan
240686,24万联G1,万联证券股份有限公司,3,AA+
240687,24中证G4,中信证券股份有限公司,10,AAA
240688,24甬城01,宁波城建投资集团有限公司,3,AAA
240689,24甬城02,宁波城建投资集团有限公司,5,AAA
240690,24住总Y1,北京住总集团有限责任公司,nan,nan
240691,24青城03,青岛城市建设投资(集团)有限责任公司,3,nan
240693,24中泰03,中泰证券股份有限公司,3,AAA
240694,24方正G2,方正证券股份有限公司,2,AAA
240695,24翔业01,厦门翔业集团有限公司,3,nan
240696,24翔业02,厦门翔业集团有限公司,5,nan
240697,24湘财01,湘财证券股份有限公司,3,nan
240698,24国泰01,国泰租赁有限公司,3,nan
240699,24唐新Y1,中国大唐集团新能源股份有限公司,nan,AAA
240700,24通城02,南通城市建设集团有限公司,5,nan
240701,G24天成1,华能天成融资租赁有限公司,3,AAA
240702,G24天成2,华能天成融资租赁有限公司,5,AAA
240703,24长电K1,中国长江电力股份有限公司,10,AAA
240704,24远东一,远东国际融资租赁有限公司,2,AAA
240705,24信达02,信达证券股份有限公司,3,AAA
240706,24信达03,信达证券股份有限公司,5,AAA
240707,24通用01,中国通用技术(集团)控股有限责任公司,3,nan
240708,24港务01,厦门港务控股集团有限公司,5,nan
240709,24渤海01,渤海证券股份有限公司,3,AAA
240710,24德泰01,大连德泰城市建设有限公司,3,AA+
240711,24皖控01,安徽省国有资本运营控股集团有限公司,5,nan
240712,24国联02,国联民生证券股份有限公司,7,AAA
240713,24泰达02,天津泰达投资控股(集团)有限公司,5,AAA
240714,24陕资02,陕西金融资产管理股份有限公司,5,nan
240715,24知投02,知识城(广州)投资集团有限公司,9,nan
240717,24皖投01,安徽省投资集团控股有限公司,5,nan
240718,24皖投02,安徽省投资集团控股有限公司,10,nan
240719,24宁证02,南京证券股份有限公司,2,AAA
240720,24鲁高K1,山东高速集团有限公司,10,AAA
240721,24唐租Y1,大唐融资租赁有限公司,nan,AAA
240722,24象屿Y1,厦门象屿股份有限公司,nan,nan
240723,24国保01,国新商业保理有限公司,2,nan
240724,G24桂北1,广西北部湾投资集团有限公司,5,AAA
240725,24国保02,国新商业保理有限公司,3,nan
240726,24城建01,北京城建集团有限责任公司,5,AAA
240729,24首钢02,首钢集团有限公司,5,AAA
240730,24亦庄K1,北京亦庄国际投资发展有限公司,10,AAA
240731,24开源02,开源证券股份有限公司,5,nan
240732,24南资K1,南方工业资产管理有限责任公司,3,AA+
240733,24HBST01,湖北省科技投资集团有限公司,5,nan
240734,24江建01,江门市交通建设投资集团有限公司,3,nan
240735,24筑城01,贵阳市城市建设投资集团有限公司,5,AAA
240736,24筑城02,贵阳市城市建设投资集团有限公司,5,AAA
240737,24株国05,株洲市国有资产投资控股集团有限公司,3,nan
240738,24株国06,株洲市国有资产投资控股集团有限公司,5,nan
240741,24华建01,华建国际实业深圳有限公司,5,AAA
240742,24华建02,华建国际实业深圳有限公司,4,AAA
240743,24产业01,广东南海产业集团有限公司,5,nan
240744,24环球03,中国环球租赁有限公司,5,nan
240745,24先导01,长沙先导投资控股集团有限公司,10,AAA
240746,24先导02,长沙先导投资控股集团有限公司,10,AAA
240747,24苏新01,苏州新区高新技术产业股份有限公司,5,nan
240748,24海通05,海通证券股份有限公司,3,AAA
240749,24海通06,海通证券股份有限公司,5,AAA
240750,24巨化K1,巨化集团有限公司,3,nan
240752,24成大01,辽宁成大股份有限公司,3,nan
240756,24杭旅01,杭州市商贸旅游集团有限公司,3,nan
240758,24中关01,中关村发展集团股份有限公司,5,AAA
240759,24保利02,保利发展控股集团股份有限公司,5,AAA
240760,24保利03,保利发展控股集团股份有限公司,7,AAA
240761,24首农Y1,北京首农食品集团有限公司,nan,AAA
240763,24电科K1,中电科投资控股有限公司,3,nan
240764,24中关02,中关村发展集团股份有限公司,10,AAA
240765,24交水01,湖南省交通水利建设集团有限公司,5,nan
240768,24疏浚K1,中交疏浚(集团)股份有限公司,3,nan
240770,24信投G4,中信建投证券股份有限公司,10,AAA
240771,24龙川G1,扬州龙川控股集团有限责任公司,5,nan
240772,GC康富01,中国康富国际租赁股份有限公司,3,AAA
240774,G24HXY1B,华电新能源集团股份有限公司,nan,AAA
240775,24中化Y1,中国中化股份有限公司,nan,AAA
240776,24云信01,华创云信数字技术股份有限公司,3,AAA
240778,24豫通Y4,河南交通投资集团有限公司,nan,AAA
240780,24绵投02,绵阳市投资控股(集团)有限公司,5,nan
240781,24明债03,光明房地产集团股份有限公司,5,nan
240782,24沪建Y1,上海建工集团股份有限公司,nan,AAA
240783,24沪建Y2,上海建工集团股份有限公司,nan,AAA
240784,24葛洲K1,中国葛洲坝集团有限公司,10,AAA
240785,24鲁金K1,山东黄金矿业股份有限公司,5,AAA
240787,24苏交G1,苏州交通投资集团有限责任公司,3,nan
240788,24无锡G3,无锡市新发集团有限公司,5,nan
240789,24津投05,天津城市基础设施建设投资集团有限公司,3,AAA
240790,24津投06,天津城市基础设施建设投资集团有限公司,5,AAA
240792,24元禾K1,苏州元禾控股股份有限公司,5,AAA
240793,24厦贸Y2,厦门国贸集团股份有限公司,nan,AAA
240796,24鲁信01,山东省鲁信投资控股集团有限公司,10,nan
240797,24中证G5,中信证券股份有限公司,3,AAA
240798,24国创K1,昆山国创投资集团有限公司,5,nan
240799,24财资01,湖南省财信资产管理有限公司,3,AAA
240801,24华港02,华远国际陆港集团有限公司,5,AAA
240802,24南山K1,南山集团有限公司,2,AAA
240803,24兵器K1,中国兵器工业集团有限公司,5,nan
240804,24济建G1,济南城市建设集团有限公司,10,nan
240805,24兴信01,兴业国信资产管理有限公司,3,AAA
240806,24武控01,武汉三镇实业控股股份有限公司,5,nan
240807,华阳YK01,山西华阳集团新能股份有限公司,nan,AAA
240808,24新师01,新疆生产建设兵团第十二师国有资产投资发展集团有限公司,5,nan
240809,24中交K1,中国交通建设集团有限公司,5,AAA
240810,24中交K2,中国交通建设集团有限公司,10,AAA
240811,华能YK08,中国华能集团有限公司,nan,AAA
240812,24CHNG1Y,中国华能集团有限公司,nan,AAA
240813,24常熟01,常熟市城市经营投资集团有限公司,5,AAA
240814,24蓉轨Y1,成都轨道交通集团有限公司,nan,nan
240815,24文汇02,龙岩文旅汇金发展集团有限公司,3,nan
240816,24能化01,福建省能源石化集团有限责任公司,10,nan
240817,24国发02,苏州国际发展集团有限公司,3,nan
240819,24保利04,保利发展控股集团股份有限公司,5,AAA
240820,24保利05,保利发展控股集团股份有限公司,7,AAA
240821,24穗投02,广州产业投资控股集团有限公司,5,AAA
240824,24环球Y1,中国环球租赁有限公司,nan,AAA
240825,24广旅01,广西旅游发展集团有限公司,5,nan
240826,24远发01,中远海运发展股份有限公司,5,nan
240827,24国惠03,山东发展投资控股集团有限公司,3,nan
240828,24国惠04,山东发展投资控股集团有限公司,5,nan
240829,24中化T1,中化资本投资管理有限责任公司,3,AAA
240830,24中化T2,中化资本投资管理有限责任公司,5,AAA
240831,24安控04,厦门安居控股集团有限公司,3,nan
240832,建材YK09,中国建材股份有限公司,nan,AAA
240834,24能投02,云南省能源集团有限公司,3,nan
240835,24狮桥01,狮桥融资租赁(中国)有限公司,2,AA+
240836,24浦土01,上海浦东土地控股(集团)有限公司,3,AAA
240837,24永钢01,江苏永钢集团有限公司,5,nan
240838,24交资01,中交资本控股有限公司,3,AAA
240839,24交资02,中交资本控股有限公司,5,AAA
240840,24兴泸03,泸州市兴泸投资集团有限公司,10,nan
240842,24广越Y1,广州越秀集团股份有限公司,nan,AAA
240843,24广越Y2,广州越秀集团股份有限公司,nan,AAA
240844,24恒健01,广东恒健投资控股有限公司,5,AAA
240845,24恒健02,广东恒健投资控股有限公司,10,AAA
240846,24兴城04,成都兴城投资集团有限公司,5,nan
240847,24兴城05,成都兴城投资集团有限公司,5,nan
240848,24铁基K1,安徽省铁路发展基金股份有限公司,5,nan
240849,24兴资01,兴业资产管理有限公司,3,nan
240850,24中电02,中国电力国际发展有限公司,3,nan
240851,24苏交01,江苏交通控股有限公司,3,nan
240852,24特电01,特变电工股份有限公司,5,nan
240853,24苏资01,江苏资产管理有限公司,3,nan
240854,24财金04,山东省财金投资集团有限公司,10,AAA
240855,24东吴02,东吴证券股份有限公司,3,AAA
240856,24五资01,五矿资本控股有限公司,3,AAA
240857,24淮投01,淮北市建投控股集团有限公司,5,nan
240858,24国金02,国金证券股份有限公司,3,AAA
240859,24苏国Y1,苏州高新区国有资本控股集团有限公司,nan,nan
240860,24津投08,天津城市基础设施建设投资集团有限公司,3,AAA
240861,24津投09,天津城市基础设施建设投资集团有限公司,5,AAA
240862,24津投10,天津城市基础设施建设投资集团有限公司,7,AAA
240864,24信科K2,中国信息通信科技集团有限公司,10,AAA
240866,24产融08,中航工业产融控股股份有限公司,5,AAA
240867,24浦集01,上海浦东发展(集团)有限公司,5,nan
240868,路建YK03,中交路桥建设有限公司,nan,AAA
240869,葛洲YK06,中国葛洲坝集团有限公司,nan,AAA
240870,葛洲YK07,中国葛洲坝集团有限公司,nan,AAA
240871,24金川01,金川集团股份有限公司,3,nan
240873,24建租01,中建投租赁股份有限公司,3,nan
240874,24国联G1,无锡市国联发展(集团)有限公司,5,nan
240875,24兴业03,兴业证券股份有限公司,3,AAA
240876,24唐新Y2,中国大唐集团新能源股份有限公司,nan,AAA
240878,24甬投Y1,宁波开发投资集团有限公司,nan,AAA
240879,24苏农01,苏州市农业发展集团有限公司,3,AAA
240881,24智光G1,泰兴市智光环保科技有限公司,5,nan
240883,24豫通Y6,河南交通投资集团有限公司,nan,AAA
240884,24鲁创K1,鲁信创业投资集团股份有限公司,10,AAA
240885,24华创01,华创证券有限责任公司,3,AAA
240886,24华创02,华创证券有限责任公司,5,AAA
240887,24亦庄K2,北京亦庄国际投资发展有限公司,5,AAA
240888,24亦庄K3,北京亦庄国际投资发展有限公司,10,AAA
240889,24八局K1,中国建筑第八工程局有限公司,5,nan
240890,24安租02,平安国际融资租赁有限公司,2,nan
240891,24安租03,平安国际融资租赁有限公司,4,nan
240893,24首钢Y2,首钢集团有限公司,nan,AAA
240894,24民生G1,民生证券股份有限公司,2,AAA
240895,24武经02,江苏武进经济发展集团有限公司,3,nan
240896,24闽能01,福建省能源集团有限责任公司,10,nan
240897,24方正G3,方正证券股份有限公司,2,AAA
240898,24北控K1,北京控股集团有限公司,5,AAA
240899,24北控K2,北京控股集团有限公司,10,AAA
240900,24厦贸03,厦门国贸控股集团有限公司,3,nan
240901,24厦贸04,厦门国贸控股集团有限公司,5,nan
240902,24漳九Y1,漳州市九龙江集团有限公司,nan,AAA
240903,24漳九Y2,漳州市九龙江集团有限公司,nan,AAA
240904,24舜通01,宁波舜通集团有限公司,5,nan
240905,24润药01,华润医药商业集团有限公司,3,nan
240906,24润药02,华润医药商业集团有限公司,5,nan
240907,陕煤KY07,陕西煤业化工集团有限责任公司,nan,AAA
240908,24首集K2,北京首都创业集团有限公司,3,nan
240909,华电YK07,中国华电集团有限公司,nan,AAA
240910,华电YK08,中国华电集团有限公司,nan,AAA
240911,24远东二,远东国际融资租赁有限公司,2,AAA
240912,24远东三,远东国际融资租赁有限公司,4,AAA
240913,鲁高KY06,山东高速集团有限公司,nan,AAA
240914,24黔高01,贵州高速公路集团有限公司,5,nan
240916,24京投K2,北京市基础设施投资有限公司,10,AAA
240917,24榕资01,福州国有资本投资运营集团有限公司,5,AAA
240918,24焦煤K1,山西焦煤集团有限责任公司,10,AAA
240920,24盐投03,盐城东方投资开发集团有限公司,5,AA+
240923,24中化03,中国中化股份有限公司,5,AAA
240924,24中化04,中国中化股份有限公司,10,AAA
240926,24富皋G2,富皋万泰集团有限公司,5,nan
240927,24焦煤K2,山西焦煤集团有限责任公司,10,AAA
240928,24常通01,常州市交通产业集团有限公司,5,nan
240929,华阳YK02,山西华阳集团新能股份有限公司,nan,AAA
240930,24财证01,财信证券股份有限公司,3,AAA
240931,24建集Y2,厦门建发集团有限公司,nan,AAA
240932,24建集Y3,厦门建发集团有限公司,nan,AAA
240935,24国投01,国家开发投资集团有限公司,3,nan
240936,24国投02,国家开发投资集团有限公司,15,nan
240937,24厦贸Y3,厦门国贸集团股份有限公司,nan,AAA
240938,24兴业04,兴业证券股份有限公司,5,AAA
240940,赣投YK03,江西省投资集团有限公司,nan,AAA
240942,GC华租Y4,华电融资租赁有限公司,nan,AAA
240945,24建材K1,中国建材股份有限公司,2,AAA
240946,24建材K2,中国建材股份有限公司,3,AAA
240947,24豫资01,河南省豫资城乡一体化建设发展集团有限公司,5,AAA
240949,24国机K1,中国机械工业集团有限公司,10,AAA
240950,24CHNG2K,中国华能集团有限公司,10,AAA
240951,24建工K2,北京建工集团有限责任公司,5,nan
240952,24邢路01,邢台路桥建设集团有限公司,5,AA+
240953,24安控06,厦门安居控股集团有限公司,3,nan
240954,24牡丹01,黑牡丹(集团)股份有限公司,3,nan
240955,24津投11,天津城市基础设施建设投资集团有限公司,3,AAA
240956,24津投12,天津城市基础设施建设投资集团有限公司,5,AAA
240957,24津投13,天津城市基础设施建设投资集团有限公司,7,AAA
240958,24通用02,中国通用技术(集团)控股有限责任公司,3,nan
240959,24华建03,华建国际实业深圳有限公司,4,AAA
240960,24张江01,上海张江高科技园区开发股份有限公司,3,nan
240961,金隅KY06,北京金隅集团股份有限公司,nan,AAA
240962,24开源03,开源证券股份有限公司,3,nan
240963,24淮投02,淮北市建投控股集团有限公司,5,nan
240964,24连金01,连云港市金融控股集团有限公司,3,nan
240965,24资控01,中建资本控股有限公司,3,nan
240966,24商城Y1,义乌中国小商品城控股集团有限公司,nan,AA+
240967,24麓山01,长沙麓山投资控股集团有限公司,5,nan
240968,24首农01,北京首农食品集团有限公司,10,AAA
240969,24保置01,保利置业集团有限公司,5,AAA
240970,24保置02,保利置业集团有限公司,7,AAA
240971,24特电S1,特变电工股份有限公司,0.5,nan
240972,24济金02,济南金投控股集团有限公司,5,nan
240974,24海润G1,江苏海润城市发展集团有限公司,3,nan
240975,24方程01,中建方程投资发展集团有限公司,3,AA+
240976,24金城G1,张家港市金城投资发展集团有限公司,3,nan
240977,24紫金Y1,南京紫金投资集团有限责任公司,nan,nan
240978,24紫金Y2,南京紫金投资集团有限责任公司,nan,nan
240979,24亦庄K4,北京亦庄国际投资发展有限公司,10,AAA
240980,24长轨01,长沙市轨道交通集团有限公司,5,nan
240981,24中化05,中国中化股份有限公司,10,AAA
240982,24中化06,中国中化股份有限公司,15,AAA
240983,24华租01,华电融资租赁有限公司,3,AAA
240984,24济建G2,济南城市建设集团有限公司,10,nan
240985,24金港G1,张家港保税区金港资产经营集团有限公司,3,nan
240986,24金港G2,张家港保税区金港资产经营集团有限公司,5,nan
240987,24溧新01,江苏溧高新控股集团有限公司,5,nan
240988,24建银01,中国建银投资有限责任公司,3,AAA
240990,24启东02,启东城投集团有限公司,5,nan
240991,24启东03,启东城投集团有限公司,5,nan
240992,24华鲁K1,华鲁控股集团有限公司,5,nan
240993,24融和02,中电投融和融资租赁有限公司,3,nan
240995,24长水01,长沙水业集团有限公司,5,nan
240996,24紫金K1,紫金矿业集团股份有限公司,5,nan
240997,24恒信G2,海通恒信国际融资租赁股份有限公司,5,AAA
240998,24国君G1,国泰海通证券股份有限公司,3,AAA
241000,24中兵01,中兵投资管理有限责任公司,5,nan
241001,24中兵02,中兵投资管理有限责任公司,5,nan
241002,24安建Y1,安徽建工集团股份有限公司,nan,nan
241005,24龙川G2,扬州龙川控股集团有限责任公司,5,nan
241006,24苏资Y1,苏州资产管理有限公司,nan,nan
241010,24豫通Y8,河南交通投资集团有限公司,nan,AAA
241011,24浙商G2,浙江省浙商资产管理股份有限公司,5,nan
241012,24成渝01,四川成渝高速公路股份有限公司,5,AAA
241013,24CHNG3K,中国华能集团有限公司,3,AAA
241014,24宝租03,华宝都鼎(上海)融资租赁有限公司,5,nan
241015,24洪轨01,南昌轨道交通集团有限公司,5,nan
241016,24建发Y2,厦门建发股份有限公司,nan,AAA
241017,24葛洲K2,中国葛洲坝集团有限公司,10,AAA
241018,24深高01,深圳高速公路集团股份有限公司,3,AAA
241019,24深高02,深圳高速公路集团股份有限公司,10,AAA
241020,24华资01,中国华电集团产融控股有限公司,3,nan
241021,24川资02,四川发展资产管理有限公司,5,nan
241023,24山高K2,山东高速股份有限公司,10,nan
241024,24陆债02,上海陆家嘴金融贸易区开发股份有限公司,5,nan
241025,鲁高KY07,山东高速集团有限公司,nan,AAA
241026,24国药01,国药控股股份有限公司,5,AAA
241027,24中财G1,中国中金财富证券有限公司,1.53,AAA
241028,24中财G2,中国中金财富证券有限公司,2.54,AAA
241029,24方正G4,方正证券股份有限公司,3,AAA
241030,24豫港01,河南航空港投资集团有限公司,3,nan
241031,24铁工K1,中国中铁股份有限公司,5,AAA
241032,24铁工K2,中国中铁股份有限公司,10,AAA
241035,G24三资1,三峡资本控股有限责任公司,3,nan
241036,G24宁铁1,南京地铁集团有限公司,3,nan
241037,陕煤KY08,陕西煤业化工集团有限责任公司,nan,AAA
241038,24华电K1,中国华电集团有限公司,3,nan
241039,24华电K2,中国华电集团有限公司,5,nan
241040,24云资01,云南能投资本投资有限公司,3,nan
241041,24沪城01,上海城建(集团)有限公司,5,nan
241043,24国投04,国家开发投资集团有限公司,10,nan
241044,24津投14,天津城市基础设施建设投资集团有限公司,3,AAA
241045,24津投15,天津城市基础设施建设投资集团有限公司,5,AAA
241047,24BEHLK1,北京控股有限公司,3,AAA
241048,24BEHLK2,北京控股有限公司,10,AAA
241050,G24HXY2B,华电新能源集团股份有限公司,nan,AAA
241051,24信保Y2,江苏省信用再担保集团有限公司,nan,nan
241052,24苏信01,江苏省国信集团有限公司,3,nan
241053,24蓉投01,成都城建投资管理集团有限责任公司,5,nan
241054,GK国能01,国家能源投资集团有限责任公司,3,nan
241055,24科担01,北京中关村科技融资担保有限公司,3,AAA
241056,24义乌G2,义乌市国有资本运营有限公司,3,AAA
241057,24锡交Y3,无锡市交通产业集团有限公司,nan,AAA
241058,24国创G2,昆山国创投资集团有限公司,5,nan
241060,24黔高02,贵州高速公路集团有限公司,3,nan
241061,赣交YK01,江西省交通投资集团有限责任公司,nan,nan
241062,24鲁信02,山东省鲁信投资控股集团有限公司,5,nan
241063,24国发03,苏州国际发展集团有限公司,3,nan
241064,24溧新02,江苏溧高新控股集团有限公司,5,nan
241065,24交租V1,中交融资租赁有限公司,3,nan
241066,24大兴01,北京大兴发展国有资本投资运营集团有限公司,3,nan
241067,24环球04,中国环球租赁有限公司,5,nan
241068,24鄂旅03,湖北文化旅游集团有限公司,5,nan
241069,24首钢03,首钢集团有限公司,5,AAA
241070,24首钢04,首钢集团有限公司,10,AAA
241071,24诸资03,诸暨市国有资产经营有限公司,5,nan
241072,凯盛YK07,凯盛科技集团有限公司,nan,AAA
241073,赣交KV01,江西省交通投资集团有限责任公司,3,nan
241074,24三投01,三门峡市投资集团有限公司,5,nan
241075,24新兴K1,厦门建发新兴产业股权投资有限责任公司,3,AAA
241076,24新兴K2,厦门建发新兴产业股权投资有限责任公司,5,AAA
241077,24张国G1,张家港市国有资本投资集团有限公司,5,AAA
241080,24葛洲K3,中国葛洲坝集团有限公司,5,AAA
241081,24葛洲K4,中国葛洲坝集团有限公司,10,AAA
241082,24海宁G1,海宁市资产经营公司,5,nan
241083,24广越Y3,广州越秀集团股份有限公司,nan,AAA
241084,24广越Y4,广州越秀集团股份有限公司,nan,AAA
241085,24首科K1,北京首都科技发展集团有限公司,5,AAA
241086,24国金03,国金证券股份有限公司,3,AAA
241088,24红狮K2,红狮控股集团有限公司,3,nan
241089,24武经05,江苏武进经济发展集团有限公司,3,nan
241090,24海润G2,江苏海润城市发展集团有限公司,3,nan
241091,24翔业03,厦门翔业集团有限公司,3,nan
241092,24铁工K3,中国中铁股份有限公司,5,AAA
241093,24铁工K4,中国中铁股份有限公司,10,AAA
241095,铁建YK09,中国铁建股份有限公司,nan,AAA
241096,铁建YK10,中国铁建股份有限公司,nan,AAA
241097,铁建YK11,中国铁建股份有限公司,nan,AAA
241098,24长交G2,长兴交通投资集团有限公司,5,nan
241100,GC核融04,中核融资租赁有限公司,3,nan
241102,24首城02,北京首创城市发展集团有限公司,5,AAA
241103,G24宁铁2,南京地铁集团有限公司,3,nan
241105,24陕煤K2,陕西煤业化工集团有限责任公司,10,AAA
241107,24渝富02,重庆渝富控股集团有限公司,30,AAA
241108,24陆集01,上海陆家嘴(集团)有限公司,5,nan
241109,24盛泽G1,江苏盛泽投资有限公司,5,nan
241110,24苏交02,江苏交通控股有限公司,3,nan
241111,24首农Y2,北京首农食品集团有限公司,nan,AAA
241112,24津投17,天津城市基础设施建设投资集团有限公司,3,AAA
241113,24津投18,天津城市基础设施建设投资集团有限公司,5,AAA
241114,24津投19,天津城市基础设施建设投资集团有限公司,7,AAA
241115,24产基01,湖南省财信产业基金管理有限公司,3,AAA
241116,GK赣投01,江西省投资集团有限公司,5,nan
241117,24路桥Y1,厦门路桥建设集团有限公司,nan,AAA
241119,24泉发02,泉州发展集团有限公司,5,nan
241120,陕煤KY09,陕西煤业化工集团有限责任公司,nan,AAA
241121,24安租04,平安国际融资租赁有限公司,2,nan
241122,24安租05,平安国际融资租赁有限公司,4,nan
241125,24闽能02,福建省能源集团有限责任公司,10,nan
241127,豫通Y10,河南交通投资集团有限公司,nan,AAA
241128,24云港01,连云港港口集团有限公司,5,nan
241130,24中保03,中国投融资担保股份有限公司,5,AAA
241131,G24天成3,华能天成融资租赁有限公司,3,AAA
241132,G24天成4,华能天成融资租赁有限公司,5,AAA
241134,24中化07,中国中化股份有限公司,10,AAA
241135,24中化08,中国中化股份有限公司,30,AAA
241136,24建投01,南京江北新区建设投资集团有限公司,5,nan
241137,24建发Y3,厦门建发股份有限公司,nan,nan
241139,24漳九04,漳州市九龙江集团有限公司,10,AAA
241140,24商城Y2,义乌中国小商品城控股集团有限公司,nan,AA+
241141,兖矿KY01,兖矿能源集团股份有限公司,nan,AAA
241142,24光证G2,光大证券股份有限公司,3,AAA
241144,24陕资04,陕西金融资产管理股份有限公司,5,nan
241145,电力YK01,国投电力控股股份有限公司,nan,AAA
241146,24蜀道01,蜀道投资集团有限责任公司,10,AAA
241147,24CMGK01,招商局集团有限公司,5,AAA
241149,G24HXY3B,华电新能源集团股份有限公司,nan,AAA
241150,24株国10,株洲市国有资产投资控股集团有限公司,5,nan
241151,24航租02,中航国际融资租赁有限公司,3,AAA
241152,24洪政02,南昌市政公用集团有限公司,5,nan
241153,24赣投K1,江西省投资集团有限公司,10,AAA
241154,24广越05,广州越秀集团股份有限公司,2,nan
241155,24常经G1,常熟经开控股有限公司,5,nan
241156,24鲁高K2,山东高速集团有限公司,20,AAA
241157,华能YK09,中国华能集团有限公司,nan,AAA
241158,华能YK10,中国华能集团有限公司,nan,AAA
241159,24恒信G4,海通恒信国际融资租赁股份有限公司,5,AAA
241160,24象金02,厦门象屿金象控股集团有限公司,5,AAA
241161,24津投20,天津城市基础设施建设投资集团有限公司,3,AAA
241162,24津投21,天津城市基础设施建设投资集团有限公司,5,AAA
241163,24津投22,天津城市基础设施建设投资集团有限公司,7,AAA
241165,24中关Y2,中关村发展集团股份有限公司,nan,AAA
241166,GK国能02,国家能源投资集团有限责任公司,3,nan
241167,24长轨02,长沙市轨道交通集团有限公司,5,nan
241169,24虞国01,绍兴市上虞区国有资本投资运营有限公司,5,AAA
241170,24皖投K1,安徽省投资集团控股有限公司,5,nan
241171,GY豫通01,河南交通投资集团有限公司,nan,AAA
241173,24长水02,长沙水业集团有限公司,5,nan
241174,24渝交01,重庆城市交通开发投资(集团)有限公司,5,nan
241175,24厦轨01,厦门轨道建设发展集团有限公司,5,nan
241176,24特变K1,新疆特变电工集团有限公司,3,AA+
241177,24蓉轨02,成都轨道交通集团有限公司,10,AAA
241178,24株发01,株洲市城市建设发展集团有限公司,5,nan
241181,24宏桥K1,山东宏桥新型材料有限公司,3,AA+
241182,24建银02,中国建银投资有限责任公司,3,AAA
241183,24建银03,中国建银投资有限责任公司,5,AAA
241186,24财金05,山东省财金投资集团有限公司,7,AAA
241187,24广越S1,广州越秀集团股份有限公司,0.58,nan
241188,24溧新03,江苏溧高新控股集团有限公司,5,nan
241189,24招证G2,招商证券股份有限公司,3,AAA
241190,24招证G3,招商证券股份有限公司,4,AAA
241191,24光明01,光明食品(集团)有限公司,3,nan
241192,24光明02,光明食品(集团)有限公司,5,nan
241193,24张江02,上海张江高科技园区开发股份有限公司,5,nan
241194,24苏信02,江苏省国信集团有限公司,3,nan
241195,24甬投01,宁波开发投资集团有限公司,5,AAA
241196,24云信02,华创云信数字技术股份有限公司,3,AA+
241197,24CTNY01,四川川投能源股份有限公司,5,nan
241200,24BEHLK3,北京控股有限公司,5,AAA
241201,24BEHLK4,北京控股有限公司,10,AAA
241202,24中原02,中原证券股份有限公司,3,nan
241205,GC华租Y5,华电融资租赁有限公司,nan,AAA
241206,24海润G3,江苏海润城市发展集团有限公司,3,nan
241207,24鲁金02,山东省金融资产管理股份有限公司,5,nan
241208,24首钢05,首钢集团有限公司,3,AAA
241209,24首钢06,首钢集团有限公司,10,AAA
241211,24国投05,国家开发投资集团有限公司,15,nan
241212,24融和K1,中电投融和融资租赁有限公司,3,nan
241213,24融和K2,中电投融和融资租赁有限公司,5,nan
241214,24金隅K1,北京金隅集团股份有限公司,5,nan
241215,24金隅K2,北京金隅集团股份有限公司,10,nan
241216,鄂交YK04,湖北交通投资集团有限公司,nan,AAA
241218,凯盛YK09,凯盛科技集团有限公司,nan,AAA
241219,GC三峡K3,中国长江三峡集团有限公司,10,AAA
241220,GC三峡K4,中国长江三峡集团有限公司,20,AAA
241221,24路投01,台州市路桥公共资产投资管理集团有限公司,3,nan
241222,24安建Y2,安徽建工集团股份有限公司,nan,nan
241223,24建材K3,中国建材股份有限公司,2,AAA
241225,24建材K5,中国建材股份有限公司,5,AAA
241226,24京投K3,北京市基础设施投资有限公司,10,AAA
241227,24京投K4,北京市基础设施投资有限公司,30,AAA
241228,24兴城06,成都兴城投资集团有限公司,5,AAA
241229,24兴城07,成都兴城投资集团有限公司,10,AAA
241230,24华资Y1,中国华电集团产融控股有限公司,nan,nan
241231,24信投G5,中信建投证券股份有限公司,3,AAA
241232,24信投G6,中信建投证券股份有限公司,5,AAA
241234,24苏高G1,苏州苏高新科技产业发展有限公司,3,AAA
241236,赣投YK04,江西省投资集团有限公司,nan,AAA
241237,24申能01,申能(集团)有限公司,10,AAA
241239,24建房01,建发房地产集团有限公司,6,AAA
241242,24国丰04,烟台国丰投资控股集团有限公司,10,AAA
241243,24港务02,厦门港务控股集团有限公司,5,nan
241244,24港务03,厦门港务控股集团有限公司,10,nan
241245,24外高01,上海外高桥集团股份有限公司,5,nan
241246,24鲁信03,山东省鲁信投资控股集团有限公司,10,AAA
241247,24中化09,中国中化股份有限公司,5,AAA
241248,24中化10,中国中化股份有限公司,10,AAA
241249,24南司01,重庆市南部新城产业投资集团有限公司,5,nan
241250,24远发K2,中远海运发展股份有限公司,5,nan
241251,24远发K3,中远海运发展股份有限公司,10,nan
241252,24铁YK01,中国中铁股份有限公司,nan,AAA
241253,24铁YK02,中国中铁股份有限公司,nan,AAA
241254,24豫港02,河南航空港投资集团有限公司,5,nan
241256,GK节能01,中国节能环保集团有限公司,5,AAA
241257,GK节能02,中国节能环保集团有限公司,10,AAA
241258,24中粮K1,中粮集团有限公司,3,AAA
241259,24中粮K2,中粮集团有限公司,10,AAA
241260,24国君G2,国泰海通证券股份有限公司,2.11,AAA
241261,电力YK02,国投电力控股股份有限公司,nan,AAA
241262,电力YK03,国投电力控股股份有限公司,nan,AAA
241263,GC雅砻V1,雅砻江流域水电开发有限公司,10,AAA
241264,24东方K1,浙江东方控股集团股份有限公司,5,nan
241265,24建发Y4,厦门建发股份有限公司,nan,AAA
241266,24建发Y5,厦门建发股份有限公司,nan,AAA
241267,陕煤KY10,陕西煤业化工集团有限责任公司,nan,AAA
241268,陕煤KY11,陕西煤业化工集团有限责任公司,nan,AAA
241270,24中乡02,中国城乡控股集团有限公司,5,AAA
241271,24华建04,华建国际实业深圳有限公司,4,AAA
241272,24中航G3,中航证券有限公司,3,AAA
241273,24中航G4,中航证券有限公司,5,AAA
241275,豫通Y12,河南交通投资集团有限公司,nan,AAA
241276,24广物01,广东省广物控股集团有限公司,3,AAA
241277,24广物02,广东省广物控股集团有限公司,5,AAA
241278,24恒健03,广东恒健投资控股有限公司,5,AAA
241279,24恒健04,广东恒健投资控股有限公司,10,AAA
241281,24金川03,金川集团股份有限公司,5,nan
241282,24津投23,天津城市基础设施建设投资集团有限公司,3,AAA
241283,24津投24,天津城市基础设施建设投资集团有限公司,5,AAA
241284,24津投25,天津城市基础设施建设投资集团有限公司,10,AAA
241285,24唐租V1,大唐融资租赁有限公司,3,nan
241287,24浙资K1,浙江省国有资本运营有限公司,5,nan
241288,24浙资K2,浙江省国有资本运营有限公司,10,nan
241289,24建控债,陕西建工控股集团有限公司,5,nan
241290,24西电K1,中国西电集团有限公司,3,AA+
241291,24厦贸Y4,厦门国贸控股集团有限公司,nan,AAA
241292,24厦贸Y5,厦门国贸控股集团有限公司,nan,AAA
241293,24杭资K1,杭州市国有资本投资运营有限公司,10,nan
241294,24济金04,济南金投控股集团有限公司,5,nan
241296,24华新02,华电新能源集团股份有限公司,10,AAA
241297,24渝东01,重庆市万州三峡平湖有限公司,5,nan
241298,24小米K1,小米通讯技术有限公司,3,nan
241300,24宁安02,南京安居建设集团有限责任公司,5,nan
241301,24义市01,义乌市市场发展集团有限公司,5,nan
241302,24创鸿G1,江苏创鸿资产管理有限公司,5,nan
241303,24狮桥02,狮桥融资租赁(中国)有限公司,2,AA+
241304,24陕增01,陕西信用增进投资股份有限公司,3,nan
241305,24沪建Y3,上海建工集团股份有限公司,nan,AAA
241306,24国机K2,中国机械工业集团有限公司,5,AAA
241307,24国机K3,中国机械工业集团有限公司,10,AAA
241308,GC申YKV2,申能股份有限公司,nan,AAA
241309,GC申YKV3,申能股份有限公司,nan,AAA
241310,24南控01,广东南海控股集团有限公司,5,nan
241311,24光明03,光明食品(集团)有限公司,3,nan
241313,24上金K1,上海汽车集团金控管理有限公司,3,AAA
241314,24抚州02,抚州市市属国有资产投资控股集团有限公司,5,nan
241315,24华港03,华远国际陆港集团有限公司,5,AAA
241316,24东资02,东方资产管理(中国)有限公司,5,nan
241318,24中煤K2,中国中煤能源股份有限公司,15,AAA
241319,24天信Y1,天府信用增进股份有限公司,nan,AAA
241320,24安租Y1,平安国际融资租赁有限公司,nan,AAA
241321,24财团01,苏州中方财团控股股份有限公司,5,nan
241322,24保置03,保利置业集团有限公司,5,AAA
241323,24保置04,保利置业集团有限公司,7,AAA
241324,兖矿KY02,兖矿能源集团股份有限公司,nan,AAA
241325,24三投02,三门峡市投资集团有限公司,5,nan
241326,24铁YK03,中国中铁股份有限公司,nan,AAA
241327,24铁YK04,中国中铁股份有限公司,nan,AAA
241328,24吉高02,吉林省高速公路集团有限公司,5,AAA
241329,24邢路02,邢台路桥建设集团有限公司,5,nan
241330,24沪房01,上海南房(集团)有限公司,3,nan
241331,24陆集02,上海陆家嘴(集团)有限公司,5,nan
241332,24恒健05,广东恒健投资控股有限公司,5,AAA
241333,24恒信Z1,海通恒信国际融资租赁股份有限公司,5,AAA
241334,24洪政03,南昌市政公用集团有限公司,10,AAA
241335,24赣投K2,江西省投资集团有限公司,10,AAA
241336,24财资02,湖南省财信资产管理有限公司,3,AAA
241337,24鲁高K3,山东高速集团有限公司,3,nan
241338,24国投06,国家开发投资集团有限公司,15,nan
241340,24晋金01,山西金融投资控股集团有限公司,5,nan
241341,GC核融05,中核融资租赁有限公司,3,nan
241342,24金控01,绍兴市金融控股有限公司,5,nan
241343,24国新01,中国国新控股有限责任公司,5,nan
241344,24发展02,山东发展投资控股集团有限公司,5,AAA
241345,24铁建K1,中国铁建股份有限公司,20,AAA
241346,24铁建K2,中国铁建股份有限公司,30,AAA
241347,一航YK02,中交第一航务工程局有限公司,nan,AAA
241348,24中交K3,中国交通建设集团有限公司,5,AAA
241349,24中交K4,中国交通建设集团有限公司,10,AAA
241350,24华安G2,华安证券股份有限公司,3,AAA
241351,24华安G3,华安证券股份有限公司,5,AAA
241352,电力YK04,国投电力控股股份有限公司,nan,AAA
241353,24兴资02,兴业资产管理有限公司,3,nan
241354,24鲁金03,山东省金融资产管理股份有限公司,5,nan
241355,24泰交G1,泰州市交通产业集团有限公司,5,nan
241356,24紫金K2,紫金矿业集团股份有限公司,5,nan
241357,24甬投02,宁波开发投资集团有限公司,5,nan
241358,24椒江01,台州市椒江区国有资本运营集团有限公司,5,nan
241359,24椒江02,台州市椒江区国有资本运营集团有限公司,5,nan
241360,24苏资02,江苏资产管理有限公司,3,nan
241361,24国发04,苏州国际发展集团有限公司,3,nan
241362,24浙港K1,浙江省海港投资运营集团有限公司,5,nan
241363,24浙港K2,浙江省海港投资运营集团有限公司,10,nan
241365,24创元01,苏州创元投资发展(集团)有限公司,3,AAA
241367,24兴城09,成都兴城投资集团有限公司,10,AAA
241368,24豫投01,河南投资集团有限公司,10,AAA
241369,24江建02,江门市交通建设投资集团有限公司,3,nan
241370,焦煤YK01,山西焦煤集团有限责任公司,nan,AAA
241372,24国联G2,无锡市国联发展(集团)有限公司,5,nan
241373,24洪轨02,南昌轨道交通集团有限公司,10,AAA
241374,24新金01,新疆金融投资(集团)有限责任公司,5,nan
241375,24节能K1,中国节能环保集团有限公司,5,AAA
241376,24青港01,山东港口青岛港集团有限公司,3,AAA
241377,24东证02,东方证券股份有限公司,5,AAA
241378,24节能K2,中国节能环保集团有限公司,10,AAA
241379,24兖矿K3,兖矿能源集团股份有限公司,3,nan
241380,24东证03,东方证券股份有限公司,10,AAA
241381,焦煤YK02,山西焦煤集团有限责任公司,nan,AAA
241382,24泉城01,泉州城建集团有限公司,5,nan
241385,24蓉产03,成都产业投资集团有限公司,10,nan
241387,24厦贸Y7,厦门国贸集团股份有限公司,nan,AAA
241388,24控租01,国耀融汇融资租赁有限公司,3,nan
241394,24国丰06,烟台国丰投资控股集团有限公司,10,AAA
241395,24赣交K1,江西省交通投资集团有限责任公司,10,AAA
241396,24浙控01,浙江省创新投资集团有限公司,3,nan
241397,24宁证03,南京证券股份有限公司,3,AAA
241398,24海康01,中电海康集团有限公司,3,nan
241399,24新师02,新疆生产建设兵团第十二师国有资产投资发展集团有限公司,5,nan
241400,24苏资G2,苏州资产管理有限公司,5,nan
241401,24科发01,绵阳科技城发展投资(集团)有限公司,5,AA+
241402,24桂北01,广西北部湾投资集团有限公司,5,AAA
241403,24桂北02,广西北部湾投资集团有限公司,10,AAA
241404,24红狮K3,红狮控股集团有限公司,3,nan
241405,24红狮K4,红狮控股集团有限公司,3,nan
241406,陕煤KY12,陕西煤业化工集团有限责任公司,nan,AAA
241407,陕煤KY13,陕西煤业化工集团有限责任公司,nan,AAA
241409,24安租07,平安国际融资租赁有限公司,5,nan
241410,24电科01,中电科投资控股有限公司,5,nan
241413,24兵装01,中国兵器装备集团有限公司,5,nan
241414,24兵装02,中国兵器装备集团有限公司,10,nan
241415,24海宁G2,海宁市资产经营公司,5,AAA
241417,24建租02,中建投租赁股份有限公司,3,nan
241419,24华新K1,华新建材集团股份有限公司,5,nan
241420,24融和04,中电投融和融资租赁有限公司,3,nan
241421,24融和05,中电投融和融资租赁有限公司,5,nan
241422,24京资K1,北京市国有资产经营有限责任公司,5,AAA
241423,24中信01,中国中信有限公司,5,AAA
241424,24中信02,中国中信有限公司,20,AAA
241425,24中泰04,中泰证券股份有限公司,3,AAA
241426,金隅KY07,北京金隅集团股份有限公司,nan,AAA
241427,金隅KY08,北京金隅集团股份有限公司,nan,AAA
241428,核建YK03,中国核工业建设股份有限公司,nan,AAA
241429,核建YK04,中国核工业建设股份有限公司,nan,AAA
241430,GC华租03,华电融资租赁有限公司,3,AAA
241431,GV天成01,华能天成融资租赁有限公司,3,AAA
241433,24安租Y2,平安国际融资租赁有限公司,nan,AAA
241434,24绿水01,广西绿城水务集团股份有限公司,3,nan
241435,24绿水02,广西绿城水务集团股份有限公司,5,nan
241437,24BEHLK5,北京控股有限公司,3,AAA
241438,24BEHLK6,北京控股有限公司,10,AAA
241439,24凯盛K1,凯盛科技集团有限公司,3,AAA
241440,24建材K6,中国建材股份有限公司,3,AAA
241441,24国券G1,国投证券股份有限公司,3,AAA
241444,24铁YK05,中国中铁股份有限公司,nan,AAA
241445,24铁YK06,中国中铁股份有限公司,nan,AAA
241446,24冀通01,河北建投交通投资有限责任公司,10,nan
241447,24浙港K3,浙江省海港投资运营集团有限公司,5,nan
241448,24浙港K4,浙江省海港投资运营集团有限公司,10,nan
241449,24唐新01,中国大唐集团新能源股份有限公司,3,AAA
241450,24兴业05,兴业证券股份有限公司,3,AAA
241451,24兴业06,兴业证券股份有限公司,5,AAA
241452,24恒信K1,海通恒信国际融资租赁股份有限公司,5,nan
241453,24建集Y4,厦门建发集团有限公司,nan,AAA
241455,24亦庄06,北京亦庄国际投资发展有限公司,15,AAA
241456,24武金01,武汉金融控股(集团)有限公司,5,nan
241458,24闽能03,福建省能源集团有限责任公司,10,nan
241459,24北城01,北京城建投资发展股份有限公司,2,nan
241460,24筑城03,贵阳市城市建设投资集团有限公司,5,AAA
241461,24筑城04,贵阳市城市建设投资集团有限公司,5,AAA
241462,24松国01,上海松江国有资产投资经营管理集团有限公司,5,nan
241463,24泰交G2,泰州市交通产业集团有限公司,5,nan
241464,24浦土02,上海浦东土地控股(集团)有限公司,5,AAA
241465,24美置01,美的置业集团有限公司,2,AAA
241466,24美置02,美的置业集团有限公司,2,AAA
241468,24国惠06,山东发展投资控股集团有限公司,5,nan
241469,24国发05,苏州国际发展集团有限公司,3,nan
241471,24中化11,中国中化股份有限公司,7,AAA
241472,24中化12,中国中化股份有限公司,10,AAA
241473,24交建K1,中国交通建设股份有限公司,2,AAA
241474,24交建K2,中国交通建设股份有限公司,3,AAA
241475,24皖交K1,安徽省交通控股集团有限公司,3,nan
241478,24铁发02,山东铁路发展基金有限公司,10,nan
241479,北水YK01,北控水务(中国)投资有限公司,nan,AAA
241480,北水YK02,北控水务(中国)投资有限公司,nan,AAA
241481,24皖投03,安徽省投资集团控股有限公司,5,nan
241482,24皖投04,安徽省投资集团控股有限公司,10,nan
241483,24大众01,大众交通(集团)股份有限公司,3,AAA
241484,24路桥Y2,厦门路桥建设集团有限公司,nan,AAA
241485,24隧道Y1,上海隧道工程股份有限公司,nan,AAA
241486,24赣交K2,江西省交通投资集团有限责任公司,5,nan
241487,24兴泰Y1,安徽省兴泰融资担保集团股份有限公司,nan,nan
241488,24国管01,北京国有资本运营管理有限公司,3,AAA
241489,24国管02,北京国有资本运营管理有限公司,3,AAA
241490,24国管03,北京国有资本运营管理有限公司,5,AAA
241491,24鲁资K1,山东省国有资产投资控股有限公司,5,nan
241494,24控租02,国耀融汇融资租赁有限公司,3,nan
241495,24晋交02,山西省交通开发投资集团有限公司,3,nan
241496,焦煤YK03,山西焦煤集团有限责任公司,nan,AAA
241498,24华租04,华电融资租赁有限公司,5,AAA
241499,24财达01,财达证券股份有限公司,3,AAA
241500,24光明04,光明食品(集团)有限公司,3,nan
241501,24伟驰02,伟驰控股集团有限公司,5,AAA
241502,24连金02,连云港市金融控股集团有限公司,3,nan
241503,一航YK03,中交第一航务工程局有限公司,nan,AAA
241505,24光证G3,光大证券股份有限公司,5,AAA
241506,24桂垦01,广西国控资本运营集团有限责任公司,3,nan
241507,24甘交02,甘肃省公路交通建设集团有限公司,5,nan
241508,24东证04,东方证券股份有限公司,5,AAA
241511,24东租01,东航国际融资租赁有限公司,3,nan
241514,24黄海G1,江苏黄海金融控股集团有限公司,5,nan
241516,24穗建03,广州市城市建设开发有限公司,6,AAA
241517,24穗建04,广州市城市建设开发有限公司,10,AAA
241519,24铁投Y1,中国铁建投资集团有限公司,nan,AAA
241520,24铁投Y2,中国铁建投资集团有限公司,nan,AAA
241522,24京投K6,北京市基础设施投资有限公司,30,AAA
241523,24芜湖01,芜湖宜居投资集团有限公司,5,nan
241525,焦煤YK04,山西焦煤集团有限责任公司,nan,AAA
241526,24洛宏01,洛阳国宏投资控股集团有限公司,5,nan
241528,24保置05,保利置业集团有限公司,5,AAA
241530,24铁YK07,中国中铁股份有限公司,nan,AAA
241531,24铁YK08,中国中铁股份有限公司,nan,AAA
241532,24洪政04,南昌市政公用集团有限公司,5,nan
241533,24远东四,远东国际融资租赁有限公司,3,AAA
241534,24云资02,云南能投资本投资有限公司,3,nan
241535,24山高K3,山东高速股份有限公司,5,nan
241536,24产基02,湖南省财信产业基金管理有限公司,3,AAA
241537,24鲁信04,山东省鲁信投资控股集团有限公司,15,AAA
241538,GC建租01,中建投租赁股份有限公司,3,nan
241540,24元禾K3,苏州元禾控股股份有限公司,5,nan
241541,24常熟02,常熟市城市经营投资集团有限公司,5,AAA
241544,24湛交01,湛江市交通投资集团有限公司,5,nan
241545,24华电K3,中国华电集团有限公司,3,nan
241546,24保利06,保利发展控股集团股份有限公司,5,AAA
241547,24保利07,保利发展控股集团股份有限公司,7,AAA
241548,八局YK01,中国建筑第八工程局有限公司,nan,AAA
241549,24华电K4,中国华电集团有限公司,10,nan
241550,24国租01,国新融资租赁有限公司,4,AAA
241551,建材集K1,中国建材集团有限公司,3,nan
241552,路建YK04,中交路桥建设有限公司,nan,AAA
241553,24建房03,建发房地产集团有限公司,6,AAA
241554,24建房04,建发房地产集团有限公司,8,AAA
241555,24杭城01,杭州市城市建设投资集团有限公司,3,AAA
241557,24蜀道02,蜀道投资集团有限责任公司,15,AAA
241558,24江东03,江东控股集团有限责任公司,5,nan
241559,24金坛G1,江苏金坛国发国际投资发展有限公司,5,nan
241560,24国工K1,中国中材国际工程股份有限公司,5,AAA
241562,豫通Y14,河南交通投资集团有限公司,nan,AAA
241564,24兴杭01,闽西兴杭国有资产投资经营有限公司,3,AAA
241565,铁建YK12,中国铁建股份有限公司,nan,AAA
241566,铁建YK13,中国铁建股份有限公司,nan,AAA
241569,24特YK01,特变电工股份有限公司,nan,AAA
241570,24新兴K3,厦门建发新兴产业股权投资有限责任公司,3,AAA
241572,24兵器K2,中国兵器工业集团有限公司,3,nan
241573,24通用03,中国通用技术(集团)控股有限责任公司,3,nan
241574,24建银04,中国建银投资有限责任公司,3,AAA
241575,24建银05,中国建银投资有限责任公司,5,AAA
241577,24珠江01,广州珠江实业集团有限公司,5,nan
241578,24安租08,平安国际融资租赁有限公司,5,nan
241579,24宁证04,南京证券股份有限公司,3,AAA
241580,24川金02,四川金融控股集团有限公司,3,nan
241581,24首农Y3,北京首农食品集团有限公司,nan,AAA
241583,24甬城04,宁波城建投资集团有限公司,5,nan
241584,24路桥K5,中电建路桥集团有限公司,5,nan
241586,24舟城03,舟山海城建设投资集团有限公司,5,nan
241587,24闽冶01,福建省冶金(控股)有限责任公司,5,nan
241589,24诚通01,中国诚通控股集团有限公司,15,AAA
241591,24榕资02,福州国有资本投资运营集团有限公司,3,nan
241592,24榕资03,福州国有资本投资运营集团有限公司,5,nan
241593,24中关03,中关村发展集团股份有限公司,7,AAA
241594,24中关04,中关村发展集团股份有限公司,10,AAA
241596,24云港02,连云港港口集团有限公司,5,nan
241597,24豫港04,河南航空港投资集团有限公司,5,nan
241598,24中化K1,中化国际控股股份有限公司,5,AAA
241599,24长开G1,重庆长寿开发投资(集团)有限公司,5,nan
241600,24长开G2,重庆长寿开发投资(集团)有限公司,5,nan
241601,24联和K1,上海联和投资有限公司,10,AAA
241602,建三YK02,中建三局集团有限公司,nan,AAA
241603,24锡创01,无锡创业投资集团有限公司,5,AAA
241604,24黔高03,贵州高速公路集团有限公司,3,AAA
241605,24泉发03,泉州发展集团有限公司,5,AAA
241607,路建YK05,中交路桥建设有限公司,nan,AAA
241608,24控租03,国耀融汇融资租赁有限公司,4,nan
241609,24江东04,江东控股集团有限责任公司,5,nan
241611,24中信04,中国中信有限公司,20,AAA
241612,24长产Y1,长江产业投资集团有限公司,nan,nan
241616,华电YK09,中国华电集团有限公司,nan,AAA
241617,华电YK10,中国华电集团有限公司,nan,AAA
241621,延长KY12,陕西延长石油(集团)有限责任公司,nan,AAA
241622,24平证03,平安证券股份有限公司,3,AAA
241623,24平证04,平安证券股份有限公司,5,AAA
241624,24鲁金K3,山东黄金矿业股份有限公司,3,AAA
241625,24鲁金K4,山东黄金矿业股份有限公司,10,AAA
241626,24华产Y2,中国华电集团产融控股有限公司,nan,AAA
241627,24兴杭02,闽西兴杭国有资产投资经营有限公司,3,AAA
241628,陕煤KY14,陕西煤业化工集团有限责任公司,nan,AAA
241629,24铁工K5,中国中铁股份有限公司,5,AAA
241630,24铁工K6,中国中铁股份有限公司,10,AAA
241632,24唐租02,大唐融资租赁有限公司,3,nan
241635,24三资01,三峡资本控股有限责任公司,3,AAA
241636,24兖矿K4,兖矿能源集团股份有限公司,3,nan
241637,24赣国控,江西省国有资本运营控股集团有限公司,3,nan
241638,24赣交K3,江西省交通投资集团有限责任公司,3,nan
241640,24隧道Y3,上海隧道工程股份有限公司,nan,AAA
241641,24厦轨02,厦门轨道建设发展集团有限公司,5,nan
241643,24交租01,中交融资租赁有限公司,3,nan
241644,24交租02,中交融资租赁有限公司,5,nan
241645,24邗江G1,扬州市邗江城市建设发展有限公司,10,nan
241647,24济轨Y3,济南轨道交通集团有限公司,nan,nan
241648,24海租02,海发宝诚融资租赁有限公司,3,nan
241649,24杭城03,杭州市城市建设投资集团有限公司,3,AAA
241650,24杭城04,杭州市城市建设投资集团有限公司,5,AAA
241652,24建材K8,中国建材股份有限公司,5,AAA
241653,24皖投05,安徽省投资集团控股有限公司,3,nan
241654,24杭资02,杭州市国有资本投资运营有限公司,5,nan
241655,24杭资03,杭州市国有资本投资运营有限公司,10,nan
241656,24宁兴01,宁兴集团(宁波)有限公司,3,AAA
241657,24景控01,景德镇市国资运营投资控股集团有限责任公司,3,nan
241659,24杭金K1,杭州市金融投资集团有限公司,5,nan
241660,24渝交02,重庆城市交通开发投资(集团)有限公司,10,nan
241661,八局YK02,中国建筑第八工程局有限公司,nan,AAA
241662,八局YK03,中国建筑第八工程局有限公司,nan,AAA
241663,24国租02,国新融资租赁有限公司,4,AAA
241664,24国租03,国新融资租赁有限公司,5,AAA
241665,24淮安01,淮安开发控股有限公司,5,nan
241666,24湖产G1,湖州市产业投资发展集团有限公司,7,nan
241667,华电YK11,中国华电集团有限公司,nan,AAA
241668,华电YK12,中国华电集团有限公司,nan,AAA
241669,24能投03,云南省能源集团有限公司,3,nan
241670,24铁发03,山东铁路发展基金有限公司,3,nan
241671,24铁发04,山东铁路发展基金有限公司,5,nan
241672,能建YK04,中国能源建设股份有限公司,nan,AAA
241674,24京能K1,北京能源集团有限责任公司,3,nan
241675,24台金01,台州市金融投资集团有限公司,3,nan
241676,24铁工K7,中国中铁股份有限公司,5,AAA
241678,24云交01,云南省交通投资建设集团有限公司,5,nan
241681,延长KY14,陕西延长石油(集团)有限责任公司,nan,AAA
241682,24中关05,中关村发展集团股份有限公司,3,nan
241684,24南资01,南方工业资产管理有限责任公司,3,AA+
241685,24武金03,武汉金融控股(集团)有限公司,3,nan
241687,24铁投01,中国铁建投资集团有限公司,10,AAA
241689,24SIG02K,上海国际集团有限公司,5,nan
241690,24义乌G3,义乌市国有资本运营有限公司,3,AAA
241692,24苏高02,苏州苏高新集团有限公司,3,nan
241693,24华新Y1,华电新能源集团股份有限公司,nan,AAA
241695,24临城G1,临沂城市建设投资集团有限公司,5,nan
241696,24中泰05,中泰证券股份有限公司,5,AAA
241697,24济发01,济宁能源发展集团有限公司,3,nan
241698,铁建YK14,中国铁建股份有限公司,nan,AAA
241700,24通城03,南通城市建设集团有限公司,5,nan
241701,24相金K2,苏州市相城金融控股(集团)有限公司,5,nan
241703,24常高G1,常高新集团有限公司,5,nan
241704,24穗投03,广州产业投资控股集团有限公司,5,AAA
241706,24穗投05,广州产业投资控股集团有限公司,5,AAA
241707,24穗投06,广州产业投资控股集团有限公司,10,AAA
241708,24宁铁01,南京地铁集团有限公司,3,nan
241710,24亦庄07,北京亦庄国际投资发展有限公司,5,AAA
241712,24东证06,东方证券股份有限公司,5,AAA
241714,24浙控K1,浙江省创新投资集团有限公司,5,nan
241715,24电YK01,新疆特变电工集团有限公司,nan,AA+
241720,24电能Y1,中电建新能源集团股份有限公司,nan,AAA
241722,24融和07,中电投融和融资租赁有限公司,3,nan
241724,24泰交G3,泰州市交通产业集团有限公司,5,nan
241725,24电建K2,中国电力建设股份有限公司,15,AAA
241727,24豫港05,河南航空港投资集团有限公司,3,nan
241728,24浦土03,上海浦东土地控股(集团)有限公司,5,AAA
241729,24中煤01,中国中煤能源集团有限公司,10,AAA
241732,24翔业04,厦门翔业集团有限公司,2,nan
241733,24常投G1,常州投资集团有限公司,3,nan
241734,24蜀道04,蜀道投资集团有限责任公司,10,AAA
241735,24蜀道05,蜀道投资集团有限责任公司,7,AAA
241736,24兴业07,兴业证券股份有限公司,3,AAA
241737,24兴业08,兴业证券股份有限公司,5,AAA
241738,24发展03,山东发展投资控股集团有限公司,3,AAA
241740,北水YK03,北控水务(中国)投资有限公司,nan,AAA
241741,北水YK04,北控水务(中国)投资有限公司,nan,AAA
241743,24陕资06,陕西金融资产管理股份有限公司,5,nan
241744,24红狮K5,红狮控股集团有限公司,4,nan
241746,24联发01,联发集团有限公司,9,AAA
241749,24渝富03,重庆渝富控股集团有限公司,5,nan
241750,24唐租04,大唐融资租赁有限公司,2,nan
241751,24杭金01,杭州市金融投资集团有限公司,3,nan
241752,G24能资1,中国能源建设集团投资有限公司,3,AAA
241756,24电能Y2,中电建新能源集团股份有限公司,nan,AAA
241757,24银河G1,中国银河证券股份有限公司,3,AAA
241758,24银河G2,中国银河证券股份有限公司,5,AAA
241759,24招证G4,招商证券股份有限公司,3,AAA
241762,24国券G3,国投证券股份有限公司,3,AAA
241765,24唐新Y4,中国大唐集团新能源股份有限公司,nan,AAA
241766,24建发G1,乌鲁木齐经济技术开发区建发国有资本投资运营(集团)有限公司,5,nan
241768,24隧道Y4,上海隧道工程股份有限公司,nan,AAA
241770,24华阳Y1,山西华阳集团新能股份有限公司,nan,AAA
241771,24华阳Y2,山西华阳集团新能股份有限公司,nan,AAA
241773,延长KY16,陕西延长石油(集团)有限责任公司,nan,AAA
241774,24青城14,青岛城市建设投资(集团)有限责任公司,3,nan
241776,24平证05,平安证券股份有限公司,3,AAA
241778,24国证G1,国开证券股份有限公司,3,AAA
241779,24国证G2,国开证券股份有限公司,5,AAA
241780,24创元02,苏州创元投资发展(集团)有限公司,3,nan
241781,24东方03,浙江东方控股集团股份有限公司,3,nan
241782,鲁高KY08,山东高速集团有限公司,nan,AAA
241783,24财金06,山东省财金投资集团有限公司,5,AAA
241784,24安租09,平安国际融资租赁有限公司,2,nan
241785,24安租10,平安国际融资租赁有限公司,2,nan
241786,交投YK01,中交投资有限公司,nan,AAA
241787,交投YK02,中交投资有限公司,nan,AAA
241788,24安租Y3,平安国际融资租赁有限公司,nan,AAA
241789,24铁基02,安徽省铁路发展基金股份有限公司,5,nan
241791,豫通Y16,河南交通投资集团有限公司,nan,AAA
241793,24安控08,浙江安吉国控建设发展集团有限公司,5,nan
241794,24赣交K4,江西省交通投资集团有限责任公司,3,nan
241799,24甬投Y2,宁波开发投资集团有限公司,nan,nan
241801,24国租04,国新融资租赁有限公司,4,AAA
241802,G24国租1,国新融资租赁有限公司,5,AAA
241805,24海尔03,海尔集团(青岛)金盈控股有限公司,3,nan
241808,24山能Y2,山东能源集团有限公司,nan,AAA
241809,24杭城05,杭州市城市建设投资集团有限公司,5,AAA
241811,24中化Y2,中国中化股份有限公司,nan,AAA
241812,24宁证05,南京证券股份有限公司,1.03,AAA
241813,24中兵03,中兵投资管理有限责任公司,5,nan
241815,24远东五,远东国际融资租赁有限公司,2,AAA
241816,24创鸿G2,江苏创鸿资产管理有限公司,3,nan
241817,24中煤02,中国中煤能源集团有限公司,3,AAA
241819,24安控10,厦门安居控股集团有限公司,5,nan
241820,24同辐K1,中国同辐股份有限公司,3,AAA
241821,华能YK11,中国华能集团有限公司,nan,AAA
241823,24青信09,青岛国信发展(集团)有限责任公司,3,nan
241824,24青信10,青岛国信发展(集团)有限责任公司,5,nan
241826,24国投08,国家开发投资集团有限公司,15,nan
241827,24赣交K5,江西省交通投资集团有限责任公司,3,nan
241828,GC核融06,中核融资租赁有限公司,3,nan
241830,24中泰06,中泰证券股份有限公司,3,AAA
241832,24中信06,中国中信有限公司,10,AAA
241834,24通城04,南通城市建设集团有限公司,5,nan
241835,24蓉金Y1,成都交子金融控股集团有限公司,nan,nan
241837,24京投K7,北京市基础设施投资有限公司,3,nan
241838,24交投K1,中交投资有限公司,5,AAA
241841,24淮河S1,淮河能源控股集团有限责任公司,1,nan
241842,24穗投09,广州产业投资控股集团有限公司,5,AAA
241843,24穗投10,广州产业投资控股集团有限公司,10,AAA
241844,24信达04,信达证券股份有限公司,1.02,AAA
241845,24希望01,新希望五新实业集团有限公司,2,AAA
241846,24五资02,五矿资本控股有限公司,3,AAA
241847,华电YK13,中国华电集团有限公司,nan,AAA
241848,华电YK14,中国华电集团有限公司,nan,AAA
241849,24华新Y3,华电新能源集团股份有限公司,nan,AAA
241851,铁建YK16,中国铁建股份有限公司,nan,AAA
241852,铁建YK17,中国铁建股份有限公司,nan,AAA
241854,G24天成5,华能天成融资租赁有限公司,3,AAA
241857,24沪建Y4,上海建工集团股份有限公司,nan,AAA
241858,陕煤KY15,陕西煤业化工集团有限责任公司,nan,AAA
241859,24如皋01,如皋市城市产业发展集团有限公司,5,nan
241861,核建YK05,中国核工业建设股份有限公司,nan,AAA
241863,24常新G4,常州东方新城建设集团有限公司,3,nan
241865,24张江03,上海张江高科技园区开发股份有限公司,3,nan
241866,24杭城建,杭州市城市建设发展集团有限公司,5,AAA
241867,延长KY17,陕西延长石油(集团)有限责任公司,nan,AAA
241868,延长KY18,陕西延长石油(集团)有限责任公司,nan,AAA
241869,24豫港06,河南航空港投资集团有限公司,3,nan
241870,24浙资K3,浙江省国有资本运营有限公司,5,nan
241871,24浙资K4,浙江省国有资本运营有限公司,10,nan
241872,24鲁高K4,山东高速集团有限公司,5,nan
241873,24建房05,建发房地产集团有限公司,6,AAA
241875,建材K9,中国建材股份有限公司,3,AAA
241877,24国联03,国联民生证券股份有限公司,3,AAA
241880,能建YK06,中国能源建设股份有限公司,nan,AAA
241882,24北汽02,北京汽车集团有限公司,3,nan
241883,24中化15,中国中化股份有限公司,5,AAA
241884,24中化16,中国中化股份有限公司,10,AAA
241885,河钢KV01,河钢集团有限公司,3,AAA
241886,中水务Y1,中国水务投资集团有限公司,nan,AAA
241887,中水务Y2,中国水务投资集团有限公司,nan,AAA
241889,24鲁信Y1,山东省鲁信投资控股集团有限公司,nan,nan
241892,24浦创K1,上海浦东科创集团有限公司,5,nan
241893,24国联G3,无锡市国联发展(集团)有限公司,5,nan
241894,24狮桥03,狮桥融资租赁(中国)有限公司,2,AA+
241895,24西基01,西安城市基础设施建设投资集团有限公司,10,AAA
241896,24西基02,西安城市基础设施建设投资集团有限公司,15,AAA
241898,24国金04,国金证券股份有限公司,3,AAA
241901,24沪国K2,上海国有资产经营有限公司,3,nan
241902,24浙控02,浙江省创新投资集团有限公司,3,nan
241904,24青信11,青岛国信发展(集团)有限责任公司,3,nan
241906,24洪政05,南昌市政公用集团有限公司,5,nan
241907,24能投04,云南省能源集团有限公司,3,nan
241908,24海鸿G1,江苏海鸿投资控股集团有限公司,5,nan
241910,24信投G8,中信建投证券股份有限公司,2,AAA
241911,24信投G9,中信建投证券股份有限公司,3,AAA
241912,24中公01,中交一公局集团有限公司,5,nan
241914,鄂交YK05,湖北交通投资集团有限公司,nan,AAA
241921,24苏高G3,苏州苏高新科技产业发展有限公司,3,AAA
241923,铁建YK19,中国铁建股份有限公司,nan,AAA
241924,铁建YK20,中国铁建股份有限公司,nan,AAA
241926,24兴业09,兴业证券股份有限公司,3,AAA
241927,24兴业10,兴业证券股份有限公司,5,AAA
241928,24武铁Y1,武汉地铁集团有限公司,nan,AAA
241929,24武铁01,武汉地铁集团有限公司,10,nan
241930,24南控K1,广东南海控股集团有限公司,5,nan
241931,24南控K2,广东南海控股集团有限公司,5,nan
241932,24晋中01,晋中市公用基础设施投资控股(集团)有限公司,3,nan
241934,长电SK02,中国长江电力股份有限公司,0.5,A-1
241935,24长电K2,中国长江电力股份有限公司,10,AAA
241936,三航YK01,中交第三航务工程局有限公司,nan,AAA
241937,24远东六,远东国际融资租赁有限公司,2,AAA
241938,24昌投G1,昌吉州国有资产投资经营集团有限公司,5,nan
241939,24江东05,江东控股集团有限责任公司,5,AA+
241943,24光证G4,光大证券股份有限公司,2,AAA
241944,24光证G5,光大证券股份有限公司,3,AAA
241945,24海润G4,江苏海润城市发展集团有限公司,3,nan
241946,24济金05,济南金投控股集团有限公司,5,nan
241948,24上控01,上饶投资控股集团有限公司,3,nan
241949,24津投26,天津城市基础设施建设投资集团有限公司,2,AAA
241950,24华鑫01,华鑫证券有限责任公司,1.52,nan
241952,24常高Y2,常高新集团有限公司,nan,AAA
241953,24金控G1,江苏金坛投资控股有限公司,5,nan
241954,24湘担Y1,湖南省融资担保集团有限公司,nan,AAA
241955,24东证08,东方证券股份有限公司,3,AAA
241956,24济轨Y5,济南轨道交通集团有限公司,nan,nan
241957,24济轨Y6,济南轨道交通集团有限公司,nan,nan
241959,24相城01,苏州市相城城市建设投资(集团)有限公司,5,AAA
241960,24中机K1,中国机械科学研究总院集团有限公司,5,AAA
241961,24安租11,平安国际融资租赁有限公司,4,nan
241962,24首农Y4,北京首农食品集团有限公司,nan,AAA
241963,24联发03,联发集团有限公司,8,AAA
241966,延长KY20,陕西延长石油(集团)有限责任公司,nan,AAA
241967,24华产02,中国华电集团产融控股有限公司,3,nan
241968,交投YK03,中交投资有限公司,nan,AAA
241969,交投YK04,中交投资有限公司,nan,AAA
241970,GK三峰R1,重庆三峰环境集团股份有限公司,3,nan
241972,24华阳Y4,山西华阳集团新能股份有限公司,nan,AAA
241973,24鲁高K5,山东高速集团有限公司,3,nan
241974,24华综01,珠海华发综合发展有限公司,5,AAA
241975,24电建K4,中国电力建设股份有限公司,15,AAA
241976,24电建K5,中国电力建设股份有限公司,30,AAA
241977,24苏交V3,苏州交通投资集团有限责任公司,3,nan
241978,24产业K1,广东南海产业集团有限公司,5,nan
241979,24产业K2,广东南海产业集团有限公司,5,nan
241980,24八局K2,中国建筑第八工程局有限公司,10,AAA
241981,24平证07,平安证券股份有限公司,3,AAA
241983,24豫港07,河南航空港投资集团有限公司,3,nan
241985,24洪政债,南昌市政公用集团有限公司,3,nan
241986,24蚌投01,蚌埠投资集团有限公司,3,AA+
241987,24隧道Y6,上海隧道工程股份有限公司,nan,AAA
241988,24HBST02,湖北省科技投资集团有限公司,3,nan
241989,24HBST03,湖北省科技投资集团有限公司,5,nan
241990,24蜀道06,蜀道投资集团有限责任公司,5,nan
241991,24蜀道07,蜀道投资集团有限责任公司,7,nan
241992,24镇投G1,镇江产业投资控股集团有限公司,5,nan
241995,24浦集03,上海浦东发展(集团)有限公司,5,nan
241996,24国金05,国金证券股份有限公司,3,AAA
241997,24吴城G1,苏州市吴中城市建设投资集团有限公司,5,nan
241998,24财达02,财达证券股份有限公司,3,AAA
241999,24中化Y3,中国中化股份有限公司,nan,AAA
242000,24方正G5,方正证券股份有限公司,3,AAA
242002,24青信K1,青岛国信发展(集团)有限责任公司,3,nan
242003,24青信K2,青岛国信发展(集团)有限责任公司,5,nan
242004,24国保03,国新商业保理有限公司,2,nan
242005,24国保04,国新商业保理有限公司,3,nan
242006,路建YK06,中交路桥建设有限公司,nan,AAA
242007,风电WK01,中节能风力发电股份有限公司,4,nan
242008,风电WK02,中节能风力发电股份有限公司,5,nan
242009,24赣交K6,江西省交通投资集团有限责任公司,3,nan
242010,24赣交K7,江西省交通投资集团有限责任公司,5,nan
242011,24榕资04,福州国有资本投资运营集团有限公司,3,nan
242012,24温工G1,温州市工业与能源发展集团有限公司,3,nan
242013,24CEE高K,中国电气装备集团有限公司,3,AAA
242014,24盛泽G2,江苏盛泽投资有限公司,3,nan
242015,24信达05,信达证券股份有限公司,3,AAA
242016,24南租01,南航国际融资租赁有限公司,2,nan
242019,24苏农03,苏州市农业发展集团有限公司,3,nan
242020,24渝高01,重庆高速公路集团有限公司,5,AAA
242021,24京资K2,北京市国有资产经营有限责任公司,3,AAA
242022,24京资K3,北京市国有资产经营有限责任公司,10,AAA
242023,铁建YK22,中国铁建股份有限公司,nan,AAA
242024,铁建YK23,中国铁建股份有限公司,nan,AAA
242027,24津投27,天津城市基础设施建设投资集团有限公司,3,AAA
242028,24信投10,中信建投证券股份有限公司,2,AAA
242029,24信投11,中信建投证券股份有限公司,5,AAA
242030,24紫金Y3,南京紫金投资集团有限责任公司,nan,nan
242031,24紫金Y4,南京紫金投资集团有限责任公司,nan,nan
242032,24宁港01,宁波舟山港集团有限公司,3,nan
242033,24宁港02,宁波舟山港集团有限公司,5,nan
242034,24中公Y3,中交一公局集团有限公司,nan,AAA
242035,24中公Y4,中交一公局集团有限公司,nan,AAA
242038,24国惠07,山东发展投资控股集团有限公司,3,nan
242039,24泰交G4,泰州市交通产业集团有限公司,5,nan
242040,鲁高KY09,山东高速集团有限公司,nan,AAA
242042,24产基03,湖南省财信产业基金管理有限公司,3,AAA
242044,24冀通03,河北建投交通投资有限责任公司,10,nan
242045,24中财G3,中国中金财富证券有限公司,3,AAA
242046,24中财G4,中国中金财富证券有限公司,5,AAA
242048,鄂交YK06,湖北交通投资集团有限公司,nan,AAA
242049,24京投K8,北京市基础设施投资有限公司,3,AAA
242050,24深高03,深圳高速公路集团股份有限公司,5,AAA
242051,24株发02,株洲市城市建设发展集团有限公司,3,nan
242053,24电租Y1,中国电建集团租赁有限公司,nan,AA+
242054,24电租Y2,中国电建集团租赁有限公司,nan,AA+
242056,陕煤KY16,陕西煤业化工集团有限责任公司,nan,AAA
242057,陕煤KY17,陕西煤业化工集团有限责任公司,nan,AAA
242059,24扬子Y2,南京扬子国资投资集团有限责任公司,nan,nan
242060,24创控K1,昆山创业控股集团有限公司,3,nan
242063,24交YK01,中国交通建设股份有限公司,nan,AAA
242064,24交YK02,中国交通建设股份有限公司,nan,AAA
242065,24龙川G3,扬州龙川控股集团有限责任公司,5,AAA
242066,24能化02,福建省能源石化集团有限责任公司,5,nan
242067,24津投28,天津城市基础设施建设投资集团有限公司,2,AAA
242069,金隅KY09,北京金隅集团股份有限公司,nan,AAA
242070,金隅KY10,北京金隅集团股份有限公司,nan,AAA
242071,24上控02,上饶投资控股集团有限公司,3,nan
242072,24温工G2,温州市工业与能源发展集团有限公司,3,nan
242074,24山能04,山东能源集团有限公司,5,nan
242075,24建租04,中建投租赁股份有限公司,3,nan
242076,24晋中03,晋中市公用基础设施投资控股(集团)有限公司,5,nan
242077,24皖控02,安徽省国有资本运营控股集团有限公司,5,nan
242079,24中化Y4,中国中化股份有限公司,nan,AAA
242081,24永钢G1,江苏永钢集团有限公司,2,nan
242082,24河钢K2,河钢集团有限公司,3,nan
242083,GK三峰02,重庆三峰环境集团股份有限公司,3,nan
242084,24红塔01,红塔证券股份有限公司,3,AAA
242085,24宁铁02,南京地铁集团有限公司,3,nan
242086,交筑YK07,中交建筑集团有限公司,nan,AAA
242087,24保利08,保利发展控股集团股份有限公司,5,AAA
242088,24保利09,保利发展控股集团股份有限公司,7,AAA
242089,24唐租05,大唐融资租赁有限公司,2,nan
242090,24唐租06,大唐融资租赁有限公司,3,nan
242091,24新业02,新疆新业国有资产经营(集团)有限责任公司,3,nan
242093,24义市02,义乌市市场发展集团有限公司,5,AAA
242094,24泰达03,天津泰达投资控股(集团)有限公司,5,nan
242095,24穗投11,广州产业投资控股集团有限公司,5,AAA
242096,24穗投12,广州产业投资控股集团有限公司,10,AAA
242097,通号YK01,中国铁路通信信号股份有限公司,nan,AAA
242098,通号YK02,中国铁路通信信号股份有限公司,nan,AAA
242099,G24天成7,华能天成融资租赁有限公司,2,AAA
242100,G24天成8,华能天成融资租赁有限公司,3,AAA
242102,24山能Y4,山东能源集团有限公司,nan,AAA
242103,24中粮K3,中粮集团有限公司,3,nan
242104,24中粮K4,中粮集团有限公司,5,nan
242106,24安租13,平安国际融资租赁有限公司,4,nan
242107,24国宏02,洛阳国宏投资控股集团有限公司,5,nan
242108,24洪政08,南昌市政公用集团有限公司,5,nan
242110,延长KY22,陕西延长石油(集团)有限责任公司,nan,AAA
242111,24华新Y5,华电新能源集团股份有限公司,nan,AAA
242112,24华新Y6,华电新能源集团股份有限公司,nan,AAA
242113,24浦土04,上海浦东土地控股(集团)有限公司,3,AAA
242114,24天地一,天地源股份有限公司,3,AA+
242119,24南控K3,广东南海控股集团有限公司,5,nan
242120,24信达06,信达证券股份有限公司,2,AAA
242121,24皖通01,安徽皖通高速公路股份有限公司,3,nan
242123,G24青信1,青岛国信发展(集团)有限责任公司,3,nan
242124,G24青信2,青岛国信发展(集团)有限责任公司,5,nan
242125,24国券G5,国投证券股份有限公司,3,AAA
242126,三航YK02,中交第三航务工程局有限公司,nan,AAA
242127,24中信07,中国中信有限公司,5,AAA
242128,24中信08,中国中信有限公司,10,AAA
242131,24方正G6,方正证券股份有限公司,3,AAA
242133,24浙商G3,浙江省浙商资产管理股份有限公司,5,nan
242136,24济金07,济南金投控股集团有限公司,5,nan
242137,24济金08,济南金投控股集团有限公司,5,nan
242138,24中公Y5,中交一公局集团有限公司,nan,AAA
242139,24闽金01,福建省金融投资有限责任公司,3,nan
242140,24闽金02,福建省金融投资有限责任公司,5,nan
242141,鄂交YK07,湖北交通投资集团有限公司,nan,AAA
242142,鄂交YK08,湖北交通投资集团有限公司,nan,AAA
242143,24路桥K7,中电建路桥集团有限公司,5,nan
242144,24路桥K8,中电建路桥集团有限公司,10,nan
242145,24济建Y1,济南城市建设集团有限公司,nan,nan
242146,24济建Y2,济南城市建设集团有限公司,nan,nan
242147,24国管04,北京国有资本运营管理有限公司,3,AAA
242148,24国管05,北京国有资本运营管理有限公司,5,AAA
242149,24信达07,信达证券股份有限公司,1.02,AAA
242150,24贸资01,厦门国贸资本集团有限公司,5,AAA
242151,24鲁资K2,山东省国有资产投资控股有限公司,3,nan
242152,24铁沪Y1,中铁上海工程局集团有限公司,nan,nan
242153,24铁沪Y2,中铁上海工程局集团有限公司,nan,nan
242155,24珠江02,广州珠江实业集团有限公司,2,nan
242156,24远东七,远东国际融资租赁有限公司,2,AAA
242157,24保利10,保利发展控股集团股份有限公司,5,AAA
242158,24保利11,保利发展控股集团股份有限公司,7,AAA
242160,24中建YK,中建科技集团有限公司,nan,nan
242161,24张经Y1,张家港经开区控股集团有限公司,nan,nan
242162,24环球05,中国环球租赁有限公司,5,nan
242163,24金隅K3,北京金隅集团股份有限公司,5,nan
242164,24铝集01,中国铝业集团有限公司,5,nan
242165,24延长K1,陕西延长石油(集团)有限责任公司,5,AAA
242166,24河钢K3,河钢集团有限公司,5,nan
242167,24平证09,平安证券股份有限公司,3,AAA
242168,24中化Y5,中国中化股份有限公司,nan,AAA
242169,24路桥K9,中电建路桥集团有限公司,5,nan
242170,24路K10,中电建路桥集团有限公司,10,nan
242171,24广越06,广州越秀集团股份有限公司,5,AAA
242172,24广越07,广州越秀集团股份有限公司,10,AAA
242179,24株国14,株洲市国有资产投资控股集团有限公司,5,nan
242180,24长交G3,长兴交通投资集团有限公司,5,nan
242182,中煤能K2,中国中煤能源集团有限公司,10,AAA
242184,24豫港10,河南航空港投资集团有限公司,5,nan
242185,24漳九05,漳州市九龙江集团有限公司,5,AAA
242186,24漳九06,漳州市九龙江集团有限公司,10,AAA
242188,24渝康01,华润渝康资产管理有限公司,5,AAA
242189,24国创Y1,昆山国创投资集团有限公司,nan,nan
242190,24三局Y1,中交第三公路工程局有限公司,nan,AA+
242191,24浙能K1,浙江省能源集团有限公司,5,nan
242192,24浙能K2,浙江省能源集团有限公司,15,nan
242194,24DJYK02,中国电力建设股份有限公司,nan,AAA
242197,24二局Y1,中交第二公路工程局有限公司,nan,AAA
242201,24上航Y1,中交上海航道局有限公司,nan,AAA
243001,24工银亚洲债01,中国工商银行(亚洲)有限公司,3,AAA
270000,23赣交01,江西省交通投资集团有限责任公司,5,AAA
270001,23云岩债,贵阳云岩贵中土地开发基本建设投资管理集团有限公司,7,AA+
270002,23望经01,望城经开区投资建设集团有限公司,7,AA+
270004,23临投01,临沂投资发展集团有限公司,7,AA+
270005,23建城一,建湖县城市建设投资集团有限公司,7,AAA
270006,23望投02,长沙市望城区城市建设投资集团有限公司,7,AA+
270007,23萧开02,杭州萧山经济技术开发区国有资产经营有限公司,7,AAA
270008,23铜梁02,重庆市铜梁区金龙城市建设发展(集团)有限公司,7,AAA
270009,23姚集01,余姚经济开发区建设投资发展有限公司,4,AAA
270011,23渝城投,重庆市城市建设投资(集团)有限公司,10,AAA
270012,23宜科01,江苏宜兴环保科技工业园发展集团有限公司,7,AAA
270013,23湔投01,成都湔江投资集团有限公司,7,AA+
270014,23建元01,苏州新建元控股集团有限公司,7,AAA
270015,23中原债,郑州中原发展投资(集团)有限公司,5,AA+
270016,23槐荫债,济南槐荫城市建设投资集团有限公司,7,AA+
270017,23建房G1,建发房地产集团有限公司,10,AAA
270018,23渝隆01,重庆渝隆资产经营(集团)有限公司,7,AAA
270019,23渝隆02,重庆渝隆资产经营(集团)有限公司,7,AAA
270020,23合盛01,景德镇合盛产业投资发展有限公司,7,AAA
270021,23商都01,洛阳商都城市投资控股集团有限公司,7,AAA
270022,23首集01,北京首都创业集团有限公司,3,AAA
270023,23交投01,泰兴市交通产业(集团)有限公司,7,AAA
270024,23新泰01,新泰市统筹城乡发展集团有限公司,7,AA
270025,23新泰02,新泰市统筹城乡发展集团有限公司,7,AAA
270027,23兴工01,兰考县兴工财政投资有限公司,7,AA+
270028,23枣阳01,枣阳市城市建设投资经营有限公司,7,AAA
270030,23铜示01,安徽省铜陵市承接产业转移示范园区建设投资有限责任公司,7,AAA
270031,23汉江02,汉江国有资本投资集团有限公司,5,AAA
270032,23广益02,成都东方广益投资有限公司,7,AAA
270033,23盐城01,盐城市城市资产投资集团有限公司,7,AAA
270034,23慢城债,江苏高淳国际慢城文化旅游产业投资集团有限公司,7,AAA
270035,23国丰01,烟台国丰投资控股集团有限公司,5,AAA
270036,23临财02,淄博市临淄区九合财金控股有限公司,7,AAA
270037,23长微01,重庆长寿经济技术开发区开发投资集团有限公司,5,AAA
270038,23山高02,山东高速集团有限公司,5,AAA
270039,23于都01,于都县城市资本投资管理有限公司,7,AAA
270040,23于都02,于都县城市资本投资管理有限公司,7,AAA
270041,23双溪04,江苏双溪实业有限公司,7,AAA
270042,23金松01,湖北松滋金松投资控股集团有限公司,7,AAA
270043,23望经02,望城经开区投资建设集团有限公司,7,AA+
270044,23渝垫01,重庆渝垫国有资产经营集团有限公司,7,AA
270045,23德城01,德安县城市发展有限公司,7,AAA
270046,23德城02,德安县城市发展有限公司,7,AAA
270047,23众联01,张家口众联国控资产管理集团有限公司,4,AAA
270048,23城西债,安庆市城西建设投资有限公司,7,AAA
270049,23开元债,南通开元投资开发集团有限公司,7,AAA
270050,23孝长02,孝感市长兴投资有限公司,7,AAA
270051,23泗县债,泗县城市建设投资有限公司,7,AAA
270052,23延经01,延安经济技术开发建设投资有限公司,7,AAA
270053,23张投债,张家界市交通建设投资集团有限公司,7,AAA
270054,23双溪05,江苏双溪实业有限公司,7,AAA
270055,G23厦01,厦门轨道建设发展集团有限公司,5,AAA
270056,23泰财源,泰安市泰山区财源投资集团有限公司,7,AAA
270057,23国贸01,浙江省国际贸易集团有限公司,7,AAA
270058,23东广01,成都东方广益投资有限公司,7,AAA
270059,23绍旅02,绍兴市文化旅游集团有限公司,7,AA+
270060,23西南01,四川西南发展控股集团有限公司,7,AA+
270061,23隆科01,成都隆科城乡发展集团有限公司,7,AAA
270063,23嘉科02,嘉兴科技城投资发展集团有限公司,7,AA+
270064,23青田债,青田县国有资产控股集团有限公司,5,AAA
270065,23綦东债,重庆市綦江区东部新城开发建设有限公司,7,AAA
270066,23弋投01,江西省弋投建设(集团)有限公司,7,AAA
270067,23弋投02,江西省弋投建设(集团)有限公司,7,AAA
270068,23一诺债,南通一诺城镇建设开发有限公司,7,AAA
270069,23任城01,山东任城融鑫发展有限公司,7,AAA
270070,23任城02,山东任城融鑫发展有限公司,7,AA+
270071,23富春债,杭州富春山居集团有限公司,10,AA+
270072,23桓金01,桓台县金海公有资产经营有限公司,7,AAA
270073,23双溪06,江苏双溪实业有限公司,7,AAA
270074,23宁控01,宁海县国有资产投资控股集团有限公司,7,AA+
270075,23苏高01,苏州苏高新集团有限公司,7,AAA
270076,23五河02,五河县城市建设投资经营有限责任公司,7,AAA
270078,23仙桃01,仙桃市城市建设投资开发有限公司,7,AAA
270079,23仙桃02,仙桃市城市建设投资开发有限公司,7,AAA
270080,23香发02,成都香城城市发展有限公司,7,AA+
270081,23鑫通02,洛阳鑫通经济发展投资有限公司,7,AAA
270082,23句农债,江苏句容新农控股集团有限公司,7,AAA
270083,23鄂交02,湖北交通投资集团有限公司,10,AAA
270084,23开资01,开化县国有资产经营有限责任公司,7,AAA
270085,23临城投,杭州市临安区城市发展投资集团有限公司,7,AA+
270086,23仪征开,仪征经济开发集团有限公司,7,AAA
270087,23京投03,北京市基础设施投资有限公司,3,AAA
270088,23兴工02,兰考县兴工财政投资有限公司,7,AA+
270089,23嘉塍债,嘉兴市嘉塍发展投资集团有限公司,7,AA+
270090,23宿州01,宿州市高新建设投资集团有限公司,5,AAA
270091,23天新01,成都天府新区投资集团有限公司,5,AAA
270092,23富开债,杭州富阳开发区建设投资集团有限公司,7,AA+
270093,23余发02,余干县发展控股集团有限公司,7,AAA
270094,23滕州债,滕州市城市国有资产经营有限公司,7,AAA
270095,23休宁债,休宁县齐云城市建设投资有限责任公司,7,AAA
270096,23明城01,三明市城市建设投资集团有限公司,7,AAA
270097,23当建债,当涂县城乡建设投资有限责任公司,7,AAA
270098,23咸安债,咸宁市咸安区经济发展(集团)有限公司,7,AAA
270099,G23濉溪,濉溪建设投资控股集团有限公司,7,AAA
270100,23枣阳02,枣阳市城市建设投资经营有限公司,7,AAA
270101,23荆投01,荆楚文化产业投资集团有限公司,7,AAA
270102,23城厢01,莆田市城厢区城乡建设投资集团有限公司,5,AAA
270104,23孝昌01,孝昌县顺和开发投资有限责任公司,7,AAA
270105,23吕四债,江苏吕四港集团有限公司,7,AAA
270106,23陆嘴02,上海陆家嘴(集团)有限公司,4,AAA
270107,23萍创债,萍乡创新发展投资集团有限公司,7,AAA
270108,23济轨Y1,济南轨道交通集团有限公司,nan,AAA
270109,23成华02,成都成华棚户区惠民改造建设有限责任公司,7,AAA
270110,23定远01,定远县城乡发展投资集团有限公司,7,AAA
270111,23炬能02,鹰潭炬能投资集团有限公司,7,AA+
270112,23望江01,望江县新型城镇化建设开发有限公司,7,AAA
270113,23航发02,西安航天城市发展控股集团有限公司,7,AAA
270114,23湖城债,湖州市城市投资发展集团有限公司,7,AAA
270116,23四宜债,安徽省四宜建设投资集团有限公司,7,AAA
270117,23舜源01,湖南舜源发展集团有限公司,7,AAA
270118,23临兰01,临沂市兰山区城市开发建设投资集团有限公司,7,AA+
270119,23浔城债,湖州南浔城市投资发展集团有限公司,7,AAA
270120,23金投02,湖北松滋金松投资控股集团有限公司,7,AAA
270121,23遂发债,遂宁发展投资集团有限公司,7,AAA
270122,G23枝江2,枝江市国有资产管理有限公司,7,AAA
270123,23江南债,安徽省江南产业集中区建设投资发展(集团)有限公司,5,AAA
270124,23金寨01,安徽金寨国有投资控股集团有限公司,5,AAA
270125,23阜兴债,阜阳兴达盛发展有限公司,7,AAA
270126,23润企02,睢宁县润企投资有限公司,7,AAA
270127,23荆投02,荆楚文化产业投资集团有限公司,7,AAA
270130,23邛建01,邛崃市建设投资集团有限公司,7,AAA
270131,23邛建02,邛崃市建设投资集团有限公司,7,AA+
270132,23惠汇01,无锡惠鑫汇资产经营管理有限公司,7,AAA
270133,23惠汇02,无锡惠鑫汇资产经营管理有限公司,7,AAA
270137,23宿城01,江苏宿城国有资产经营管理有限公司,5,AAA
270139,23武商01,武汉国有资本投资运营集团有限公司,5,AAA
271000,G23三峡1,中国长江三峡集团有限公司,10,AAA
271001,G23三峡2,中国长江三峡集团有限公司,20,AAA
271002,23蓉产01,成都产业投资集团有限公司,5,nan
271003,23国贸02,浙江省国际贸易集团有限公司,3,nan
271008,23淄金债,淄博市财金控股集团有限公司,7,AAA
271028,23曹国05,曹妃甸国控投资集团有限公司,5,AAA
271029,23汴微02,开封市发展投资集团有限公司,5,AA+
271037,24隆科01,成都隆科城乡发展集团有限公司,7,AAA
271053,23建房G2,建发房地产集团有限公司,10,AAA
271056,23宝开01,宝应县开发投资有限公司,7,AAA
271059,G23西城1,杭州西湖城市建设投资集团有限公司,7,AA+
271063,23西发01,西安经发集团有限责任公司,7,AAA
271064,23西发02,西安经发集团有限责任公司,5,AAA
271066,23萍创03,萍乡创新发展投资集团有限公司,7,nan
271071,23浏发03,浏阳市城乡发展集团有限责任公司,7,AA+
271073,G24厦轨1,厦门轨道建设发展集团有限公司,10,AAA
271075,24嘉兴01,嘉兴滨海控股集团有限公司,7,AA+
271078,23东车01,东阳市城市建设投资集团有限公司,7,AA+
271087,23桂北05,广西北部湾投资集团有限公司,5,AAA
271091,24长金债,浙江长兴创新投资集团有限公司,5,nan
271093,24淮联01,淮安市国有联合投资发展集团有限公司,7,AAA
271098,24平财01,平邑财金投资集团有限公司,7,AA+
271099,24良渚债,杭州良渚文化城集团有限公司,7,nan
271100,24金发01,湖南金阳新城建设发展集团有限公司,7,AA+
271101,24泉翼01,泉州市南翼投资集团有限公司,7,AA+
271102,24瑞金01,瑞金市国控建设投资有限公司,7,AAA
271103,24瑞金02,瑞金市国控建设投资有限公司,7,AAA
271106,24合盛01,景德镇合盛产业投资发展有限公司,7,AAA
271107,24赣交01,江西省交通投资集团有限责任公司,10,AAA
271111,G24南湖1,嘉兴市南湖城市建设投资集团有限公司,7,AA+
271112,G24航建1,西安航空城建设发展(集团)有限公司,7,AAA
271113,24绍交01,绍兴市交通控股集团有限公司,7,nan
271114,24镜湖债,绍兴市镜湖开发集团有限公司,10,AAA
271115,24鹤投01,鹤壁投资集团有限公司,7,AAA
271117,G24萧交1,杭州萧山交通投资集团有限公司,7,AA+
271118,24新锦01,杭州市临安区新锦产业发展集团有限公司,7,AA+
271119,G24温岭1,温岭市国有资产投资集团有限公司,7,AA+
271120,24龙游01,龙游县国有资产经营有限公司,7,AAA
271121,24安通01,安吉县交通投资发展集团有限公司,7,AAA
271125,24永业01,兴宁市永业基础设施建设投资有限公司,7,AAA
271126,24湔投01,成都湔江投资集团有限公司,7,AA+
271127,24蓉产01,成都产业投资集团有限公司,7,nan
271128,24城厢01,莆田市城厢区城乡建设投资集团有限公司,5,AAA
271129,24青信03,青岛国信发展(集团)有限责任公司,5,AAA
271131,24东车01,东阳市城市建设投资集团有限公司,7,AA+
271134,24电建01,中国电力建设股份有限公司,10,AAA
271135,24萍创债,萍乡创新发展投资集团有限公司,7,nan
271136,24钟投债,钟祥市城市建设投资公司,5,AAA
271137,24湖城债,湖州市城市投资发展集团有限公司,7,AAA
271138,24扬州债,扬州市城建国有资产控股(集团)有限责任公司,10,AAA
271140,24扬子03,南京扬子国资投资集团有限责任公司,5,AAA
271141,24南园债,南安市园区开发建设集团有限责任公司,3,nan
271142,24唐控01,唐山控股发展集团股份有限公司,7,AA+
271148,24川桥01,四川路桥建设集团股份有限公司,5,nan
271149,24赣交02,江西省交通投资集团有限责任公司,10,AAA
271150,24嘉塍债,嘉兴市嘉塍发展投资集团有限公司,7,AA+
271151,24济高01,济南高新控股集团有限公司,10,nan
271155,24河投债,遂宁市河东开发建设投资有限公司,7,AA
271156,24虞开01,绍兴市上虞杭州湾经开区控股集团有限公司,7,AA+
271157,G24厦轨2,厦门轨道建设发展集团有限公司,5,AAA
271159,24库停01,库尔勒城市建设(集团)有限责任公司,7,AA+
271160,24德达01,德州德达投资控股集团有限公司,10,AAA
271163,24河钢01,河钢集团有限公司,5,AAA
271168,24慢城01,江苏高淳国际慢城文化旅游产业投资集团有限公司,7,AAA
271169,24长产02,长江产业投资集团有限公司,10,AAA
271171,24雄集01,中国雄安集团有限公司,3,AAA
271172,24蓉产02,成都产业投资集团有限公司,10,nan
271175,24众联01,张家口众联国控资产管理集团有限公司,4,AAA
271179,24仙投01,福建省九仙产业投资发展集团有限公司,7,AAA
271180,24长产03,长江产业投资集团有限公司,10,nan
271182,24山高01,山东高速集团有限公司,20,AAA
271184,24海淀02,北京市海淀区国有资本运营有限公司,5,AAA
271185,24国晟01,洛阳国晟投资控股集团有限公司,7,nan
271186,24通商01,宁波通商控股集团有限公司,10,AAA
271188,24安义01,安义县城市建设投资发展集团有限公司,7,AAA
271190,24皖能01,安徽省能源集团有限公司,5,nan
271191,24赣投01,江西省投资集团有限公司,5,AAA
271192,24浦集02,上海浦东发展(集团)有限公司,5,nan
271193,24中原债,郑州中原发展投资(集团)有限公司,5,nan
271194,24山能01,山东能源集团有限公司,3,nan
271195,24山能02,山东能源集团有限公司,5,nan
271196,24金发03,湖南金阳新城建设发展集团有限公司,7,AA+
271197,24苏交03,江苏交通控股有限公司,5,nan
271198,24长融债,浙江长兴创新投资集团有限公司,5,nan
271201,G24扬州3,扬州市城建国有资产控股(集团)有限责任公司,10,AAA
271203,24雄集02,中国雄安集团有限公司,3,AAA
524000,24资产05,深圳资产管理有限公司,3,AAA
524001,24资产06,深圳资产管理有限公司,5,AAA
524002,24华能资01,华能资本服务有限公司,3,AAA
524003,24华能资02,华能资本服务有限公司,5,AAA
524004,24湘路D1,湖南省高速公路集团有限公司,0.67,nan
524005,24成交KY02,成都交通投资集团有限公司,nan,AAA
524006,24成交KY03,成都交通投资集团有限公司,nan,AAA
524007,24东北05,东北证券股份有限公司,3,AAA
524008,24西部05,西部证券股份有限公司,3,AAA
524011,24深业05,深业集团有限公司,5,nan
524012,24川投K2,四川省投资集团有限责任公司,5,nan
524013,24招租01,招商局融资租赁有限公司,3,nan
524014,24龙投控01,深圳市龙华投资控股(集团)有限公司,5,AA+
524015,24蓉金K1,成都交子金融控股集团有限公司,5,nan
524016,24蓉轨Y2,成都轨道交通集团有限公司,nan,AAA
524017,24川高V1,四川高速公路建设开发集团有限公司,10,AAA
524018,24浙建Y1,浙江省建设投资集团股份有限公司,nan,AA+
524019,24深担02,深圳担保集团有限公司,3,AAA
524021,24格力06,珠海格力集团有限公司,3,nan
524022,24深环01,深圳市环境水务集团有限公司,10,AAA
524023,24福投09,福建省投资开发集团有限责任公司,3,nan
524024,24深投11,深圳市投资控股有限公司,3,AAA
524025,24深投12,深圳市投资控股有限公司,15,AAA
524026,24金街09,金融街控股股份有限公司,5,AAA
524027,24资产07,深圳资产管理有限公司,3,AAA
524028,24资产08,深圳资产管理有限公司,5,AAA
524029,24广发12,广发证券股份有限公司,2,AAA
524030,24广发13,广发证券股份有限公司,3,AAA
524031,24鞍矿K2,鞍钢集团矿业有限公司,5,nan
524032,24深能Y2,深圳能源集团股份有限公司,nan,AAA
524033,24润置01,华润置地控股有限公司,3,AAA
524034,24润置02,华润置地控股有限公司,10,AAA
524036,24顺控05,广东顺德控股集团有限公司,5,nan
524037,24中海03,中海企业发展集团有限公司,5,AAA
524038,24中海04,中海企业发展集团有限公司,10,AAA
524041,24格力07,珠海格力集团有限公司,3,nan
524042,24蓉金05,成都交子金融控股集团有限公司,5,nan
524043,24兴城YK05,成都兴城投资集团有限公司,nan,nan
524044,24兴城YK06,成都兴城投资集团有限公司,nan,nan
524045,24岸资01,武汉市江岸国有资产经营管理有限责任公司,5,nan
524046,24皮城01,海宁中国皮革城股份有限公司,3,nan
524048,24工控K7,广州工业投资控股集团有限公司,7,AAA
524050,24鞍钢集K6,鞍钢集团有限公司,5,nan
524051,24申宏03,申万宏源集团股份有限公司,2,AAA
524053,24山证05,山西证券股份有限公司,3,nan
524054,24深环水02,深圳市环境水务集团有限公司,10,AAA
524056,24川高KY02,四川高速公路建设开发集团有限公司,nan,AAA
524060,24东财证券11,东方财富证券股份有限公司,2,AAA
524061,24东财证券12,东方财富证券股份有限公司,5,AAA
524062,24华股04,华西证券股份有限公司,3,AAA
524063,24润药Y1,华润医药商业集团有限公司,nan,AAA
524064,24润药Y2,华润医药商业集团有限公司,nan,AAA
524065,24锡公Y2,无锡市市政公用产业集团有限公司,nan,nan
524066,24粤航06,广东省港航集团有限公司,5,nan
524067,24川生K1,四川省生态环保产业集团有限责任公司,3,AAA
524069,24工控资本02,广州工控资本管理有限公司,3,nan
524070,24山路02,山东高速路桥集团股份有限公司,3,AAA
524075,24深环水03,深圳市环境水务集团有限公司,10,AAA
524076,24龙岗01,深圳市龙岗区城市建设投资集团有限公司,5,AAA
524078,24铁隧Y1,中铁隧道局集团有限公司,nan,nan
524079,24铁隧Y2,中铁隧道局集团有限公司,nan,nan
524080,24广建03,广东省建筑工程集团控股有限公司,3,nan
524081,24格力08,珠海格力集团有限公司,5,nan
524082,24粤科01,广东省粤科金融集团有限公司,3,nan
524083,24越资Y1,广州越秀资本控股集团股份有限公司,nan,AAA
524084,24广发14,广发证券股份有限公司,1.53,AAA
821001,24京资01,北京市国有资产经营有限责任公司,3,nan
821002,24京投01,北京市基础设施投资有限公司,3,AAA
821003,24智都01,广州智都投资控股集团有限公司,7,AA+
821004,S24国管1,北京国有资本运营管理有限公司,0.08,nan
821005,S24京能1,北京能源集团有限责任公司,0.08,nan
821006,24智都02,广州智都投资控股集团有限公司,7,AA+
821007,24京建01,北京建工集团有限责任公司,10,AAA
821008,24京投02,北京市基础设施投资有限公司,5,AAA
821009,S24首农1,北京首农食品集团有限公司,0.08,nan
